# Blender 5.1.2
# www.blender.org
mtllib gba.mtl
o shell_Object_2
v -1.040625 0.662429 0.057097
v -1.036090 0.662579 0.057097
v -1.039799 0.662056 0.056962
v -1.043402 0.661542 0.056871
v -1.047945 0.660434 0.056613
v -1.043402 0.661542 -0.113871
v -1.050202 0.659884 0.056522
v -1.058113 0.657951 0.056253
v -1.063979 0.659148 0.056613
v -1.054489 0.658838 0.056376
v -1.051377 0.660212 0.056613
v -1.055720 0.661453 0.057097
v -1.024463 0.598500 -0.124839
v -1.025103 0.596904 -0.124839
v -1.041551 0.601869 -0.124462
v -1.042832 0.663404 0.057581
v -1.058853 0.662429 0.057581
v 1.122081 -0.605948 0.077957
v 1.113750 -0.615701 0.079677
v 1.117808 -0.616499 0.077957
v -1.089399 -0.602933 0.084086
v -1.076298 -0.595219 0.085215
v -1.090396 -0.595219 0.084086
v -1.075443 -0.601603 0.085215
v -1.059850 -0.600185 0.086129
v -1.072880 -0.607899 0.085215
v -1.060491 -0.595219 0.086129
v -1.057856 -0.604973 0.086129
v -1.042904 -0.598589 0.086828
v -1.101290 -0.603997 0.082796
v -1.097730 -0.612598 0.082796
v -1.102429 -0.595219 0.082796
v -1.122081 -0.605948 0.077957
v -1.123505 -0.595219 0.077957
v -1.123505 -0.606125 0.076237
v -1.119233 -0.595219 0.079677
v -1.125000 -0.595219 0.076237
v -1.117809 -0.605594 0.079677
v 1.107270 0.655335 0.122527
v 1.098156 0.657552 0.122527
v 1.101004 0.654892 0.123011
v 1.092531 0.656931 0.123011
v 1.084770 0.656133 0.123494
v 1.092531 0.654271 0.123494
v 1.092033 0.631750 -0.118925
v 1.074446 0.635119 -0.120430
v 1.081281 0.639198 -0.118925
v 1.068750 0.645493 -0.118925
v 1.072951 0.648863 -0.117312
v 1.086337 0.642124 -0.117312
v 1.110830 -0.626519 0.077957
v 1.101289 -0.635740 0.077957
v 1.112112 -0.626873 0.076236
v 1.106985 -0.625366 0.079677
v 1.075443 0.650991 -0.115591
v 1.057856 0.654360 -0.117312
v 1.076297 0.651700 -0.113871
v 1.059849 0.656577 -0.115591
v 1.090395 0.644518 -0.113871
v 1.106985 -0.614371 0.081290
v 1.100648 -0.623415 0.081290
v 1.060490 0.657375 -0.113871
v 1.092033 -0.620844 0.082796
v 1.097800 -0.612598 0.082796
v 1.047674 0.628381 -0.122849
v 1.056004 0.635119 -0.121720
v 1.065973 0.630065 -0.121720
v 1.056004 0.624213 -0.122849
v 1.074446 0.624213 -0.121720
v 1.063053 0.619248 -0.122849
v 1.072951 -0.648863 0.079677
v 1.089398 -0.643986 0.077957
v 1.086337 -0.642124 0.079677
v 1.032721 0.642124 -0.121720
v 1.050237 0.645493 -0.120430
v 1.044826 0.639198 -0.121720
v 1.063053 0.640883 -0.120430
v 1.081281 -0.639198 0.081290
v 1.068750 -0.645493 0.081290
v -1.039415 0.604973 -0.124462
v -1.050238 0.613839 -0.123763
v -1.036425 0.607810 -0.124462
v -1.044755 0.617563 -0.123763
v -1.044114 0.663936 0.058172
v -1.044613 0.664202 0.058710
v -1.026812 0.664823 0.058710
v -1.032651 0.610381 -0.124462
v -1.026599 0.664557 0.058172
v -1.008584 0.665000 0.058710
v -1.011439 0.664778 0.058172
v -1.069533 0.341633 0.123011
v -1.075159 0.344204 0.123495
v -1.081923 0.343229 0.123011
v -1.063979 0.342785 0.123495
v 0.837954 0.337110 0.121935
v 0.836936 0.337731 0.122527
v 0.838246 0.336933 0.121398
v 0.838246 0.336933 0.087365
v 0.835198 0.338795 0.123011
v 0.833019 0.340125 0.123494
v 0.830122 0.341899 0.123925
v 0.826789 0.343938 0.124301
v 0.823165 0.346155 0.124623
v 0.819099 0.348637 0.124839
v 0.814898 0.351209 0.124946
v 0.810548 0.353869 0.125000
v 0.713093 0.413453 0.125000
v 0.713093 0.413453 0.076505
v 0.516147 0.474810 0.125000
v 0.516147 0.474810 0.076505
v 0.267935 0.514178 0.076505
v 0.267935 0.514178 0.125000
v 1.006875 0.595131 -0.125000
v 1.006875 -0.595219 -0.125000
v -1.006875 0.595131 -0.125000
v -1.006875 -0.595219 -0.125000
v -1.008584 0.655690 0.124624
v -1.008584 0.653296 0.124839
v 1.008655 0.655690 0.124623
v -1.084771 0.345800 0.123495
v -1.043402 0.595131 -0.124462
v -1.059850 0.600096 -0.123763
v -1.042904 0.598500 -0.124462
v -1.060491 0.595131 -0.123763
v -1.054652 0.609583 -0.123763
v -1.066828 0.345445 0.123925
v -1.057002 0.344204 0.123925
v -1.075159 0.346864 0.123925
v -1.081923 0.348460 0.123925
v -1.055934 0.624213 -0.122849
v -1.057002 0.346864 0.124301
v -1.060775 0.338973 0.121935
v -1.076155 0.340303 0.121935
v -1.061416 0.338795 0.121398
v -1.073663 0.340835 0.122527
v -1.077010 0.340125 0.121398
v -1.089898 0.342076 0.121935
v -1.090894 0.341899 0.121398
v -1.058853 0.339505 0.122527
v -1.086907 0.342519 0.122527
v -1.015277 0.626519 -0.123763
v -1.017698 0.635740 -0.122849
v -1.006875 0.636183 -0.122849
v -1.006875 0.644518 -0.121720
v -1.006875 0.626873 -0.123763
v -1.101575 0.344027 0.121935
v -1.102785 0.343938 0.121398
v 1.076226 0.649572 0.124301
v 1.089897 0.649927 0.123925
v 1.086906 0.651700 0.123925
v -1.111045 0.346243 0.121935
v 1.077009 0.648064 0.124301
v 1.090894 0.648064 0.123925
v -1.112326 0.346155 0.121398
v -1.098157 0.344381 0.122527
v -1.107200 0.346598 0.122527
v 1.081922 0.658705 0.123011
v -1.101005 0.347041 0.123011
v 1.081922 0.653473 0.123925
v 1.075229 0.655069 0.123925
v -1.092532 0.345002 0.123011
v -1.113679 -0.615701 0.079677
v -1.110831 -0.604884 0.081290
v -1.112113 -0.595219 0.081290
v -1.048813 0.345800 0.124301
v -1.063979 0.348017 0.124301
v -1.069533 0.349347 0.124301
v -1.058853 0.351475 0.124624
v -1.073663 0.350854 0.124301
v -1.055720 0.350411 0.124624
v -1.060775 0.352716 0.124624
v 1.063979 0.659148 0.123494
v 1.075229 0.657729 0.123494
v 1.069604 0.660212 0.123011
v 1.060490 -0.657375 -0.113871
v 1.043401 -0.661631 -0.113871
v 1.059849 -0.656665 -0.115591
v 1.025387 -0.664113 -0.031075
v 1.006875 -0.665000 -0.031075
v 1.025387 -0.664113 -0.113871
v 1.050237 -0.645493 -0.120430
v 1.054652 -0.650636 -0.118925
v 1.039414 -0.654360 -0.118925
v 1.041621 -0.658350 -0.117312
v 1.024462 -0.660744 -0.117312
v 1.023322 -0.656665 -0.118925
v 1.057856 -0.654360 -0.117312
v 1.025102 -0.663315 -0.115591
v 1.006875 -0.661631 -0.117312
v 1.072951 -0.648863 -0.117312
v 1.042903 -0.660744 -0.115591
v -1.043402 0.337687 0.086828
v -1.043402 -0.595219 0.086828
v -1.026812 0.337110 0.087172
v -0.880363 0.283911 0.087366
v -0.880363 0.283911 0.076505
v -0.853790 0.336135 0.076505
v -0.853790 0.336135 0.087366
v -0.897366 0.283911 0.087366
v -0.897366 0.283911 0.076505
v -0.852487 0.336933 0.087366
v 1.006875 -0.664113 -0.115591
v -0.897366 -0.558866 0.076505
v -0.897366 -0.558866 0.087366
v -1.090396 0.341837 0.084086
v -1.076298 0.340063 0.085215
v -1.102785 0.343938 0.082742
v -1.102429 0.343876 0.082796
v 1.006875 -0.657375 -0.118925
v 1.006875 -0.665000 -0.113871
v -1.061416 0.338795 0.086075
v -1.060491 0.338733 0.086129
v 1.008655 0.336933 0.087349
v 1.008655 0.336933 0.121398
v 1.006875 0.336933 0.087365
v 1.074446 -0.635119 0.082796
v 1.092033 -0.631750 0.081290
v 1.084200 -0.628381 0.082796
v 1.081281 -0.617563 0.084086
v 1.086337 -0.610470 0.084086
v 1.074446 -0.624213 0.084086
v 1.065973 -0.630065 0.084086
v 1.075443 -0.650991 0.077957
v 1.090395 -0.644518 0.076236
v 1.076297 -0.651700 0.076236
v 1.063053 -0.640883 0.082796
v 1.050237 -0.645493 0.082796
v 1.056004 -0.635119 0.084086
v 1.044826 -0.639198 0.084086
v 1.068750 -0.613839 0.085215
v 1.072951 -0.607899 0.085215
v 1.063053 -0.619337 0.085215
v 1.047674 -0.628381 0.085215
v 1.050237 -0.613839 0.086129
v 1.044826 -0.617563 0.086129
v 1.123576 -0.595219 0.077957
v 1.125000 -0.595219 0.076236
v 1.117808 -0.605594 0.079677
v 1.123576 -0.606125 0.076236
v 1.119232 -0.595219 0.079677
v 1.069604 0.652587 0.124301
v 1.073663 0.651079 0.124301
v 1.058852 0.650370 0.124623
v 1.061487 0.648064 0.124623
v 1.057001 0.657729 0.123925
v 1.066827 0.656488 0.123925
v -1.086907 0.350145 0.123925
v -1.076155 0.352361 0.124301
v -1.089898 0.352007 0.123925
v -1.077010 0.353869 0.124301
v -1.090894 0.353869 0.123925
v 1.063979 0.653917 0.124301
v -1.061416 0.353869 0.124624
v 1.060846 0.649217 0.124623
v -1.092532 0.347662 0.123495
v -1.098157 0.349613 0.123495
v -1.107200 0.349258 0.123011
v -1.101575 0.351741 0.123495
v -1.111045 0.351563 0.123011
v -1.102785 0.353869 0.123495
v -1.112326 0.353869 0.123011
v 1.060846 0.662961 0.121935
v 1.076226 0.661542 0.121935
v 1.061487 0.663138 0.121398
v -1.006875 0.651700 -0.120430
v -1.019905 0.643897 -0.121720
v -1.113893 0.348903 0.122527
v -1.117951 0.348726 0.121935
v -1.119304 0.348637 0.121398
v -1.122152 0.351297 0.121935
v -1.123576 0.351209 0.121398
v -1.123576 0.353869 0.121935
v -1.125000 0.353869 0.121398
v -1.117951 0.351386 0.122527
v -1.119304 0.353869 0.122527
v -1.023466 0.614371 -0.124462
v -1.031226 0.623415 -0.123763
v -1.023466 0.625277 -0.123763
v -1.125000 0.648064 0.121398
v -1.125000 0.353869 0.076237
v -1.123576 0.351209 0.077876
v -1.028307 0.634233 -0.122849
v -1.123576 0.648064 0.121935
v -1.038418 0.631750 -0.122849
v -1.090894 0.341899 0.084032
v -1.032651 0.642124 -0.121720
v -1.077010 0.340125 0.085156
v -1.041551 0.658350 -0.117312
v -1.025103 0.663315 -0.115591
v -1.024463 0.660744 -0.117312
v -1.006875 0.664113 -0.115591
v -1.006875 0.665000 -0.113871
v -1.006875 0.661542 -0.117312
v -1.025316 0.664113 -0.113871
v 1.054652 0.650636 -0.118925
v -1.021828 0.650991 -0.120430
v -1.036425 0.648863 -0.120430
v -1.006875 0.657375 -0.118925
v 1.042903 0.660744 -0.115591
v 1.041621 0.658350 -0.117312
v -1.039415 0.654360 -0.118925
v -1.023323 0.656577 -0.118925
v 1.043401 0.661542 -0.113871
v -1.038418 0.620844 -0.123763
v -1.047674 0.628381 -0.122849
v 1.023465 0.625277 -0.123763
v 1.028306 0.634233 -0.122849
v 1.038417 0.631750 -0.122849
v -1.044755 0.639198 -0.121720
v 1.031226 0.623415 -0.123763
v 1.038417 0.620844 -0.123763
v -1.055934 0.635119 -0.121720
v -1.050238 0.645493 -0.120430
v -0.007121 0.527744 0.076505
v -0.007121 0.527744 0.125000
v 1.106985 -0.625366 -0.117312
v 1.101289 -0.635740 -0.115591
v 1.097800 -0.634233 -0.117312
v 1.019976 0.643897 -0.121720
v 1.036424 0.648863 -0.120430
v 1.110830 -0.626519 -0.115591
v 1.102428 -0.636183 -0.113871
v -1.008584 0.657995 0.124301
v 1.039414 0.654360 -0.118925
v 1.101289 -0.603997 -0.120430
v 1.106985 -0.614371 -0.118925
v 1.097800 -0.612598 -0.120430
v 1.100648 -0.623415 -0.118925
v 1.023322 0.656577 -0.118925
v 1.024462 0.660744 -0.117312
v 1.113750 -0.615701 -0.117312
v 1.025102 0.663315 -0.115591
v 1.006875 0.661542 -0.117312
v -0.852487 0.336933 0.121398
v -1.006875 0.336933 0.087366
v -1.008584 0.336933 0.121398
v -1.008584 0.336933 0.087349
v 1.117808 -0.616499 -0.115591
v 1.025387 0.664113 -0.113871
v 1.119232 -0.616765 -0.113871
v 1.112112 -0.626873 -0.113871
v 1.015276 0.626519 -0.123763
v 1.017769 0.635740 -0.122849
v 1.086337 -0.642124 -0.117312
v 1.092033 -0.631750 -0.118925
v 1.081281 -0.639198 -0.118925
v 1.125000 0.595131 0.058710
v 1.125000 0.353869 0.121398
v 1.125000 0.353869 0.076236
v 1.125000 0.648064 0.121398
v 1.125000 0.648064 0.058710
v 1.089398 -0.643986 -0.115591
v 1.090395 -0.644518 -0.113871
v 1.008655 0.353869 0.125000
v 1.008655 0.648064 0.125000
v 1.086337 -0.610470 -0.121720
v 1.092033 -0.620844 -0.120430
v 1.081281 -0.617563 -0.121720
v 1.089398 -0.602933 -0.121720
v 1.084200 -0.628381 -0.120430
v 1.077009 0.661719 0.121398
v 1.089897 0.659857 0.121935
v 1.090894 0.660035 0.121398
v 1.074446 -0.635119 -0.120430
v 1.063053 -0.640883 -0.120430
v 1.065973 -0.630065 -0.121720
v -0.282176 0.514178 0.076505
v -0.282176 0.514178 0.125000
v -0.530388 0.474810 0.125000
v 1.073663 0.661099 0.122527
v 1.058852 0.662429 0.122527
v 1.086906 0.659414 0.122527
v 1.112112 0.626873 0.057086
v 1.112112 0.626873 -0.113871
v 1.102784 0.635838 0.056613
v 1.102428 0.636183 0.056602
v 1.112326 0.626572 0.057097
v 1.112326 0.648064 0.057097
v 1.113892 0.653030 0.057580
v 1.117951 0.653207 0.058172
v 1.122152 0.650636 0.058172
v 1.117951 0.650548 0.057580
v 1.123576 0.648064 0.058172
v 1.119304 0.648064 0.057580
v -1.123505 0.351164 0.077957
v -1.119233 0.348611 0.079677
v -1.112326 0.346155 0.081242
v -1.112113 0.346101 0.081290
v 1.110830 -0.604884 0.081290
v 1.112112 -0.595219 0.081290
v 1.101289 -0.603997 0.082796
v 1.102428 -0.595219 0.082796
v -1.119304 0.348637 0.079651
v -1.112326 0.648064 0.123011
v -1.090894 0.648064 0.123925
v 1.089398 -0.602933 0.084086
v 1.090395 -0.595219 0.084086
v 1.076297 -0.595219 0.085215
v 1.075443 -0.601603 0.085215
v -1.119233 0.616765 0.057575
v -1.123505 0.606125 -0.113871
v -1.119304 0.616588 0.057581
v -1.123576 0.605602 0.058172
v -1.123505 0.606125 0.058161
v -1.125000 0.595131 -0.113871
v 1.059849 -0.600185 0.086129
v -1.119304 0.648064 0.057581
v 1.060490 -0.595219 0.086129
v -1.123576 0.648064 0.058172
v -1.125000 0.595131 0.058710
v -1.125000 0.648064 0.058710
v -0.530388 0.474810 0.076505
v -1.061416 0.648064 0.124624
v -1.044114 0.648863 0.124839
v -1.060775 0.649217 0.124624
v -1.063979 0.659148 0.123495
v -1.051377 0.660212 0.123495
v -1.069533 0.660212 0.123011
v -1.008584 0.660035 0.123925
v 1.008655 0.660035 0.123925
v -1.008584 0.648064 0.125000
v -1.008584 0.650636 0.124946
v -0.727334 0.413453 0.076505
v -1.048813 0.656133 0.124301
v -1.057002 0.657729 0.123925
v -1.066828 0.656488 0.123925
v 1.008655 0.664202 0.122527
v 1.008655 0.664823 0.121935
v -1.008584 0.664202 0.122527
v -1.008584 0.663138 0.123011
v 1.008655 0.663138 0.123011
v -1.063979 0.653917 0.124301
v -1.051377 0.652587 0.124624
v -1.045965 0.653473 0.124624
v -1.039700 0.654271 0.124624
v -1.057002 0.655069 0.124301
v -0.727334 0.413453 0.125000
v -1.008584 0.661719 0.123495
v -1.058853 0.650370 0.124624
v -1.076155 0.649572 0.124301
v -0.824789 0.353869 0.125000
v -1.008584 0.353869 0.125000
v 1.112326 0.346155 0.121398
v 1.101645 0.344027 0.121935
v 1.102784 0.343938 0.121398
v 1.111044 0.346243 0.121935
v 1.098156 0.344381 0.122527
v 1.092531 0.345002 0.123011
v 1.081922 0.343229 0.123011
v 1.107270 0.346598 0.122527
v -1.054652 0.650636 -0.118925
v -1.057856 0.654360 -0.117312
v -1.042904 0.660744 -0.115591
v -1.057856 0.604973 -0.123763
v -1.072880 0.607810 -0.122849
v -1.068750 0.613839 -0.122849
v 1.119304 0.653296 0.058710
v 1.111044 0.655601 0.058172
v 1.006875 0.626873 -0.123763
v 1.006875 0.636183 -0.122849
v 1.123576 0.650636 0.058710
v 1.119304 0.653296 0.121398
v 1.112326 0.655690 0.058710
v 1.112326 0.655690 0.121398
v 1.123576 0.650636 0.121398
v 1.006875 0.644518 -0.121720
v 1.006875 0.651700 -0.120430
v 1.021827 0.650991 -0.120430
v 1.107270 0.652675 0.057097
v 1.068750 -0.645493 -0.118925
v 1.006875 0.657375 -0.118925
v 1.111044 0.650370 0.057097
v 1.107270 0.655335 0.057580
v 1.006875 0.664113 -0.115591
v 1.075443 -0.650991 -0.115591
v 1.006875 0.665000 -0.113871
v 1.102784 0.648064 0.056613
v 1.098156 0.652232 0.056613
v 1.101645 0.650193 0.056613
v 1.076297 -0.651700 -0.113871
v -0.833340 0.348637 0.124839
v -0.829140 0.351209 0.124946
v -1.075159 0.657729 0.123495
v -1.008584 0.348637 0.124839
v -1.008584 0.351209 0.124946
v -1.075159 0.655069 0.123925
v -0.852195 0.337110 0.121935
v -0.851177 0.337731 0.122527
v -0.841030 0.343938 0.124301
v -0.844363 0.341899 0.123925
v -0.849439 0.338795 0.123011
v -0.837406 0.346155 0.124624
v -0.847261 0.340125 0.123495
v 1.011503 0.650636 0.124946
v 1.008655 0.653296 0.124838
v -1.008584 0.337731 0.122527
v -1.008584 0.338795 0.123011
v -1.008584 0.340125 0.123495
v 1.054652 -0.650636 0.081290
v 1.032721 -0.642124 0.084086
v 1.038417 -0.631750 0.085215
v 1.028306 -0.634233 0.085215
v 1.056004 -0.624213 0.085215
v 1.054652 -0.609583 0.086129
v 1.057856 -0.604973 0.086129
v 1.032721 -0.610470 0.086828
v 1.036424 -0.648863 0.082796
v -1.102785 0.648064 0.123495
v -1.077010 0.648064 0.124301
v 1.006875 0.606125 -0.124839
v 1.023465 -0.625366 0.086129
v -1.073663 0.651079 0.124301
v 1.015276 -0.626519 0.086129
v 1.038417 -0.620844 0.086129
v 1.031226 -0.623415 0.086129
v 1.023465 -0.614371 0.086828
v -1.081923 0.658705 0.123011
v 1.036424 -0.607899 0.086828
v 1.028306 -0.612598 0.086828
v -1.081923 0.653473 0.123925
v -1.069533 0.652587 0.124301
v 1.012571 -0.616499 0.086828
v -1.084771 0.656133 0.123495
v -1.092532 0.656931 0.123011
v -1.006875 -0.657375 -0.118925
v -1.006875 -0.661631 -0.117312
v -1.006875 -0.664113 -0.115591
v -1.089898 0.649927 0.123925
v -1.086907 0.651700 0.123925
v -1.098157 0.652232 0.123495
v 1.075229 0.344204 0.123494
v 1.084770 0.345800 0.123494
v -1.076298 0.595131 -0.122849
v -1.075443 0.601603 -0.122849
v -1.089399 0.602933 -0.121720
v -1.090396 0.595131 -0.121720
v -1.086337 0.610381 -0.121720
v -1.081282 0.617563 -0.121720
v -1.101290 0.603997 -0.120430
v -1.097730 0.612598 -0.120430
v -1.006875 -0.665000 -0.113871
v -1.119233 0.595131 -0.117312
v -1.117809 0.605594 -0.117312
v -1.112113 0.595131 -0.118925
v -1.122081 0.605948 -0.115591
v -1.123505 0.595131 -0.115591
v -1.025316 -0.664113 -0.113871
v -1.102429 0.595131 -0.120430
v -1.106986 0.614371 -0.118925
v -1.110831 0.604884 -0.118925
v -1.100649 0.623415 -0.118925
v 1.072951 -0.607899 -0.122849
v 1.075443 -0.601603 -0.122849
v 1.068750 -0.613839 -0.122849
v 1.074446 -0.624213 -0.121720
v 1.063053 -0.619337 -0.122849
v -1.113679 0.615701 -0.117312
v -1.117809 0.616499 -0.115591
v -1.119233 0.616765 -0.113871
v 1.123576 -0.595219 -0.115591
v 1.122081 -0.605948 -0.115591
v 1.119232 -0.595219 -0.117312
v 1.117808 -0.605594 -0.117312
v 1.123576 -0.606125 -0.113871
v -1.063054 0.619248 -0.122849
v 1.125000 -0.595219 -0.113871
v -1.074446 0.624213 -0.121720
v -1.065902 0.630065 -0.121720
v 1.102428 -0.595219 -0.120430
v 1.112112 -0.595219 -0.118925
v 1.110830 -0.604884 -0.118925
v 1.063979 0.342785 0.123494
v 1.069604 0.341633 0.123011
v 1.066827 0.345445 0.123925
v 1.057001 0.344204 0.123925
v 1.045965 0.343229 0.123925
v 1.089897 0.342076 0.121935
v 1.090894 0.341899 0.121398
v 1.076226 0.340303 0.121935
v 1.077009 0.340125 0.121398
v 1.060846 0.338973 0.121935
v 1.061487 0.338795 0.121398
v 1.044113 0.337997 0.121935
v 1.086906 0.342519 0.122527
v 1.073663 0.340835 0.122527
v 1.058852 0.339505 0.122527
v 1.112326 0.353869 0.123011
v 1.101645 0.351741 0.123494
v 1.111044 0.351563 0.123011
v 1.102784 0.353869 0.123494
v 1.098156 0.349613 0.123494
v 1.107270 0.349258 0.123011
v 1.112326 0.648064 0.123011
v 1.101004 0.654892 0.057097
v 1.098156 0.657552 0.057580
v 1.101645 0.657907 0.058172
v 1.102784 0.657995 0.058710
v -1.008584 0.341899 0.123925
v -1.008584 0.343938 0.124301
v -1.019336 0.344027 0.124301
v -1.008584 0.346155 0.124624
v -1.016915 0.346243 0.124624
v -1.008584 0.337110 0.121935
v -1.024818 0.338973 0.123011
v 1.086906 0.651700 0.056183
v 1.089897 0.649927 0.056183
v 1.102428 0.636183 -0.113871
v 1.090894 0.644172 0.056183
v 1.090894 0.648064 0.056183
v 1.090395 0.644518 0.056167
v 1.083431 0.648064 0.055978
v 1.092531 0.654271 0.056613
v 1.092531 0.656931 0.057097
v -1.090894 0.660035 0.121398
v -1.076155 0.661542 0.121935
v -1.077010 0.661719 0.121398
v -1.089898 0.659857 0.121935
v -1.024463 -0.660744 -0.117312
v -1.060775 0.662961 0.121935
v -1.061416 0.663138 0.121398
v 1.081922 0.658705 0.057097
v 1.086906 0.659414 0.057580
v -1.073663 0.661099 0.122527
v 1.089897 0.659857 0.058172
v -1.086907 0.659414 0.122527
v -1.058853 0.662429 0.122527
v 1.090894 0.660035 0.058710
v 1.076226 0.661542 0.058172
v -1.042832 0.663404 0.122527
v -1.098157 0.657552 0.122527
v 1.060490 -0.595219 -0.123763
v 1.076297 -0.595219 -0.122849
v 1.059849 -0.600185 -0.123763
v 1.057856 -0.604973 -0.123763
v -1.055720 0.661453 0.123011
v -1.040625 0.662429 0.123011
v 1.090395 -0.595219 -0.121720
v -1.023323 0.340303 0.123495
v -1.021472 0.342076 0.123925
v -1.034074 0.342519 0.123925
v -1.101575 0.650193 0.123495
v -1.029731 0.344381 0.124301
v -1.107200 0.652675 0.123011
v -1.092532 0.654271 0.123495
v -1.101005 0.654892 0.123011
v -1.024961 0.346598 0.124624
v -1.039700 0.345002 0.124301
v -1.032580 0.347041 0.124624
v -1.055720 0.340391 0.123011
v -1.037706 0.340835 0.123495
v -1.040625 0.339505 0.123011
v -1.051377 0.341633 0.123495
v -1.111045 0.650370 0.123011
v -1.117951 0.650548 0.122527
v -1.045965 0.343229 0.123925
v 1.090894 0.353869 0.123925
v -1.101575 0.657907 0.121935
v -1.102785 0.657995 0.121398
v 1.101004 0.347041 0.123011
v 1.092531 0.347662 0.123494
v 1.089897 0.352007 0.123925
v -1.111045 0.655601 0.121935
v -1.107200 0.655335 0.122527
v 1.081922 0.348460 0.123925
v 1.086906 0.350145 0.123925
v 1.123576 0.351209 0.121398
v 1.123576 0.351209 0.077957
v 1.123576 0.353869 0.121935
v 1.122152 0.351297 0.121935
v 1.117951 0.348726 0.121935
v 1.119304 0.348637 0.121398
v -1.023323 -0.656665 -0.118925
v -1.041551 -0.658350 -0.117312
v -1.039415 -0.654360 -0.118925
v 1.043401 -0.595219 0.086828
v 1.042903 -0.598589 0.086828
v 1.117951 0.351386 0.122527
v -1.025103 -0.663315 -0.115591
v 1.041621 -0.601869 0.086828
v -1.042904 -0.660744 -0.115591
v 1.039414 -0.604973 0.086828
v 1.023322 -0.600185 0.087204
v -1.059850 -0.656665 -0.115591
v -1.043402 -0.661631 -0.113871
v -1.060491 -0.657375 -0.113871
v 1.024462 -0.598589 0.087204
v 1.119304 0.353869 0.122527
v 1.113892 0.348903 0.122527
v -1.006875 -0.606125 -0.124839
v -1.006875 -0.644518 -0.121720
v 1.006875 -0.644518 -0.121720
v -1.006875 -0.651700 -0.120430
v 1.006875 -0.616765 -0.124462
v -1.006875 -0.626873 -0.123763
v -1.006875 -0.616765 -0.124462
v 1.006875 -0.636183 -0.122849
v -1.006875 -0.636183 -0.122849
v 1.006875 -0.651700 -0.120430
v -1.039700 0.347662 0.124624
v -1.025316 0.337093 0.087204
v -1.026812 0.337110 0.121398
v -1.026599 0.337377 0.121935
v -1.017698 -0.635740 -0.122849
v -1.032651 -0.642124 -0.121720
v -1.028307 -0.634233 -0.122849
v -1.025957 0.337997 0.122527
v -1.044114 0.337997 0.121935
v -1.021828 -0.650991 -0.120430
v -1.042832 0.338529 0.122527
v -1.044613 0.337731 0.121398
v -1.122152 0.650636 0.121935
v -1.123576 0.650636 0.121398
v -1.018125 -0.615701 -0.124462
v -1.023466 -0.614371 -0.124462
v -1.012572 -0.605594 -0.124839
v -1.014209 0.348726 0.124839
v -1.119304 0.648064 0.122527
v -1.015277 -0.626519 -0.123763
v -1.012572 -0.616499 -0.124462
v -1.011432 0.351297 0.124946
v -1.023466 -0.625366 -0.123763
v -1.113893 0.653030 0.122527
v -1.014209 0.351386 0.124946
v 1.081545 0.649022 0.055941
v 1.080270 0.649679 0.055919
v 1.078141 0.650760 0.055908
v -1.117951 0.653207 0.121935
v 1.077194 0.651248 0.055908
v -1.119304 0.653296 0.121398
v -1.112326 0.655690 0.121398
v 1.074531 0.652338 0.055914
v 1.081922 0.653473 0.056183
v -1.123576 0.650636 0.058710
v -1.119304 0.653296 0.058710
v 1.084770 0.656133 0.056613
v -1.102785 0.657995 0.058710
v 1.119304 0.648064 0.122527
v -1.060775 0.662961 0.058172
v -1.044613 0.664202 0.121398
v -1.060491 0.657375 -0.113871
v -1.060861 0.657242 0.056183
v -1.060491 0.657375 0.056199
v 1.076226 0.352361 0.124301
v 1.077009 0.353869 0.124301
v 1.073663 0.350854 0.124301
v -1.069533 0.660212 0.057097
v -1.073663 0.661099 0.057581
v 1.075229 0.346864 0.123925
v 1.063979 0.348017 0.124301
v -1.063054 0.640883 -0.120430
v 1.056004 -0.635119 -0.121720
v 1.069604 0.349347 0.124301
v 1.044826 -0.639198 -0.121720
v -1.068750 0.645493 -0.118925
v 1.060846 0.352716 0.124623
v -1.072880 0.648863 -0.117312
v -1.059850 0.656577 -0.115591
v 1.050237 -0.613839 -0.123763
v 1.054652 -0.609583 -0.123763
v 1.057001 0.346864 0.124301
v 1.051376 0.349347 0.124623
v 1.056004 -0.624213 -0.122849
v 1.044826 -0.617563 -0.123763
v 1.061487 0.353869 0.124623
v 1.047674 -0.628381 -0.122849
v -1.092034 0.620844 -0.120430
v 1.058852 0.351475 0.124623
v -1.084201 0.628381 -0.120430
v 1.055720 0.350411 0.124623
v -1.092034 0.631750 -0.118925
v -1.074446 0.635119 -0.120430
v -1.081282 0.639198 -0.118925
v 1.032721 -0.642124 -0.121720
v 1.038417 -0.631750 -0.122849
v 1.028306 -0.634233 -0.122849
v 1.044113 0.353071 0.124838
v 1.036424 -0.648863 -0.120430
v 1.021827 -0.650991 -0.120430
v 1.025102 -0.596904 0.087204
v 1.025387 -0.595219 0.087204
v 1.021827 -0.601603 0.087204
v 1.019976 -0.602933 0.087204
v 1.036424 -0.607899 -0.124462
v 1.032721 -0.610470 -0.124462
v 1.006875 -0.595219 0.087365
v 1.038417 -0.620844 -0.123763
v 1.028306 -0.612598 -0.124462
v 1.039414 -0.654360 0.081290
v 1.021827 -0.650991 0.082796
v 1.031226 -0.623415 -0.123763
v 1.019976 -0.643986 0.084086
v 1.023465 -0.614371 -0.124462
v 1.023465 -0.625366 -0.123763
v 1.006875 -0.644518 0.084086
v 1.006875 -0.636183 0.085215
v 1.006875 -0.651700 0.082796
v 1.017769 -0.635740 0.085215
v 1.006875 -0.626873 0.086129
v 1.025387 -0.595219 -0.124839
v 1.043401 -0.595219 -0.124462
v 1.042903 -0.598589 -0.124462
v 1.018196 -0.615701 0.086828
v 1.006875 -0.616765 0.086828
v -1.009795 -0.605948 -0.124839
v -1.015277 -0.604884 -0.124839
v -1.017698 -0.603997 -0.124839
v 1.015276 -0.604884 0.087204
v -1.024463 -0.598589 -0.124839
v -1.025103 -0.596904 -0.124839
v -1.025316 -0.595219 -0.124839
v 1.009794 -0.605948 0.087204
v 1.017769 -0.603997 0.087204
v -1.019905 -0.643986 -0.121720
v 1.012571 -0.605594 0.087204
v 1.006875 -0.606125 0.087204
v -1.044755 -0.639198 -0.121720
v -1.038418 -0.631750 -0.122849
v -1.036425 -0.648863 -0.120430
v 1.112112 0.346101 0.081290
v 1.102784 0.343938 0.082742
v 1.060490 0.338733 0.086129
v 1.044612 0.337731 0.086779
v -1.086337 0.642124 -0.117312
v 1.077009 0.661719 0.058710
v -1.075443 0.650991 -0.115591
v -1.089399 0.643897 -0.115591
v -1.076298 0.651700 -0.113871
v -1.090396 0.644518 -0.113871
v 1.070579 0.653757 0.055946
v 1.076297 0.651700 0.055914
v -1.106986 0.625277 -0.117312
v -1.097730 0.634233 -0.117312
v -1.110831 0.626519 -0.115591
v 1.075229 0.655069 0.056183
v -1.101290 0.635740 -0.115591
v 1.073121 0.652844 0.055914
v -1.112113 0.626873 -0.113871
v -1.102429 0.636183 -0.113871
v 1.075229 0.657729 0.056613
v 1.073663 0.661099 0.057580
v -1.028307 -0.612598 -0.124462
v 1.068757 0.654404 0.055968
v 1.066913 0.655069 0.056011
v 1.039770 -0.662127 -0.031075
v -1.031226 -0.623415 -0.123763
v 1.066827 0.656488 0.056183
v 1.119232 -0.616765 0.076236
v 1.063979 0.659148 0.056613
v 1.069604 0.660212 0.057097
v 1.102428 -0.636183 0.076236
v -1.032651 -0.610470 -0.124462
v -1.050238 -0.613839 -0.123763
v -1.036425 -0.607899 -0.124462
v -1.054652 -0.609583 -0.123763
v -1.047674 -0.628381 -0.122849
v 1.061487 0.663138 0.058710
v 1.064072 0.656089 0.056075
v 1.063160 0.656417 0.056107
v -1.050238 -0.645493 -0.120430
v -1.063054 -0.640883 -0.120430
v -1.016915 0.351563 0.124946
v -1.019336 0.351741 0.124946
v -1.021472 0.352007 0.124946
v -1.054652 -0.650636 -0.118925
v -1.026812 0.353869 0.124946
v -1.026599 0.353514 0.124946
v -1.068750 -0.645493 -0.118925
v -1.019763 0.348903 0.124839
v -1.038418 -0.620844 -0.123763
v -1.044755 -0.617563 -0.123763
v -1.024961 0.349258 0.124839
v -1.023323 0.352361 0.124946
v -1.024818 0.352716 0.124946
v -1.055934 -0.624213 -0.122849
v -1.068750 -0.613839 -0.122849
v -1.019905 -0.602933 -0.124839
v -1.021828 -0.601603 -0.124839
v -1.023323 -0.600185 -0.124839
v -1.029731 0.349613 0.124839
v -1.025957 0.353071 0.124946
v -1.034074 0.350145 0.124839
v -1.044114 0.353071 0.124839
v -1.044613 0.648064 0.124839
v -1.044613 0.353869 0.124839
v -1.045965 0.348460 0.124624
v -1.037706 0.350854 0.124839
v -1.061416 0.663138 0.058710
v -1.071463 0.653438 0.055936
v -1.068750 0.654413 0.055968
v -1.065724 0.655495 0.056038
v -1.064072 0.656089 0.056075
v -1.073115 0.652844 0.055914
v -1.075159 0.655069 0.056183
v -1.066828 0.656488 0.056183
v 1.061487 0.338795 0.086070
v 1.026811 0.337110 0.087172
v -1.075159 0.657729 0.056613
v 1.025387 0.337093 0.087204
v 1.102428 0.343876 0.082796
v 1.090894 0.341899 0.084032
v 1.090395 0.341837 0.084086
v 1.077009 0.340125 0.085156
v -1.076155 0.661542 0.058172
v 0.839549 0.336135 0.076505
v 0.839549 0.336135 0.087365
v 0.866072 0.283911 0.076505
v 0.866072 0.283911 0.087365
v 0.883053 0.283911 0.087365
v 0.883053 0.283911 0.076505
v 0.883053 -0.558866 0.076505
v -1.077010 0.661719 0.058710
v 0.883053 -0.558866 0.087365
v -1.082015 0.648792 0.055952
v -1.080264 0.649679 0.055919
v -1.079267 0.650184 0.055914
v -1.077195 0.651248 0.055909
v -1.006875 -0.595219 0.087366
v -1.076298 0.651700 0.055914
v 1.041621 -0.601869 -0.124462
v 1.039414 -0.604973 -0.124462
v -1.086907 0.651700 0.056183
v -1.081923 0.653473 0.056183
v 1.112326 0.346155 0.081242
v -1.076077 0.651780 0.055914
v 1.119232 0.348611 0.079677
v -1.084771 0.656133 0.056613
v 1.025102 -0.596904 -0.124839
v 1.024462 -0.598589 -0.124839
v 1.023322 -0.600185 -0.124839
v 1.021827 -0.601603 -0.124839
v 1.076297 0.340063 0.085215
v -1.081923 0.658705 0.057097
v 1.019976 -0.643986 -0.121720
v 1.017769 -0.635740 -0.122849
v -1.086907 0.659414 0.057581
v 1.119304 0.348637 0.079650
v -1.090396 0.644518 0.056167
v -1.083432 0.648064 0.055979
v -1.090894 0.644172 0.056183
v -1.090894 0.648064 0.056183
v 1.055720 0.340391 0.123011
v -1.089898 0.649927 0.056183
v 1.015276 -0.604884 -0.124839
v 1.018196 -0.615701 -0.124462
v 1.012571 -0.616499 -0.124462
v 1.009794 -0.605948 -0.124839
v 1.006875 -0.626873 -0.123763
v 1.015276 -0.626519 -0.123763
v 1.060860 0.657242 0.056183
v 1.019976 -0.602933 -0.124839
v 1.017769 -0.603997 -0.124839
v 1.059038 0.657729 0.056231
v 1.060490 0.657375 0.056199
v 1.012571 -0.605594 -0.124839
v 1.006875 -0.606125 -0.124839
v 1.055720 0.661453 0.057097
v 1.058852 0.662429 0.057580
v -1.040625 0.351475 0.124839
v -1.042832 0.352273 0.124839
v -1.051377 0.349347 0.124624
v -1.025316 -0.595219 0.087204
v -1.044613 0.337731 0.086780
v -1.006875 -0.644518 0.084086
v -1.006875 -0.664113 0.077957
v -1.006875 -0.665000 0.076237
v 1.006875 -0.665000 0.076236
v 1.006875 -0.664113 0.077957
v -1.006875 -0.661631 0.079677
v -1.006875 -0.606125 0.087204
v -1.006875 -0.657375 0.081290
v 1.006875 -0.657375 0.081290
v 1.006875 -0.661631 0.079677
v -1.025103 -0.663315 0.077957
v -1.025316 -0.664113 0.076237
v -1.042904 -0.660744 0.077957
v -1.039415 -0.604973 -0.124462
v 1.051376 0.341633 0.123494
v -1.041551 -0.601869 -0.124462
v 1.037705 0.340835 0.123494
v 1.034074 0.342519 0.123925
v -1.043402 -0.595219 -0.124462
v 1.040696 0.339505 0.123011
v -1.057856 -0.604973 -0.123763
v -1.042904 -0.598589 -0.124462
v -1.060491 -0.595219 -0.123763
v -1.092532 0.654271 0.056613
v -1.057856 -0.654360 -0.117312
v 1.060846 0.662961 0.058172
v -1.055934 -0.635119 -0.121720
v -1.065902 -0.630065 -0.121720
v 1.055720 0.651523 0.124623
v 1.051376 0.652587 0.124623
v 1.040696 0.650370 0.124838
v 1.042832 0.649661 0.124838
v 1.044113 0.648863 0.124838
v -1.072880 -0.648863 -0.117312
v 1.044612 0.648064 0.124838
v -1.075443 -0.650991 -0.115591
v 1.055720 0.661453 0.123011
v 1.051376 0.660212 0.123494
v -1.063054 -0.619337 -0.122849
v 1.048813 0.656133 0.124301
v 1.057001 0.655069 0.124301
v -1.092532 0.656931 0.057097
v -1.072880 -0.607899 -0.122849
v -1.074446 -0.624213 -0.121720
v -1.089898 0.659857 0.058172
v 1.045965 0.653473 0.124623
v 1.037705 0.651079 0.124838
v -1.090894 0.660035 0.058710
v -1.089399 -0.643986 -0.115591
v -1.076298 -0.651700 -0.113871
v -1.090396 -0.644518 -0.113871
v -1.086337 -0.642124 -0.117312
v -1.112113 0.626873 0.057086
v 1.026811 0.648064 0.124946
v 1.048813 0.345800 0.124301
v 1.039699 0.345002 0.124301
v -1.112326 0.626572 0.057097
v -1.112326 0.648064 0.057097
v -1.102785 0.635838 0.056613
v -1.102785 0.648064 0.056613
v 1.023322 0.340303 0.123494
v 1.024818 0.338973 0.123011
v -1.102429 0.636183 0.056602
v -1.101575 0.650193 0.056613
v -1.098157 0.652232 0.056613
v 1.021471 0.342076 0.123925
v -1.101005 0.654892 0.057097
v 1.029731 0.344381 0.124301
v -1.098157 0.657552 0.057581
v 1.019335 0.344027 0.124301
v 1.016914 0.346243 0.124623
v 1.032579 0.347041 0.124623
v 1.024960 0.346598 0.124623
v -1.101575 0.657907 0.058172
v 1.042832 0.338529 0.122527
v 1.044612 0.337731 0.121398
v 1.026598 0.337377 0.121935
v 1.026811 0.337110 0.121398
v -1.107200 0.652675 0.057097
v -1.107200 0.655335 0.057581
v 1.008655 0.665000 0.058710
v 1.006875 0.665000 0.058710
v 1.008655 0.665000 0.121398
v -1.111045 0.650370 0.057097
v -1.117951 0.650548 0.057581
v -1.113893 0.653030 0.057581
v -1.122152 0.650636 0.058172
v -1.117951 0.653207 0.058172
v -1.111045 0.655601 0.058172
v -1.112326 0.655690 0.058710
v -1.008584 0.665000 0.121398
v -1.006875 0.665000 0.058710
v -1.043402 -0.661631 0.076237
v -1.024463 -0.660744 0.079677
v -1.041551 -0.658350 0.079677
v -1.023323 -0.656665 0.081290
v -1.039415 -0.654360 0.081290
v -1.054652 -0.650636 0.081290
v -1.021828 -0.650991 0.082796
v -1.036425 -0.648863 0.082796
v -1.050238 -0.645493 0.082796
v -1.006875 -0.636183 0.085215
v -1.006875 -0.626873 0.086129
v -1.125000 -0.595219 -0.113871
v -1.006875 -0.651700 0.082796
v -1.017698 -0.635740 0.085215
v -1.015277 -0.626519 0.086129
v -0.747769 -0.665000 -0.031075
v -0.747769 -0.665000 0.022957
v -1.006875 -0.616765 0.086828
v -1.012572 -0.616499 0.086828
v -1.018125 -0.615701 0.086828
v 1.102428 0.595131 -0.120430
v 1.112112 0.595131 -0.118925
v 1.119232 0.595131 -0.117312
v -1.009795 -0.605948 0.087204
v -1.015277 -0.604884 0.087204
v -1.023466 -0.614371 0.086828
v 1.125000 0.595131 -0.113871
v 1.025387 -0.664113 0.022957
v 1.039770 -0.662127 0.022957
v 1.025387 -0.664113 0.076236
v -1.012572 -0.605594 0.087204
v 1.060490 0.595131 -0.123763
v 1.043401 -0.661631 0.076236
v 1.060490 -0.657375 0.076236
v 1.076297 0.595131 -0.122849
v -1.017698 -0.603997 0.087204
v 1.123576 0.595131 -0.115591
v 1.090395 0.595131 -0.121720
v 1.025957 0.337997 0.122527
v 1.101289 0.603997 -0.120430
v 1.008655 0.337731 0.122527
v 1.123576 0.606125 -0.113871
v 1.122081 0.605948 -0.115591
v 1.008655 0.338795 0.123011
v 1.040696 0.662429 0.123011
v 1.037705 0.661099 0.123494
v 1.045965 0.658705 0.123925
v -1.023323 0.649572 0.124946
v -1.024818 0.649217 0.124946
v -1.021472 0.649927 0.124946
v 1.039699 0.656931 0.124301
v -1.016915 0.650370 0.124946
v -1.019336 0.650193 0.124946
v -1.014209 0.650548 0.124946
v 1.039699 0.654271 0.124623
v -1.011432 0.650636 0.124946
v -1.023323 0.661542 0.123495
v 1.034074 0.651700 0.124838
v -1.016915 0.655601 0.124624
v 1.025957 0.648863 0.124946
v 1.026598 0.648419 0.124946
v -1.014209 0.653207 0.124839
v -1.102429 -0.636183 -0.113871
v -1.076298 -0.651700 0.076237
v -1.074446 -0.635119 -0.120430
v -1.081282 -0.639198 -0.118925
v -1.092034 -0.631750 -0.118925
v 1.034074 0.659414 0.123925
v -1.097730 -0.634233 -0.117312
v -1.024818 0.662961 0.123011
v -1.081282 -0.617563 -0.121720
v -1.084201 -0.628381 -0.120430
v -1.019905 -0.643986 0.084086
v -1.086337 -0.610470 -0.121720
v -1.032651 -0.642124 0.084086
v -1.044755 -0.639198 0.084086
v -1.019336 0.657907 0.124301
v -1.028307 -0.634233 0.085215
v -1.092034 -0.620844 -0.120430
v -1.097730 -0.612598 -0.120430
v -1.023466 -0.625366 0.086129
v -1.008584 0.664823 0.121935
v -1.026599 0.664557 0.121935
v -1.025957 0.663936 0.122527
v -1.031226 -0.623415 0.086129
v -1.038418 -0.631750 0.085215
v -1.101290 -0.635740 -0.115591
v -1.028307 -0.612598 0.086828
v 1.008655 0.340125 0.123494
v 1.032579 0.654892 0.124623
v 1.008655 0.341899 0.123925
v 1.024960 0.652675 0.124838
v 1.029731 0.652232 0.124838
v 1.008655 0.343938 0.124301
v -1.019905 -0.602933 0.087204
v -1.032651 -0.610470 0.086828
v -1.036425 -0.607899 0.086828
v -1.021828 -0.601603 0.087204
v 1.021471 0.649927 0.124946
v -1.023323 -0.600185 0.087204
v 1.008655 0.346155 0.124623
v 1.023322 0.649572 0.124946
v 1.024818 0.649217 0.124946
v 1.008655 0.348637 0.124838
v 1.014280 0.348726 0.124838
v 1.008655 0.337110 0.121935
v -1.055934 -0.635119 0.084086
v -1.047674 -0.628381 0.085215
v 1.025957 0.663936 0.122527
v 1.024818 0.662961 0.123011
v -1.038418 -0.620844 0.086129
v 1.023322 0.661542 0.123494
v 1.021471 0.659857 0.123925
v -1.044755 -0.617563 0.086129
v -1.055934 -0.624213 0.085215
v 1.029731 0.657552 0.124301
v 1.042832 0.352273 0.124838
v 1.019335 0.657907 0.124301
v 1.024960 0.655335 0.124623
v -1.050238 -0.613839 0.086129
v 1.040696 0.351475 0.124838
v -1.054652 -0.609583 0.086129
v -1.063054 -0.619337 0.085215
v 1.045965 0.348460 0.124623
v -1.039415 -0.604973 0.086828
v 1.034074 0.350145 0.124838
v 1.029731 0.349613 0.124838
v 1.044612 0.353869 0.124838
v 1.037705 0.350854 0.124838
v -1.025103 -0.596904 0.087204
v -1.024463 -0.598589 0.087204
v -1.041551 -0.601869 0.086828
v -1.059850 -0.656665 0.077957
v -1.060491 -0.657375 0.076237
v -1.057856 -0.654360 0.079677
v -1.072880 -0.648863 0.079677
v -1.068750 -0.645493 0.081290
v -1.063054 -0.640883 0.082796
v -1.065902 -0.630065 0.084086
v -1.068750 -0.613839 0.085215
v -1.075443 -0.650991 0.077957
v -1.089399 -0.643986 0.077957
v -1.090396 -0.644518 0.076237
v -1.097730 -0.634233 0.079677
v -1.101290 -0.635740 0.077957
v -1.086337 -0.642124 0.079677
v -1.081282 -0.639198 0.081290
v -1.092034 -0.631750 0.081290
v -1.074446 -0.635119 0.082796
v -1.084201 -0.628381 0.082796
v -1.074446 -0.624213 0.084086
v -1.092034 -0.620844 0.082796
v -1.081282 -0.617563 0.084086
v -1.086337 -0.610470 0.084086
v -1.100649 -0.623415 -0.118925
v -1.106986 -0.614371 -0.118925
v -1.102429 -0.636183 0.076237
v -1.106986 -0.625366 -0.117312
v 1.026598 0.353514 0.124946
v 1.024818 0.352716 0.124946
v -1.025957 0.648863 0.124946
v -1.110831 -0.626519 -0.115591
v 1.039699 0.347662 0.124623
v -1.112113 -0.626873 -0.113871
v -1.113679 -0.615701 -0.117312
v -1.024961 0.652675 0.124839
v -1.117809 -0.616499 -0.115591
v -1.026812 0.648064 0.124946
v -1.026599 0.648419 0.124946
v 1.024960 0.349258 0.124838
v -1.119233 -0.616765 -0.113871
v -1.123505 -0.606125 -0.113871
v 1.025957 0.353071 0.124946
v -1.021472 0.659857 0.123925
v -1.034074 0.659414 0.123925
v -1.106986 -0.625366 0.079677
v 1.110830 0.604884 -0.118925
v 1.117808 0.605594 -0.117312
v -1.110831 -0.626519 0.077957
v 1.019335 0.351741 0.124946
v -1.019763 0.653030 0.124839
v -1.024961 0.655335 0.124624
v 1.113750 0.615701 -0.117312
v -1.112113 -0.626873 0.076237
v -1.117809 -0.616499 0.077957
v 1.117808 0.616499 -0.115591
v 1.110830 0.626519 -0.115591
v 1.119232 0.616765 -0.113871
v -1.119233 -0.616765 0.076237
v 1.026811 0.353869 0.124946
v -1.106986 -0.614371 0.081290
v -1.100649 -0.623415 0.081290
v 1.097800 0.612598 -0.120430
v 1.106985 0.614371 -0.118925
v -1.042832 0.649661 0.124839
v 1.100648 0.623415 -0.118925
v 1.019762 0.348903 0.124838
v -1.034074 0.651700 0.124839
v -1.037706 0.651079 0.124839
v -1.029731 0.652232 0.124839
v 1.023322 0.352361 0.124946
v 1.068750 0.613839 -0.122849
v 1.081281 0.617563 -0.121720
v 1.086337 0.610381 -0.121720
v 1.026598 0.664557 0.121935
v 1.044113 0.663936 0.121935
v 1.026811 0.664823 0.121398
v 1.044612 0.664202 0.121398
v 1.042832 0.663404 0.122527
v 1.021471 0.352007 0.124946
v 1.019762 0.653030 0.124838
v 1.016914 0.650370 0.124946
v 1.014280 0.650548 0.124946
v 1.019335 0.650193 0.124946
v 1.014280 0.351386 0.124946
v 1.016914 0.351563 0.124946
v 1.011503 0.351297 0.124946
v 1.008655 0.351209 0.124946
v 1.039770 0.399177 -0.031075
v 1.039770 0.399177 0.022957
v 1.123576 0.606125 0.058172
v 1.006875 -0.665000 0.022957
v -0.747769 0.399177 -0.031075
v -0.747769 0.399177 0.022957
v -1.059850 -0.600185 -0.123763
v -1.037706 0.661099 0.123495
v 1.089398 0.602933 -0.121720
v -1.075443 -0.601603 -0.122849
v -1.076298 -0.595219 -0.122849
v -1.029731 0.657552 0.124301
v 1.092033 0.620844 -0.120430
v -1.089399 -0.602933 -0.121720
v -1.090396 -0.595219 -0.121720
v -1.101290 -0.603997 -0.120430
v -1.102429 -0.595219 -0.120430
v -1.110831 -0.604884 -0.118925
v -1.112113 -0.595219 -0.118925
v -1.032580 0.654892 0.124624
v -1.039700 0.656931 0.124301
v -1.117809 -0.605594 -0.117312
v -1.119233 -0.595219 -0.117312
v -1.122081 -0.605948 -0.115591
v 1.059849 0.600096 -0.123763
v 1.075443 0.601603 -0.122849
v -1.123505 -0.595219 -0.115591
v 1.059849 -0.656665 0.077957
v 1.042903 -0.660744 0.077957
v 1.025102 -0.663315 0.077957
v 1.057856 -0.654360 0.079677
v 1.041621 -0.658350 0.079677
v 1.024462 -0.660744 0.079677
v 1.023322 -0.656665 0.081290
v 1.006875 0.616765 -0.124462
v 1.097800 -0.634233 0.079677
v 1.016914 0.655601 0.124623
v 1.014280 0.653207 0.124838
v -1.040625 0.650370 0.124839
v 1.008655 0.661719 0.123494
v -1.045965 0.658705 0.123925
v 1.008655 0.657995 0.124301
v -1.055720 0.651523 0.124624
v 1.044612 0.664202 0.058710
v 1.054203 0.658909 0.056382
v 1.058112 0.657951 0.056253
v 1.047944 0.660434 0.056613
v 1.049254 0.660115 0.056559
v 1.051376 0.660212 0.056613
v 1.072951 0.607810 -0.122849
v 1.043401 0.337687 0.086828
v 1.042903 0.598500 -0.124462
v 1.043401 0.595131 -0.124462
v 1.044826 0.617563 -0.123763
v 1.123576 0.648064 0.121935
v 1.102784 0.648064 0.123494
v 1.041621 0.601869 -0.124462
v 1.057856 0.604973 -0.123763
v 1.119232 0.616765 0.057575
v 1.119304 0.616588 0.057580
v 1.054652 0.609583 -0.123763
v 1.050237 0.613839 -0.123763
v 1.025102 0.596904 -0.124839
v 1.025387 0.595131 -0.124839
v 1.107270 0.652675 0.123011
v 1.098156 0.652232 0.123494
v 1.023322 0.600096 -0.124839
v 1.039414 0.604973 -0.124462
v 1.101645 0.650193 0.123494
v 1.111044 0.650370 0.123011
v 1.028306 0.612598 -0.124462
v 1.032721 0.610381 -0.124462
v 1.036424 0.607810 -0.124462
v 1.117951 0.653207 0.121935
v 1.122152 0.650636 0.121935
v 1.113892 0.653030 0.122527
v 1.117951 0.650548 0.122527
v 1.024462 0.598500 -0.124839
v -1.044114 0.663936 0.121935
v -1.026812 0.664823 0.121398
v -1.008584 0.664920 0.058462
v -1.025316 0.664113 0.057737
v -1.026036 0.664007 0.057651
v -1.026734 0.663910 0.057581
v -1.028144 0.663714 0.057511
v -1.023323 0.600096 -0.124839
v -1.021828 0.601603 -0.124839
v -1.017698 0.603997 -0.124839
v -1.015277 0.604884 -0.124839
v -1.012572 0.605594 -0.124839
v -1.009795 0.605948 -0.124839
v -1.006875 0.606125 -0.124839
v -1.018125 0.615701 -0.124462
v -1.012572 0.616499 -0.124462
v -1.006875 0.616765 -0.124462
v -1.025316 0.595131 -0.124839
v 1.102784 0.657995 0.121398
v -1.019905 0.602933 -0.124839
v 1.101645 0.657907 0.121935
v 1.111044 0.655601 0.121935
v -1.028307 0.612598 -0.124462
v 1.050201 0.659884 0.056521
v 1.044655 0.661232 0.056801
v 1.043401 0.661542 0.056871
v 1.040696 0.662429 0.057097
v 1.044113 0.663936 0.058172
v 1.042832 0.663404 0.057580
v 1.018196 0.615701 -0.124462
v 1.038111 0.662296 0.057027
v 1.039841 0.662048 0.056957
v 1.023465 0.614371 -0.124462
v 1.032194 0.663138 0.057296
v 1.036118 0.662579 0.057097
v 1.015276 0.604884 -0.124839
v 1.012571 0.605594 -0.124839
v 1.017769 0.603997 -0.124839
v 1.019976 0.602933 -0.124839
v 1.021827 0.601603 -0.124839
v 1.012571 0.616499 -0.124462
v 1.009794 0.605948 -0.124839
v 1.097800 0.634233 -0.117312
v 1.106985 0.625277 -0.117312
v 1.101289 0.635740 -0.115591
v 1.025387 0.664113 0.057736
v 1.026042 0.664016 0.057661
v 1.026819 0.663910 0.057580
v 1.026626 0.663936 0.057602
v 1.026598 0.664557 0.058172
v 1.019186 0.664406 0.057930
v 1.011439 0.664778 0.058172
v 1.026811 0.664823 0.058710
v 1.008655 0.664911 0.058451
v 1.010577 0.664823 0.058231
v 1.084200 0.628381 -0.120430
v 1.089398 0.643897 -0.115591
vn -0.0106 0.3187 -0.9478
vn -0.0189 0.3020 -0.9531
vn -0.2367 0.9716 -0.0000
vn -0.0176 0.2082 -0.9779
vn -0.0178 0.2086 -0.9778
vn -0.2370 0.9715 -0.0000
vn -0.0143 0.2206 -0.9753
vn -0.0196 0.3029 -0.9528
vn -0.0204 0.0082 -0.9998
vn -0.0257 0.3971 -0.9174
vn -0.0195 0.3020 -0.9531
vn -0.0201 0.3054 -0.9520
vn -0.0233 0.3832 -0.9234
vn 0.3615 -0.1464 0.9208
vn -0.0798 -0.0103 0.9968
vn -0.0796 -0.0107 0.9968
vn -0.0564 -0.0230 0.9981
vn -0.0578 -0.0075 0.9983
vn -0.0577 -0.0077 0.9983
vn -0.0397 -0.0165 0.9991
vn -0.1040 -0.0430 0.9936
vn -0.1067 -0.0138 0.9942
vn -0.1066 -0.0138 0.9942
vn -0.7612 -0.1011 0.6406
vn -0.3731 -0.0495 0.9265
vn -0.7508 -0.1029 0.6524
vn -0.3695 -0.0507 0.9279
vn 0.0580 0.2385 0.9694
vn 0.0429 0.1788 0.9829
vn 0.1158 0.1672 -0.9791
vn 0.1406 0.2793 -0.9498
vn 0.5784 -0.5985 0.5543
vn 0.3392 -0.2374 0.9103
vn 0.1768 0.4853 -0.8563
vn 0.3374 -0.2350 0.9116
vn 0.2948 0.8229 -0.4857
vn 0.3905 0.7665 -0.5100
vn 0.2030 -0.1423 0.9688
vn 0.2945 0.8203 -0.4903
vn 0.2029 -0.1420 0.9689
vn 0.1423 -0.0997 0.9848
vn 0.1422 -0.0995 0.9848
vn 0.0519 0.1023 -0.9934
vn 0.0691 0.1364 -0.9882
vn 0.0518 0.1035 -0.9933
vn 0.0609 0.0864 -0.9944
vn 0.0609 0.0881 -0.9942
vn 0.2215 -0.4399 0.8703
vn 0.0404 0.1672 -0.9851
vn 0.0557 0.1527 -0.9867
vn 0.0556 0.1544 -0.9864
vn 0.0691 0.1367 -0.9882
vn 0.1408 -0.2802 0.9496
vn -0.0346 0.0365 -0.9987
vn -0.0308 0.0453 -0.9985
vn -0.0308 0.8842 -0.4662
vn -0.0308 0.0452 -0.9985
vn -0.0316 0.8906 -0.4538
vn -0.0087 0.8948 -0.4464
vn -0.0139 0.9482 -0.3173
vn -0.0326 -0.2533 0.9668
vn -0.0320 -0.2520 0.9672
vn -0.5210 -0.8536 -0.0012
vn -0.5202 -0.8541 -0.0000
vn -0.5223 -0.8527 -0.0001
vn -0.5210 -0.8536 0.0001
vn -0.5220 -0.8530 -0.0002
vn -0.5220 -0.8529 -0.0002
vn -0.5217 -0.8531 -0.0000
vn -0.5212 -0.8535 0.0003
vn -0.5220 -0.8529 -0.0003
vn -0.5216 -0.8532 -0.0000
vn -0.2974 -0.9547 -0.0000
vn -0.1566 -0.9877 -0.0000
vn -0.0000 -0.0000 -1.0000
vn -0.0000 0.0895 0.9960
vn -0.0194 0.0133 -0.9997
vn -0.0373 -0.2245 0.9738
vn -0.0406 0.0060 -0.9992
vn -0.0409 0.0053 -0.9992
vn -0.0379 0.0261 -0.9989
vn -0.0349 0.0362 -0.9987
vn -0.0233 -0.1839 0.9827
vn -0.0232 -0.1838 0.9827
vn -0.0265 -0.1596 0.9868
vn -0.0302 -0.1280 0.9913
vn -0.0435 0.0640 -0.9970
vn -0.0177 -0.1401 0.9900
vn -0.0791 -0.9147 0.3964
vn -0.0536 -0.6195 0.7831
vn -0.0771 -0.9038 0.4210
vn -0.1130 -0.8760 0.4690
vn -0.1104 -0.8645 0.4903
vn -0.0577 -0.6420 0.7646
vn -0.0747 -0.5791 0.8118
vn -0.0725 -0.5700 0.8184
vn -0.0040 0.0976 -0.9952
vn -0.0055 0.1342 -0.9909
vn -0.0041 0.0977 -0.9952
vn -0.0343 -0.3823 0.9234
vn -0.0440 -0.3416 0.9388
vn -0.0431 -0.3386 0.9399
vn -0.1486 -0.8661 0.4772
vn -0.1393 -0.8341 0.5338
vn 0.0263 0.0444 0.9987
vn -0.1890 -0.8076 0.5587
vn 0.0272 0.0141 0.9995
vn 0.0271 0.0145 0.9995
vn -0.1854 -0.7980 0.5734
vn -0.0896 -0.5363 0.8392
vn -0.0879 -0.5312 0.8427
vn -0.1083 -0.4417 0.8906
vn 0.0376 0.2249 0.9737
vn -0.0586 -0.2390 0.9692
vn 0.0306 0.1275 0.9914
vn -0.0993 -0.4242 0.9001
vn 0.0304 0.1277 0.9913
vn 0.0333 0.0936 0.9951
vn -0.0500 -0.2989 0.9530
vn -0.0376 -0.2248 0.9737
vn -0.0492 -0.2973 0.9535
vn -0.0572 -0.2376 0.9697
vn -0.2158 -0.0882 0.9724
vn -0.2223 -0.0295 0.9745
vn -0.0182 -0.1401 0.9900
vn -0.2208 -0.0303 0.9748
vn -0.0203 -0.1228 0.9922
vn -0.1540 -0.0200 0.9879
vn -0.0195 -0.0534 0.9984
vn -0.0190 -0.0559 0.9983
vn -0.0204 -0.0317 0.9993
vn 0.0332 0.2631 0.9642
vn 0.2170 -0.8713 -0.4402
vn 0.0318 0.2602 0.9650
vn 0.0478 -0.9989 -0.0000
vn 0.0267 0.1596 0.9868
vn 0.0574 -0.2348 -0.9704
vn -0.1536 -0.0204 0.9879
vn 0.0490 -0.3509 -0.9351
vn 0.0508 -0.3549 -0.9335
vn 0.0817 -0.3343 -0.9389
vn 0.0825 -0.3355 -0.9384
vn 0.0755 -0.5415 -0.8373
vn 0.0183 -0.3632 -0.9315
vn 0.1769 -0.4858 -0.8560
vn 0.1255 -0.5214 -0.8440
vn -0.0207 -0.0000 0.9998
vn 0.1306 -0.5315 -0.8369
vn 0.8913 -0.4535 -0.0000
vn -0.0000 -1.0000 -0.0000
vn 0.5221 -0.8529 -0.0000
vn 0.0799 -0.5531 -0.8293
vn 0.0242 -0.5518 -0.8336
vn -0.0000 -0.0000 1.0000
vn 0.2034 -0.8450 -0.4945
vn 1.0000 -0.0000 -0.0000
vn 0.1196 -0.8679 -0.4820
vn -0.1066 -0.0000 0.9943
vn -0.0798 -0.0000 0.9968
vn 0.1287 -0.8913 -0.4348
vn -0.1492 -0.0000 0.9888
vn -0.0409 -0.0000 0.9992
vn 0.0153 -0.3543 -0.9350
vn -0.1536 -0.0000 0.9881
vn 0.0287 -0.5694 -0.8216
vn 0.0389 -0.8882 -0.4577
vn 0.0433 -0.9035 -0.4264
vn -0.0580 -0.0000 0.9983
vn -0.0577 -0.0000 0.9983
vn 0.1158 -0.1672 0.9791
vn 0.1310 -0.1361 0.9820
vn 0.1307 -0.1351 0.9822
vn 0.1160 -0.1679 0.9790
vn 0.0987 -0.0703 0.9926
vn 0.0982 -0.0687 0.9928
vn 0.0809 -0.1171 0.9898
vn 0.3953 -0.7876 0.4726
vn 0.3905 -0.7665 0.5100
vn 0.2221 -0.4424 0.8689
vn 0.1406 -0.2793 0.9498
vn 0.0987 -0.1965 0.9755
vn 0.0986 -0.1949 0.9759
vn 0.0791 -0.2198 0.9723
vn 0.0691 -0.1367 0.9882
vn 0.0691 -0.1364 0.9882
vn 0.0557 -0.1527 0.9867
vn 0.0908 -0.0944 0.9914
vn 0.0906 -0.0931 0.9915
vn 0.0740 -0.0528 0.9959
vn 0.0740 -0.0523 0.9959
vn 0.0685 -0.0710 0.9951
vn 0.0685 -0.0704 0.9952
vn 0.0519 -0.1023 0.9934
vn 0.0438 -0.0636 0.9970
vn 0.7659 -0.1068 0.6340
vn 0.3694 -0.0515 0.9279
vn 0.7462 -0.0974 0.6586
vn 0.3678 -0.0505 0.9285
vn 0.0234 0.0979 0.9949
vn 0.0255 0.0687 0.9973
vn 0.0250 0.0704 0.9972
vn 0.0263 0.0447 0.9987
vn 0.0193 0.0519 0.9985
vn -0.0272 -0.1596 0.9868
vn 0.0208 0.0108 0.9997
vn -0.0208 -0.1222 0.9923
vn -0.0234 -0.0978 0.9949
vn -0.0232 -0.0983 0.9949
vn 0.0232 0.1837 0.9827
vn -0.0253 -0.0694 0.9973
vn -0.0245 -0.0724 0.9971
vn -0.0263 -0.0422 0.9988
vn 0.0269 0.1596 0.9868
vn -0.0261 -0.0431 0.9987
vn -0.0271 -0.0145 0.9995
vn -0.0270 -0.0153 0.9995
vn 0.0207 0.1224 0.9923
vn -0.0202 -0.0334 0.9992
vn 0.0232 0.0982 0.9949
vn -0.0207 -0.0115 0.9997
vn -0.0207 -0.0117 0.9997
vn 0.0202 0.0343 0.9992
vn 0.0201 0.0348 0.9992
vn 0.0207 0.0115 0.9997
vn -0.0430 -0.1788 0.9829
vn -0.0429 -0.1788 0.9830
vn -0.0477 -0.1334 0.9899
vn -0.0467 -0.1346 0.9898
vn -0.0501 -0.0805 0.9955
vn -0.0493 -0.0823 0.9954
vn -0.0506 -0.0281 0.9983
vn -0.0505 -0.0287 0.9983
vn -0.0306 -0.1275 0.9914
vn -0.0335 -0.0965 0.9948
vn -0.0330 -0.0976 0.9947
vn 0.0842 0.9122 0.4009
vn -0.0355 -0.0569 0.9977
vn -0.0364 -0.0195 0.9991
vn -0.0361 -0.0206 0.9991
vn -0.0084 0.1768 -0.9842
vn -0.0639 -0.1786 0.9818
vn -0.0615 -0.1786 0.9820
vn -0.2438 -0.6784 0.6931
vn -0.2372 -0.6666 0.7066
vn -0.2958 -0.4832 0.8240
vn -0.2850 -0.4736 0.8334
vn -0.3471 -0.1858 0.9192
vn -0.3367 -0.1865 0.9229
vn -0.1213 -0.3374 0.9335
vn -0.1137 -0.3300 0.9371
vn -0.1317 -0.2151 0.9677
vn -0.1316 -0.2151 0.9677
vn -0.1375 -0.0749 0.9877
vn -0.1367 -0.0757 0.9877
vn -0.0667 -0.1090 0.9918
vn -0.0659 -0.1099 0.9918
vn -0.0691 -0.0377 0.9969
vn -0.0689 -0.0383 0.9969
vn -0.0153 0.0639 -0.9978
vn -0.3532 -0.0000 0.9355
vn -0.8817 -0.4719 -0.0000
vn -0.0216 0.0900 -0.9957
vn -0.1371 -0.0000 0.9906
vn -0.0221 0.0901 -0.9957
vn -0.0134 0.0943 -0.9954
vn -0.0188 0.1321 -0.9911
vn -0.0144 0.0949 -0.9954
vn -0.0307 0.1250 -0.9917
vn -0.0183 0.1317 -0.9911
vn -0.0828 -0.0000 0.9966
vn -0.0797 -0.0000 0.9968
vn -0.0866 -0.9962 -0.0000
vn -0.0849 -0.9964 -0.0000
vn -0.0758 0.5414 -0.8373
vn -0.0850 -0.9964 -0.0000
vn -0.1267 -0.9919 -0.0000
vn -0.0242 0.5518 -0.8336
vn -0.1232 -0.9924 -0.0000
vn -0.1268 -0.9919 -0.0000
vn -0.0389 0.8882 -0.4577
vn -0.0252 0.5559 -0.8309
vn -0.0435 0.9042 -0.4249
vn 0.0791 0.2169 -0.9730
vn 0.0791 0.2198 -0.9723
vn -0.0240 0.1726 -0.9847
vn -0.0254 0.1743 -0.9844
vn -0.0064 0.1354 -0.9908
vn 0.1133 0.3105 -0.9438
vn 0.1133 0.3112 -0.9436
vn -0.0122 0.2564 -0.9665
vn 0.1307 0.5315 -0.8369
vn -0.0340 0.2467 -0.9685
vn 0.2102 0.8546 -0.4749
vn -0.0366 0.2509 -0.9673
vn 0.1307 0.5319 -0.8367
vn 0.1784 0.4981 -0.8485
vn -0.0125 0.2571 -0.9663
vn -0.0481 0.3491 -0.9359
vn -0.0493 0.3516 -0.9349
vn -0.0162 0.3570 -0.9340
vn 0.2103 0.8622 -0.4608
vn -0.0175 0.3609 -0.9324
vn -0.0269 0.0519 -0.9983
vn -0.0382 0.0739 -0.9965
vn -0.0298 0.0835 -0.9961
vn -0.0304 0.0835 -0.9960
vn 0.0220 0.0897 -0.9957
vn -0.0418 0.1149 -0.9925
vn 0.0217 0.0905 -0.9957
vn -0.0301 0.1247 -0.9917
vn 0.0303 0.0831 -0.9961
vn -0.0402 0.1662 -0.9853
vn 0.0300 0.0839 -0.9960
vn 0.0374 0.0749 -0.9965
vn -0.0560 0.1535 -0.9866
vn 0.0305 0.1241 -0.9918
vn 0.0302 0.1250 -0.9917
vn 0.0418 0.1145 -0.9925
vn 0.0417 0.1147 -0.9925
vn -0.0493 -0.9988 -0.0000
vn 0.3058 -0.3168 -0.8978
vn 0.0244 0.1751 -0.9843
vn 0.0406 0.1664 -0.9852
vn 0.5839 -0.6041 -0.5423
vn 0.0573 0.2348 -0.9703
vn -0.0000 0.1386 0.9904
vn 0.0573 0.2346 -0.9704
vn 0.1500 -0.0608 -0.9868
vn 0.1422 -0.0996 -0.9848
vn 0.0487 0.3489 -0.9359
vn 0.2028 -0.1421 -0.9688
vn 0.0773 0.5542 -0.8288
vn 0.0484 0.3512 -0.9350
vn 0.2031 -0.1421 -0.9688
vn 0.1859 -0.1926 -0.9635
vn 0.0821 0.3341 -0.9389
vn 0.0821 0.3358 -0.9384
vn 0.0250 0.5516 -0.8337
vn 0.0781 0.5409 -0.8375
vn 0.3371 -0.2359 -0.9114
vn 0.1278 0.8851 -0.4475
vn 0.3394 -0.2364 -0.9104
vn 0.3065 -0.3171 -0.8975
vn 0.1273 0.8915 -0.4347
vn 0.6491 -0.4572 -0.6080
vn 0.6631 -0.4618 -0.5892
vn 0.5771 -0.6003 -0.5537
vn 0.0142 0.0939 -0.9955
vn 0.0136 0.0950 -0.9954
vn 0.1646 -0.2392 -0.9569
vn 0.1662 -0.2400 -0.9564
vn 0.1409 -0.2799 -0.9496
vn 0.2640 -0.3835 -0.8850
vn 0.2681 -0.3866 -0.8824
vn 0.4906 -0.7084 -0.5074
vn 0.4920 -0.7095 -0.5045
vn 0.0979 -0.0697 -0.9928
vn 0.1040 -0.0423 -0.9937
vn 0.0989 -0.0692 -0.9927
vn 0.0903 -0.0939 -0.9915
vn 0.1424 -0.0996 -0.9848
vn 0.1304 -0.1356 -0.9821
vn 0.1311 -0.1356 -0.9821
vn 0.1161 -0.1676 -0.9790
vn 0.1864 -0.1927 -0.9634
vn 0.0826 0.9041 0.4192
vn 0.1091 0.8856 0.4515
vn 0.1055 0.8695 0.4825
vn 0.0691 -0.1365 -0.9882
vn 0.1566 -0.9877 -0.0000
vn 0.0493 -0.9988 -0.0000
vn 0.0604 0.6552 0.7530
vn 0.0573 0.6384 0.7675
vn 0.0773 0.6076 0.7904
vn 0.0724 0.5873 0.8061
vn 0.0879 0.5311 0.8428
vn 0.0324 0.3605 0.9322
vn 0.0431 0.3386 0.9400
vn 0.0404 0.3299 0.9432
vn 0.0500 0.2990 0.9530
vn 0.0492 0.2973 0.9535
vn 0.6929 0.7210 -0.0000
vn 0.6964 0.7177 0.0004
vn 0.0503 -0.0000 -0.9987
vn 0.0507 -0.0000 -0.9987
vn 0.1316 0.2150 -0.9677
vn 0.1317 0.2153 -0.9676
vn 0.1367 0.0745 -0.9878
vn 0.1374 0.0761 -0.9876
vn 0.0692 -0.0000 -0.9976
vn -0.7548 -0.0000 0.6559
vn -0.2209 -0.0000 0.9753
vn 0.3593 -0.1443 0.9220
vn -0.1072 -0.0000 0.9942
vn -0.1720 -0.9851 -0.0000
vn -0.1690 -0.9856 -0.0000
vn 0.2150 -0.0863 0.9728
vn -0.1691 -0.9856 -0.0000
vn 0.2222 -0.0305 0.9745
vn -0.1538 -0.0000 0.9881
vn 0.2208 -0.0293 0.9749
vn -0.2415 -0.9704 -0.0000
vn -0.2259 -0.9741 0.0001
vn 0.2159 -0.0875 0.9725
vn -0.2263 -0.9741 -0.0000
vn 0.1540 -0.0204 0.9879
vn -0.3351 -0.9422 -0.0000
vn -0.3352 -0.9421 -0.0000
vn 0.1536 -0.0199 0.9879
vn 0.1500 -0.0609 0.9868
vn -0.3531 -0.0001 0.9356
vn -0.3739 -0.0000 0.9275
vn 0.1040 -0.0422 0.9937
vn -0.3466 -0.9380 -0.0000
vn 0.1500 -0.0608 0.9868
vn -0.7499 -0.0000 0.6616
vn -0.7551 -0.0000 0.6556
vn -0.3735 -0.0000 0.9276
vn -0.5283 -0.8490 -0.0000
vn -0.5154 -0.8569 -0.0000
vn -0.5157 -0.8568 -0.0000
vn -0.0692 -0.0000 0.9976
vn -0.0507 -0.0000 0.9987
vn -0.0271 -0.0000 0.9996
vn 0.1066 -0.0138 0.9942
vn 0.1040 -0.0423 0.9937
vn 0.0798 -0.0107 0.9968
vn 0.0797 -0.0103 0.9968
vn 0.0780 -0.0317 0.9965
vn -0.9280 0.3727 -0.0000
vn 0.0777 -0.0308 0.9965
vn -0.9908 0.1351 -0.0000
vn -0.9280 0.3726 -0.0000
vn 0.0578 -0.0077 0.9983
vn -0.0751 -0.0000 -0.9972
vn -0.9909 0.1347 -0.0000
vn 0.0577 -0.0074 0.9983
vn -0.1493 -0.0000 -0.9888
vn -0.1371 -0.0000 -0.9906
vn -0.1370 -0.0000 -0.9906
vn -0.3533 -0.0000 -0.9355
vn -0.0128 0.0071 0.9999
vn -0.0254 0.3009 0.9533
vn -0.0000 0.1815 0.9834
vn -0.0000 0.0209 0.9998
vn -0.0179 0.1416 0.9898
vn -0.0000 0.6899 0.7239
vn -0.0000 0.4139 0.9103
vn -0.0155 0.0946 0.9954
vn -0.0136 0.1068 0.9942
vn 0.2974 -0.9547 -0.0000
vn -0.0000 0.2473 0.9689
vn -0.0202 0.0337 0.9992
vn -0.0000 0.3228 0.9465
vn 0.1906 -0.8204 0.5390
vn 0.1874 -0.7945 0.5776
vn 0.1053 -0.4464 0.8886
vn 0.0494 -0.2957 0.9540
vn 0.0574 -0.2360 0.9701
vn -0.0406 0.1665 -0.9852
vn -0.0572 0.2346 -0.9704
vn -0.0574 0.2348 -0.9704
vn -0.0820 0.3355 -0.9385
vn -0.1295 0.5294 -0.8384
vn -0.0797 0.5516 -0.8303
vn -0.1259 0.8856 -0.4471
vn -0.1290 0.8933 -0.4305
vn -0.0397 0.0162 -0.9991
vn -0.0564 0.0230 -0.9981
vn -0.0398 0.0160 -0.9991
vn -0.0378 0.0263 -0.9989
vn -0.0535 0.0372 -0.9979
vn -0.0538 0.0368 -0.9979
vn 0.2339 0.6748 -0.7000
vn 0.0041 0.0975 -0.9952
vn 0.0040 0.0977 -0.9952
vn 0.2973 0.4775 -0.8268
vn 0.5285 0.8489 -0.0000
vn 0.3059 0.4998 -0.8103
vn 0.3466 0.1920 -0.9181
vn 0.3466 0.1919 -0.9182
vn 0.0055 0.1356 -0.9907
vn 0.0188 0.1313 -0.9912
vn 0.3245 0.9459 -0.0000
vn 0.8748 0.4844 -0.0000
vn 0.0064 0.1342 -0.9909
vn 0.0184 0.1322 -0.9911
vn 0.0084 0.1768 -0.9842
vn 0.0252 0.1726 -0.9847
vn 0.0358 0.2458 -0.9687
vn 0.1157 -0.1675 -0.9791
vn 0.0666 0.1089 -0.9918
vn 0.0982 -0.1955 -0.9758
vn 0.0124 0.2564 -0.9665
vn 0.0667 0.1091 -0.9918
vn 0.0992 -0.1960 -0.9756
vn 0.0689 0.0375 -0.9969
vn 0.0173 0.3568 -0.9340
vn 0.0164 0.3609 -0.9325
vn 0.0691 0.0384 -0.9969
vn 0.0122 0.2572 -0.9663
vn 0.0346 0.2514 -0.9673
vn 0.1404 -0.2796 -0.9498
vn 0.1205 0.3461 -0.9304
vn 0.1131 -0.3107 -0.9438
vn 0.1210 0.3491 -0.9292
vn 0.0243 0.5559 -0.8309
vn 0.2378 0.6930 -0.6806
vn 0.2211 -0.4405 -0.8701
vn 0.0425 0.8881 -0.4577
vn 0.0396 0.9039 -0.4259
vn 0.2225 -0.4420 -0.8690
vn 0.1766 -0.4854 -0.8563
vn 0.0302 -0.0000 -0.9995
vn 0.0490 0.0801 -0.9956
vn 0.0496 0.0849 -0.9952
vn 0.0506 0.0271 -0.9983
vn 0.3861 -0.7693 -0.5089
vn 0.0509 0.0283 -0.9983
vn 0.0506 -0.0000 -0.9987
vn 0.3996 -0.7845 -0.4742
vn 0.2953 -0.8227 -0.4858
vn 0.5221 -0.8529 -0.0004
vn 0.5216 -0.8532 -0.0000
vn -0.0233 0.1842 0.9826
vn -0.0233 0.1835 0.9828
vn -0.0000 -0.0418 0.9991
vn -0.0206 0.1245 0.9920
vn -0.0000 -0.0202 0.9998
vn -0.0206 0.1208 0.9925
vn 0.5212 -0.8534 -0.0013
vn 0.5220 -0.8529 -0.0002
vn 0.5222 -0.8528 -0.0001
vn 0.5217 -0.8531 -0.0000
vn 0.5203 -0.8540 -0.0000
vn 0.5220 -0.8530 -0.0001
vn 0.5211 -0.8535 -0.0000
vn 0.5216 -0.8532 0.0001
vn 0.5212 -0.8535 0.0003
vn -0.0000 0.0404 0.9992
vn -0.0000 -0.6899 0.7239
vn -0.0000 -0.4139 0.9103
vn -0.0000 -0.3419 0.9397
vn 0.1133 -0.3105 0.9438
vn 0.0556 -0.1544 0.9864
vn 0.0791 -0.2169 0.9730
vn 0.0404 -0.1672 0.9851
vn 0.0305 -0.1241 0.9918
vn 0.0418 -0.1145 0.9925
vn 0.0609 -0.0881 0.9942
vn 0.0609 -0.0880 0.9943
vn 0.0518 -0.1035 0.9933
vn 0.0533 -0.0377 0.9979
vn 0.0533 -0.0370 0.9979
vn 0.0492 -0.0511 0.9975
vn 0.0492 -0.0510 0.9975
vn 0.0438 -0.0634 0.9970
vn 0.0311 -0.0452 0.9985
vn 0.0573 -0.2348 0.9703
vn 0.0406 -0.1664 0.9852
vn -0.0180 0.1382 0.9902
vn -0.0361 -0.0000 0.9993
vn -0.0000 0.0147 -0.9999
vn 0.0417 -0.1147 0.9925
vn 0.0302 -0.1250 0.9917
vn -0.0207 0.0117 0.9997
vn -0.0207 0.0115 0.9997
vn 0.0222 -0.0905 0.9956
vn -0.0202 0.0334 0.9992
vn 0.0134 -0.0953 0.9954
vn 0.0374 -0.0749 0.9965
vn 0.0377 -0.0736 0.9966
vn 0.0300 -0.0839 0.9960
vn 0.0211 -0.0590 0.9980
vn -0.0326 0.2678 0.9629
vn 0.0303 -0.0831 0.9961
vn -0.0324 0.2550 0.9664
vn 0.0226 -0.0897 0.9957
vn -0.0000 0.2564 -0.9666
vn 0.0349 -0.0362 0.9987
vn -0.0000 0.1768 -0.9842
vn 0.0312 -0.0449 0.9985
vn 0.0260 -0.0540 0.9982
vn 0.0266 -0.0520 0.9983
vn -0.0233 0.0988 0.9948
vn 0.0214 -0.0584 0.9981
vn -0.0233 0.0972 0.9950
vn 0.0094 -0.0670 0.9977
vn -0.0375 0.2258 0.9735
vn -0.0268 0.1617 0.9865
vn -0.0268 0.1572 0.9872
vn -0.0374 0.2237 0.9739
vn -0.0000 -0.3544 -0.9351
vn -0.0000 -0.5696 -0.8219
vn -0.0263 0.0444 0.9987
vn -0.0336 0.0944 0.9950
vn -0.0252 0.0709 0.9972
vn 0.0376 -0.2250 0.9736
vn -0.0000 0.5561 -0.8311
vn 0.0376 -0.2247 0.9737
vn -0.0000 0.8889 -0.4581
vn -0.0271 0.0154 0.9995
vn -0.0000 0.0977 -0.9952
vn -0.0270 0.0145 0.9995
vn -0.0577 0.0076 -0.9983
vn -0.0000 0.3610 -0.9326
vn -0.0262 0.0434 0.9987
vn -0.0578 0.0075 -0.9983
vn -0.0251 0.0688 0.9973
vn -0.0563 0.0232 -0.9981
vn -0.0796 0.0105 -0.9968
vn -0.0798 0.0102 -0.9968
vn -0.0775 0.0320 -0.9965
vn -0.0776 0.0319 -0.9965
vn -0.0736 0.0518 -0.9959
vn -0.0746 0.0511 -0.9959
vn -0.1040 0.0430 -0.9936
vn -0.0000 -0.8889 -0.4581
vn -0.1042 0.0428 -0.9936
vn -0.2208 0.0301 -0.9748
vn -0.3695 0.0503 -0.9279
vn -0.3731 0.0491 -0.9265
vn -0.0427 -0.8881 -0.4576
vn -0.1066 0.0137 -0.9942
vn 0.3040 -0.8354 -0.4578
vn -0.1067 0.0136 -0.9942
vn -0.1487 0.0616 -0.9870
vn -0.1540 0.0198 -0.9879
vn -0.1412 0.0990 -0.9850
vn 0.0781 -0.0309 -0.9965
vn 0.0739 -0.0527 -0.9959
vn -0.1536 0.0202 -0.9879
vn 0.0741 -0.0524 -0.9959
vn 0.0683 -0.0708 -0.9951
vn -0.1500 0.0608 -0.9868
vn 0.0687 -0.0706 -0.9951
vn 0.0608 -0.0881 -0.9943
vn -0.2223 0.0292 -0.9745
vn -0.2158 0.0882 -0.9724
vn 0.0809 -0.1171 -0.9898
vn -0.3564 0.1456 -0.9229
vn -0.2168 0.0879 -0.9722
vn 0.0911 -0.0937 -0.9914
vn -0.3592 0.1454 -0.9219
vn -0.7509 0.1021 -0.6525
vn -0.7613 0.1002 -0.6406
vn -0.7149 0.2895 -0.6365
vn -0.7223 0.2900 -0.6278
vn 0.3678 -0.0513 -0.9285
vn 0.3694 -0.0507 -0.9279
vn 0.3592 -0.1454 -0.9219
vn 0.7149 -0.2895 -0.6365
vn 0.3618 -0.1453 -0.9209
vn 0.7454 -0.1039 -0.6585
vn -0.0491 0.0517 -0.9975
vn 0.7665 -0.1001 -0.6344
vn -0.0495 0.0513 -0.9975
vn 0.7077 -0.2889 -0.6448
vn -0.0443 0.0635 -0.9970
vn -0.0374 0.0741 -0.9965
vn -0.0676 0.0712 -0.9952
vn -0.0687 0.0706 -0.9951
vn -0.0602 0.0879 -0.9943
vn -0.0611 0.0877 -0.9943
vn -0.0519 0.1028 -0.9933
vn -0.0521 0.1028 -0.9933
vn 0.1536 -0.0204 -0.9879
vn 0.0324 -0.2569 0.9659
vn 0.0323 -0.2490 0.9680
vn 0.0268 -0.1603 0.9867
vn 0.0232 -0.1839 0.9827
vn 0.0232 -0.1836 0.9827
vn 0.0183 -0.2067 0.9782
vn 0.1459 -0.8789 0.4541
vn 0.1425 -0.8305 0.5384
vn 0.1128 -0.8828 0.4559
vn 0.1120 -0.8630 0.4926
vn 0.0784 -0.9151 0.3956
vn 0.0784 -0.9069 0.4139
vn 0.0541 -0.9272 0.3707
vn 0.0883 -0.5338 0.8410
vn 0.0881 -0.5306 0.8430
vn 0.0740 -0.5817 0.8100
vn 0.0730 -0.5631 0.8232
vn 0.0555 -0.6422 0.7645
vn 0.0550 -0.6121 0.7889
vn 0.0497 -0.3004 0.9525
vn 0.0439 -0.3452 0.9375
vn 0.0435 -0.3360 0.9409
vn 0.0509 -0.0283 0.9983
vn 0.0506 -0.0271 0.9983
vn 0.0497 -0.0815 0.9954
vn 0.0497 -0.0813 0.9954
vn 0.0507 -0.0000 0.9987
vn 0.0623 0.1762 -0.9824
vn 0.0630 0.1810 -0.9815
vn 0.1071 0.4366 -0.8933
vn 0.1926 0.7853 -0.5884
vn 0.1962 0.8119 -0.5498
vn -0.0000 -0.2357 0.9718
vn -0.0015 -0.1815 0.9834
vn -0.0000 -0.1815 0.9834
vn -0.0015 -0.1440 0.9896
vn 0.1080 0.4441 -0.8894
vn -0.0012 -0.1428 0.9898
vn -0.0000 -0.1440 0.9896
vn -0.0000 -0.0863 0.9963
vn -0.0000 -0.9497 0.3131
vn -0.0000 -0.6898 0.7240
vn -0.0045 -0.4139 0.9103
vn 0.0352 0.0593 -0.9976
vn 0.0353 0.0604 -0.9976
vn 0.5694 0.8221 -0.0000
vn 0.0274 0.0007 -0.9996
vn 0.0323 -0.0000 -0.9995
vn 0.0361 0.0193 -0.9992
vn 0.0361 -0.0000 -0.9993
vn 0.0362 -0.0002 -0.9993
vn 0.0464 0.1279 -0.9907
vn 0.0578 0.2403 -0.9690
vn 0.1540 -0.0200 -0.9879
vn 0.0468 0.1324 -0.9901
vn -0.1069 0.8810 0.4609
vn -0.1065 0.8687 0.4838
vn -0.0179 -0.3543 -0.9350
vn -0.0830 0.9128 0.3999
vn 0.2223 -0.0295 -0.9745
vn -0.0830 0.8995 0.4290
vn 0.0494 0.2957 -0.9540
vn 0.0497 0.3004 -0.9525
vn 0.0574 0.2360 -0.9701
vn 0.2208 -0.0303 -0.9748
vn 0.2148 -0.0871 -0.9728
vn -0.0758 0.6181 0.7824
vn 0.2160 -0.0867 -0.9725
vn 0.0881 0.5304 -0.8432
vn -0.0740 0.5815 0.8101
vn -0.0595 0.6624 0.7468
vn 0.0883 0.5337 -0.8410
vn -0.0590 0.6392 0.7668
vn 0.1070 0.8681 -0.4847
vn -0.0410 0.6730 0.7385
vn -0.0497 0.3004 0.9525
vn 0.1425 0.8309 -0.5379
vn 0.0577 -0.0077 -0.9983
vn -0.0420 0.3449 0.9377
vn 0.1459 0.8787 -0.4545
vn 0.0578 -0.0075 -0.9983
vn -0.0412 0.3239 0.9452
vn 0.1690 0.9856 -0.0000
vn 0.0559 -0.0233 -0.9982
vn 0.0565 -0.0224 -0.9982
vn -0.0245 0.3799 0.9247
vn 0.0531 -0.0376 -0.9979
vn 0.0796 -0.0107 -0.9968
vn 0.0798 -0.0103 -0.9968
vn 0.0776 -0.0315 -0.9965
vn -0.0041 -0.3419 0.9397
vn -0.0037 -0.3382 0.9411
vn 0.1066 -0.0138 -0.9942
vn -0.0494 0.2957 0.9540
vn 0.1067 -0.0138 -0.9942
vn -0.0032 -0.2357 0.9718
vn 0.1041 -0.0422 -0.9937
vn -0.0028 -0.2329 0.9725
vn -0.0361 0.0193 0.9992
vn -0.0080 -0.2278 0.9737
vn -0.0026 -0.1867 0.9824
vn -0.0363 0.0207 0.9991
vn -0.0065 -0.1836 0.9830
vn -0.0062 -0.1828 0.9831
vn -0.0469 0.1312 0.9902
vn -0.0467 0.1288 0.9906
vn -0.0430 0.1792 0.9829
vn -0.0061 -0.1375 0.9905
vn -0.0305 0.1291 0.9912
vn -0.0304 0.1265 0.9915
vn -0.0046 -0.1343 0.9909
vn -0.0429 0.1784 0.9830
vn -0.0080 -0.1288 0.9916
vn -0.0354 0.0597 0.9976
vn -0.0353 0.0592 0.9976
vn -0.0344 -0.3824 0.9234
vn -0.0122 -0.3298 0.9440
vn -0.0334 0.0922 0.9952
vn -0.0108 -0.3208 0.9471
vn -0.0181 -0.3076 0.9513
vn -0.0179 -0.3068 0.9516
vn -0.0259 -0.2831 0.9587
vn -0.0187 -0.2047 0.9787
vn -0.0505 0.0281 0.9983
vn -0.0253 -0.2810 0.9594
vn -0.0085 -0.2301 0.9731
vn -0.0666 0.1111 0.9916
vn -0.0132 -0.2206 0.9753
vn -0.0128 -0.2195 0.9755
vn -0.0179 -0.2030 0.9790
vn -0.0108 -0.1738 0.9847
vn -0.0506 0.0288 0.9983
vn -0.0493 0.0827 0.9954
vn -0.0492 0.0821 0.9954
vn 0.0361 -0.0193 0.9992
vn -0.1454 0.8700 0.4711
vn -0.0891 0.5385 0.8379
vn 0.0430 -0.1792 0.9829
vn -0.0884 0.5292 0.8439
vn 0.0429 -0.1784 0.9830
vn -0.1425 0.8308 0.5381
vn -0.1080 0.4435 0.8897
vn -0.1071 0.4368 0.8931
vn 0.0334 -0.0987 0.9946
vn 0.8816 -0.4719 -0.0000
vn 0.3466 -0.1920 0.9182
vn 0.3375 -0.1807 0.9238
vn 0.2943 -0.4890 0.8211
vn 0.2864 -0.4679 0.8361
vn 0.0564 -0.0235 0.9981
vn 0.0561 -0.0222 0.9982
vn -0.0157 -0.3639 -0.9313
vn -0.0503 -0.3511 -0.9350
vn 0.0409 -0.0060 0.9991
vn -0.0498 -0.3552 -0.9335
vn 0.1374 -0.0761 0.9876
vn 0.0407 -0.0053 0.9992
vn -0.0278 -0.5511 -0.8340
vn 0.0398 -0.0166 0.9991
vn -0.0249 -0.5694 -0.8217
vn -0.0781 -0.5409 -0.8375
vn 0.0397 -0.0155 0.9991
vn 0.0379 -0.0269 0.9989
vn -0.0774 -0.5526 -0.8298
vn 0.0193 -0.0137 0.9997
vn -0.1276 -0.5302 -0.8382
vn -0.0396 -0.9045 -0.4246
vn -0.1252 -0.8666 -0.4830
vn -0.1228 -0.8944 -0.4302
vn -0.2099 -0.8429 -0.4953
vn 0.0204 -0.0080 0.9998
vn 0.1367 -0.0745 0.9878
vn 0.1317 -0.2153 0.9676
vn -0.0000 -0.0148 -0.9999
vn 0.1316 -0.2150 0.9677
vn -0.0000 -0.1768 -0.9842
vn 0.1205 -0.3460 0.9305
vn -0.0103 -0.1726 0.9849
vn -0.0000 -0.0690 -0.9976
vn -0.0142 -0.1601 0.9870
vn -0.0000 -0.0977 -0.9952
vn -0.0140 -0.1600 0.9870
vn -0.0000 -0.1342 -0.9909
vn -0.0000 -0.2564 -0.9666
vn -0.0105 -0.1204 0.9927
vn -0.0118 -0.9999 -0.0000
vn -0.0667 -0.9978 -0.0000
vn -0.0140 -0.9496 0.3130
vn -0.0187 -0.1315 -0.9911
vn -0.0101 -0.6843 0.7291
vn -0.0087 -0.8948 0.4464
vn -0.0316 -0.8907 0.4536
vn -0.0084 -0.1768 -0.9842
vn -0.0253 -0.7152 0.6984
vn -0.0308 -0.8841 0.4663
vn -0.0586 -0.9250 0.3753
vn -0.0512 -0.8753 0.4809
vn -0.0106 -0.6898 0.7239
vn -0.0111 -0.2564 -0.9665
vn -0.0214 -0.6780 0.7348
vn -0.0583 0.2423 0.9684
vn -0.0423 -0.6954 0.7174
vn -0.0576 0.2348 0.9703
vn -0.0249 -0.4095 0.9120
vn -0.0236 -0.4011 0.9157
vn -0.0396 -0.6757 0.7361
vn -0.0067 -0.4380 0.8989
vn -0.0145 -0.4307 0.9024
vn -0.0133 -0.4202 0.9073
vn -0.3466 0.1920 0.9182
vn -0.3467 0.1920 0.9181
vn -0.0082 -0.0327 -0.9994
vn -0.0014 -0.0863 0.9963
vn -0.0032 -0.0687 -0.9976
vn -0.0006 -0.0411 0.9992
vn -0.0029 -0.0690 -0.9976
vn -0.1374 0.0761 0.9876
vn -0.0096 -0.0668 -0.9977
vn -0.0009 -0.0853 0.9964
vn -0.1367 0.0745 0.9878
vn -0.1317 0.2153 0.9676
vn -0.0013 -0.0418 0.9991
vn -0.0041 -0.0976 -0.9952
vn -0.0040 -0.0977 -0.9952
vn -0.0691 0.0384 0.9969
vn -0.0013 -0.0404 0.9992
vn -0.0689 0.0375 0.9969
vn 0.4577 0.8891 0.0003
vn 0.4530 0.8915 -0.0000
vn -0.3059 0.4997 0.8104
vn 0.0265 0.0446 -0.9987
vn 0.0259 0.0502 -0.9984
vn -0.2973 0.4776 0.8268
vn 0.0263 0.0418 -0.9988
vn -0.2378 0.6930 0.6806
vn -0.2339 0.6748 0.7000
vn -0.1934 0.8002 0.5677
vn 0.4538 0.8911 -0.0000
vn -0.1916 0.7872 0.5862
vn 0.0274 0.0146 -0.9995
vn 0.4527 0.8917 -0.0001
vn 0.0274 0.0147 -0.9995
vn 0.0269 0.0194 -0.9995
vn -0.1316 0.2150 0.9677
vn -0.1202 0.3490 0.9294
vn -0.0660 0.1079 0.9920
vn -0.0634 0.1842 0.9808
vn -0.0619 0.1730 0.9830
vn -0.1194 0.3444 0.9312
vn 0.0253 0.0712 -0.9971
vn -0.8749 0.4844 -0.0000
vn -0.5285 0.8489 -0.0000
vn 0.0430 0.1792 -0.9829
vn -0.2349 0.9720 -0.0000
vn 0.0334 0.0922 -0.9952
vn 0.0336 0.0944 -0.9950
vn 0.0691 -0.0384 0.9969
vn 0.0689 -0.0375 0.9969
vn 0.0667 -0.1092 0.9918
vn -0.2371 0.9715 -0.0000
vn 0.0666 -0.1089 0.9918
vn 0.2425 -0.6816 0.6904
vn 0.2384 -0.6633 0.7093
vn 0.1166 -0.3244 0.9387
vn 0.1020 -0.4192 0.9021
vn 0.0630 -0.1809 0.9815
vn 0.0624 -0.1763 0.9824
vn 0.0578 -0.2402 0.9690
vn -0.0243 0.2881 -0.9573
vn 0.1371 -0.0000 0.9906
vn 0.0692 -0.0000 0.9976
vn 0.0472 -0.1362 0.9896
vn 0.0468 -0.1324 0.9901
vn -0.0395 0.6755 -0.7363
vn -0.0512 0.8753 -0.4808
vn -0.0423 0.6954 -0.7173
vn 0.0354 -0.0580 0.9977
vn -0.0632 0.9980 -0.0000
vn 0.0352 -0.0566 0.9978
vn -0.2369 0.9715 -0.0000
vn 0.0331 -0.0956 0.9949
vn -0.3384 0.9410 -0.0000
vn -0.0233 0.1837 -0.9827
vn -0.0226 0.1849 -0.9825
vn 0.0271 -0.0141 0.9995
vn 0.0261 -0.0420 0.9988
vn -0.0322 0.3589 -0.9328
vn -0.0323 0.3590 -0.9328
vn -0.0576 0.6418 -0.7647
vn 0.0306 -0.1281 0.9913
vn 0.0233 -0.0976 0.9950
vn 0.0305 -0.1272 0.9914
vn 0.0268 -0.1587 0.9870
vn -0.0419 0.1149 -0.9925
vn 0.0271 -0.0145 0.9995
vn 0.0263 -0.0448 0.9986
vn -0.0690 0.1360 -0.9883
vn -0.0550 0.1529 -0.9867
vn 0.0692 -0.1366 -0.9882
vn 0.0251 -0.0743 0.9969
vn 0.0552 -0.1534 -0.9866
vn 0.0562 -0.1539 -0.9865
vn 0.0248 -0.0667 0.9975
vn 0.0783 -0.2176 -0.9729
vn 0.0798 -0.2189 -0.9725
vn 0.1135 -0.3110 -0.9436
vn -0.0783 0.2176 -0.9729
vn -0.0798 0.2189 -0.9725
vn 0.0207 -0.0108 0.9997
vn -0.1135 0.3110 -0.9436
vn -0.1141 0.3117 -0.9433
vn -0.0822 0.3357 -0.9384
vn -0.1815 0.4959 -0.8492
vn 0.0233 -0.0985 0.9949
vn 0.0492 -0.0511 -0.9975
vn -0.1308 0.5318 -0.8367
vn 0.0205 -0.1240 0.9921
vn 0.0176 -0.0746 0.9971
vn -0.2085 0.8552 -0.4745
vn 0.0205 -0.1214 0.9924
vn 0.0493 -0.0510 -0.9975
vn -0.2119 0.8617 -0.4611
vn 0.0437 -0.0635 -0.9970
vn 0.0208 -0.0116 0.9997
vn 0.0439 -0.0634 -0.9970
vn 0.0372 -0.0744 -0.9965
vn -0.0981 0.0690 -0.9928
vn 0.0203 -0.0346 0.9992
vn -0.0991 0.0685 -0.9927
vn 0.0609 -0.0881 -0.9943
vn 0.0202 -0.0325 0.9993
vn -0.0903 0.0939 -0.9915
vn 0.0514 -0.1028 -0.9934
vn 0.0194 -0.0570 0.9982
vn -0.1305 0.1356 -0.9821
vn 0.0521 -0.1028 -0.9933
vn -0.0911 0.0937 -0.9914
vn 0.0418 -0.1146 -0.9925
vn -0.0802 0.1171 -0.9899
vn 0.0192 -0.0518 0.9985
vn -0.0809 0.1171 -0.9898
vn -0.0688 0.1360 -0.9883
vn 0.0176 -0.0720 0.9972
vn -0.1157 0.1675 -0.9791
vn 0.0301 -0.1245 -0.9918
vn 0.0306 -0.1247 -0.9917
vn -0.1161 0.1676 -0.9790
vn -0.0982 0.1955 -0.9758
vn 0.0127 -0.0071 0.9999
vn 0.0417 -0.1146 -0.9925
vn 0.0208 -0.0000 0.9998
vn -0.0992 0.1960 -0.9756
vn 0.0403 -0.1665 -0.9852
vn 0.0407 -0.1669 -0.9851
vn 0.0254 -0.1745 -0.9843
vn 0.0379 -0.0263 0.9989
vn 0.0350 -0.0358 0.9987
vn 0.0209 -0.0035 0.9998
vn 0.0572 -0.2346 -0.9704
vn 0.0208 -0.0031 0.9998
vn 0.0352 -0.2461 -0.9686
vn 0.0204 -0.0078 0.9998
vn 0.0193 -0.0138 0.9997
vn 0.0178 -0.0188 0.9997
vn 0.0179 -0.0183 0.9997
vn 0.0159 -0.0230 0.9996
vn 0.0311 -0.0452 -0.9985
vn 0.0313 -0.0450 -0.9985
vn 0.0081 -0.0058 1.0000
vn 0.0256 -0.0532 -0.9983
vn 0.0358 -0.2458 0.9687
vn 0.0269 -0.0525 -0.9983
vn 0.0210 -0.0588 -0.9980
vn 0.0255 -0.1746 0.9843
vn 0.0215 -0.0587 -0.9980
vn 0.0159 -0.0634 -0.9979
vn 0.0255 -0.1745 0.9843
vn 0.0073 -0.1793 0.9838
vn 0.0055 -0.1342 0.9909
vn 0.0084 -0.1768 0.9842
vn 0.0188 -0.1313 0.9912
vn 0.0380 -0.0742 -0.9965
vn 0.0298 -0.0835 -0.9961
vn 0.0191 -0.1306 0.9913
vn 0.0304 -0.0835 -0.9960
vn 0.0221 -0.0901 -0.9957
vn 0.0227 -0.0902 -0.9957
vn 0.0040 -0.0977 0.9952
vn 0.0136 -0.0950 0.9954
vn 0.0209 -0.0031 -0.9998
vn 0.0041 -0.0975 0.9952
vn 0.0160 -0.0635 0.9979
vn 0.0160 -0.0634 0.9979
vn 0.0095 -0.0670 0.9977
vn 0.0029 -0.0690 0.9976
vn 0.0032 -0.0687 0.9976
vn 0.0406 -0.0060 -0.9992
vn -0.0009 -0.0148 -0.9999
vn -0.0019 -0.0145 -0.9999
vn -0.0036 -0.0136 -0.9999
vn -0.0046 -0.0127 -0.9999
vn 0.0110 -0.0301 0.9995
vn -0.0085 -0.0032 -1.0000
vn -0.0087 -0.0011 -1.0000
vn 0.0049 -0.0344 0.9994
vn -0.0021 -0.0351 -0.9994
vn -0.0017 -0.0353 -0.9994
vn -0.0049 -0.0343 -0.9994
vn -0.0044 -0.0348 -0.9994
vn 0.0074 -0.0078 0.9999
vn 0.0161 -0.0224 0.9996
vn 0.0133 -0.0275 0.9995
vn -0.0135 -0.0951 -0.9954
vn 0.0108 -0.0305 0.9995
vn -0.0055 -0.1342 -0.9909
vn 0.0082 -0.0326 0.9994
vn 0.0085 -0.0323 0.9994
vn -0.0191 -0.1306 -0.9913
vn 0.0044 -0.0347 0.9994
vn 0.0019 -0.0145 0.9999
vn 0.0017 -0.0353 0.9994
vn -0.0305 -0.1244 -0.9918
vn 0.0021 -0.0351 0.9994
vn -0.0303 -0.1252 -0.9917
vn 0.0087 -0.0015 1.0000
vn -0.0073 -0.1792 -0.9838
vn 0.0085 -0.0033 1.0000
vn -0.0255 -0.1742 -0.9844
vn 0.0068 -0.0094 0.9999
vn -0.0254 -0.1744 -0.9844
vn 0.0055 -0.0115 0.9999
vn 0.0045 -0.0127 0.9999
vn 0.0036 -0.0136 0.9999
vn 0.0009 -0.0148 0.9999
vn 0.1538 -0.0000 0.9881
vn 0.0577 -0.0000 0.9983
vn 0.0409 -0.0000 0.9992
vn 0.0429 0.1784 -0.9830
vn -0.1662 0.2400 -0.9564
vn -0.1405 0.2806 -0.9495
vn -0.1413 0.2812 -0.9492
vn 0.1076 0.8866 -0.4498
vn 0.1205 0.9927 -0.0000
vn -0.2200 0.4393 -0.8710
vn -0.2272 0.4470 -0.8652
vn -0.1735 0.4843 -0.8575
vn -0.3898 0.7669 -0.5098
vn -0.3919 0.7693 -0.5046
vn -0.2939 0.8205 -0.4902
vn -0.2953 0.8227 -0.4858
vn 0.3379 0.9412 -0.0000
vn 0.0253 0.0699 -0.9972
vn 0.0253 0.0620 -0.9978
vn 0.3401 0.9404 -0.0000
vn -0.2044 0.1432 -0.9684
vn -0.1427 0.0986 -0.9849
vn -0.1311 0.1356 -0.9821
vn -0.2049 0.1432 -0.9683
vn -0.1879 0.1943 -0.9628
vn -0.1880 0.1943 -0.9628
vn -0.3335 0.2331 -0.9135
vn 0.0232 0.0972 -0.9950
vn -0.3352 0.2334 -0.9128
vn -0.3020 0.3125 -0.9006
vn -0.3027 0.3128 -0.9003
vn -0.2643 0.3852 -0.8842
vn 0.0232 0.0999 -0.9947
vn 0.0254 0.0708 -0.9972
vn -0.2696 0.3892 -0.8808
vn -0.6491 0.4572 -0.6080
vn -0.6631 0.4618 -0.5891
vn -0.5772 0.6004 -0.5536
vn -0.5839 0.6042 -0.5423
vn 0.0305 0.1272 -0.9914
vn -0.4797 0.6992 -0.5302
vn 0.0306 0.1281 -0.9913
vn -0.4906 0.7084 -0.5074
vn 0.0376 0.2248 -0.9737
vn 0.0376 0.2249 -0.9736
vn -0.0120 -0.2534 -0.9673
vn 0.0740 0.5816 -0.8101
vn -0.0358 -0.2458 -0.9687
vn 0.0755 0.6129 -0.7865
vn -0.0355 -0.2475 -0.9682
vn -0.0085 -0.0323 -0.9994
vn -0.0110 -0.0301 -0.9995
vn 0.0205 0.1211 -0.9924
vn 0.1368 -0.9906 -0.0000
vn 0.3374 0.9413 -0.0000
vn 0.0230 0.0978 -0.9949
vn -0.0094 -0.0670 -0.9977
vn 0.1365 -0.9906 -0.0000
vn -0.0159 -0.0634 -0.9979
vn -0.0158 -0.0635 -0.9979
vn 0.0268 0.1603 -0.9867
vn 0.8175 -0.5759 -0.0000
vn 0.0324 0.2569 -0.9659
vn 0.0326 0.2660 -0.9634
vn 0.5694 -0.8221 -0.0000
vn 0.4539 -0.8910 -0.0000
vn -0.0310 -0.0455 -0.9985
vn 0.0414 0.3257 -0.9446
vn -0.0349 -0.0362 -0.9987
vn 0.0421 0.3441 -0.9380
vn -0.0134 -0.0953 -0.9954
vn -0.0226 -0.0897 -0.9957
vn -0.0222 -0.0905 -0.9956
vn -0.0303 -0.0831 -0.9961
vn 0.0910 0.9958 -0.0000
vn 0.3346 0.9423 0.0002
vn 0.3392 0.9407 -0.0001
vn 0.0175 0.1459 -0.9891
vn -0.0554 -0.1540 -0.9865
vn -0.0405 -0.1660 -0.9853
vn -0.0403 -0.1668 -0.9852
vn -0.0006 -0.0202 0.9998
vn -0.0012 -0.0189 0.9998
vn -0.0014 -0.0184 0.9998
vn -0.0019 -0.0155 0.9999
vn -0.0573 -0.2345 -0.9704
vn -0.0029 -0.0018 1.0000
vn -0.0573 -0.2349 -0.9703
vn -0.0791 -0.2169 -0.9730
vn -0.0037 -0.0845 0.9964
vn -0.0027 -0.0834 0.9965
vn -0.0214 -0.0584 -0.9981
vn -0.0025 -0.0378 0.9993
vn -0.0211 -0.0590 -0.9980
vn -0.0268 -0.0518 -0.9983
vn -0.0027 -0.0371 0.9993
vn -0.0262 -0.0536 -0.9982
vn -0.0309 -0.0456 -0.9985
vn -0.0024 -0.0124 0.9999
vn -0.0300 -0.0839 -0.9960
vn -0.0025 -0.0107 0.9999
vn -0.0376 -0.0746 -0.9965
vn -0.0075 -0.1282 0.9917
vn -0.0492 -0.0511 -0.9975
vn -0.0055 -0.0806 0.9967
vn -0.0026 -0.0377 0.9993
vn -0.0047 -0.0806 0.9967
vn -0.0056 -0.0115 -0.9999
vn -0.0067 -0.0096 -0.9999
vn -0.0074 -0.0078 -0.9999
vn -0.0028 -0.0370 0.9993
vn -0.0081 -0.0058 -1.0000
vn -0.0039 -0.0314 0.9995
vn -0.0134 -0.0273 -0.9995
vn -0.0133 -0.0275 -0.9995
vn -0.0159 -0.0230 -0.9996
vn -0.0027 -0.0087 1.0000
vn -0.0029 -0.0042 1.0000
vn -0.0066 -0.0760 0.9971
vn -0.0057 -0.0770 0.9970
vn -0.0039 -0.0316 0.9995
vn -0.0048 -0.0251 0.9997
vn -0.0060 -0.0036 1.0000
vn -0.0060 -0.0000 1.0000
vn -0.0135 -0.1061 0.9943
vn -0.0085 -0.0671 0.9977
vn -0.0083 -0.0676 0.9977
vn -0.0105 -0.0536 0.9985
vn -0.0586 0.9252 -0.3748
vn -0.3379 0.9412 -0.0000
vn -0.3385 0.9410 -0.0000
vn -0.0227 0.0993 -0.9948
vn -0.0234 0.0979 -0.9949
vn -0.3378 0.9412 -0.0000
vn 0.2209 -0.0000 0.9753
vn -0.0211 0.1216 -0.9924
vn -0.0207 0.1221 -0.9923
vn 0.0592 -0.0000 0.9982
vn -0.0180 0.1425 -0.9896
vn 0.0209 -0.0000 0.9998
vn -0.0232 0.1838 -0.9827
vn -0.0233 0.1839 -0.9827
vn -0.0335 0.2637 -0.9640
vn -0.0266 0.2956 -0.9549
vn 0.0087 -0.0000 1.0000
vn 0.1066 -0.0000 0.9943
vn 0.0797 -0.0000 0.9968
vn 0.0227 -0.0000 0.9997
vn -0.0608 0.6589 -0.7498
vn 0.0091 -0.0000 1.0000
vn -0.5221 -0.8529 -0.0000
vn -0.5216 -0.8532 0.0001
vn -0.8916 -0.4528 -0.0000
vn -0.0842 0.9122 -0.4011
vn -1.0000 -0.0000 -0.0000
vn -0.0906 0.9959 -0.0000
vn -0.4518 0.8921 -0.0002
vn -0.4522 0.8919 0.0001
vn -0.4566 0.8897 -0.0000
vn -0.0000 -0.0148 0.9999
vn 0.0409 -0.0053 -0.9992
vn -0.4503 0.8929 -0.0000
vn 0.0271 -0.0000 0.9996
vn 0.0396 -0.0165 -0.9991
vn 0.0400 -0.0156 -0.9991
vn 0.0377 -0.0268 -0.9989
vn 0.7703 -0.0000 0.6376
vn -0.0261 0.0457 -0.9986
vn 0.0380 -0.0264 -0.9989
vn -0.3383 0.9410 -0.0000
vn -0.0249 0.0700 -0.9972
vn 0.2211 -0.0000 0.9752
vn -0.0270 0.0654 -0.9975
vn 0.1536 -0.0000 0.9881
vn -0.0255 0.0704 -0.9972
vn 0.0535 -0.0372 -0.9979
vn -0.0254 0.0707 -0.9972
vn 0.3351 -0.9422 -0.0000
vn 0.1493 -0.0000 0.9888
vn 0.2263 -0.9741 -0.0000
vn -0.0233 0.0988 -0.9948
vn 0.2416 -0.9704 -0.0000
vn 0.2259 -0.9741 0.0001
vn -0.0302 0.1280 -0.9913
vn 0.0208 -0.0035 -0.9998
vn 0.0204 -0.0080 -0.9998
vn -0.0208 0.1221 -0.9923
vn 0.0204 -0.0078 -0.9998
vn 0.0193 -0.0138 -0.9997
vn 0.0193 -0.0137 -0.9997
vn 0.1691 -0.9856 -0.0000
vn 0.1721 -0.9851 -0.0000
vn 0.0177 -0.0187 -0.9997
vn 0.1072 -0.0000 0.9942
vn 0.0828 -0.0000 0.9966
vn 0.0576 -0.0000 0.9983
vn 0.0179 -0.0183 -0.9997
vn -0.0272 0.1596 -0.9868
vn 0.0159 -0.0229 -0.9996
vn 0.1690 -0.9856 -0.0000
vn 0.0798 -0.0000 0.9968
vn 0.0349 -0.0362 -0.9987
vn -0.0316 0.2597 -0.9652
vn 0.0351 -0.0359 -0.9987
vn 0.1267 -0.9919 -0.0000
vn -0.0400 0.3287 -0.9436
vn 0.1268 -0.9919 -0.0000
vn 0.1232 -0.9924 -0.0000
vn 0.0853 -0.9964 -0.0000
vn 0.0854 -0.9963 -0.0000
vn 0.0187 -0.1307 -0.9912
vn -0.0431 0.3386 -0.9400
vn 0.0054 -0.1342 -0.9909
vn 0.0055 -0.1342 -0.9909
vn 0.0866 -0.9962 -0.0000
vn -0.0779 0.6121 -0.7869
vn 0.0619 -0.9981 -0.0000
vn 0.0192 -0.1311 -0.9912
vn 0.3685 -0.0000 0.9296
vn 0.0072 -0.1768 -0.9842
vn -0.0819 0.9003 -0.4275
vn 0.8816 -0.4720 -0.0000
vn 0.3533 -0.0001 0.9355
vn 0.3683 -0.0000 0.9297
vn 0.5157 -0.8568 -0.0000
vn 0.0361 -0.2474 -0.9683
vn 0.0255 -0.1746 -0.9843
vn -0.5694 0.8221 -0.0000
vn 0.0085 -0.1790 -0.9838
vn 0.3352 -0.9421 -0.0000
vn -0.4567 0.8896 0.0002
vn -0.4538 0.8911 -0.0000
vn 0.3473 -0.9377 -0.0000
vn -0.0323 -0.0000 -0.9995
vn 0.0344 -0.3846 0.9225
vn -0.0274 0.0007 -0.9996
vn 0.0109 -0.2537 -0.9672
vn -0.0269 0.0168 -0.9995
vn 0.0343 -0.3824 0.9234
vn 0.0122 -0.2564 -0.9665
vn -0.0274 0.0146 -0.9995
vn 0.0205 0.1216 -0.9924
vn 0.0211 0.1216 -0.9924
vn 0.0268 0.1587 -0.9870
vn 0.0082 -0.0326 -0.9994
vn 0.0160 -0.0634 -0.9979
vn 0.0016 -0.0352 -0.9994
vn 0.0032 -0.0690 -0.9976
vn 0.0094 -0.0670 -0.9977
vn 0.0095 -0.0670 -0.9977
vn 0.0029 -0.0688 -0.9976
vn 0.0134 -0.0950 -0.9954
vn 0.0136 -0.0952 -0.9954
vn 0.0040 -0.0976 -0.9952
vn 0.0041 -0.0977 -0.9952
vn 0.3375 0.9413 -0.0000
vn 0.0176 0.1395 -0.9901
vn 0.0087 -0.0015 -1.0000
vn 0.0085 -0.0033 -1.0000
vn 0.0081 -0.0058 -1.0000
vn 0.0074 -0.0078 -0.9999
vn 0.0068 -0.0094 -0.9999
vn 0.0055 -0.0115 -0.9999
vn 0.0045 -0.0127 -0.9999
vn 0.2370 0.9715 -0.0000
vn 0.0036 -0.0136 -0.9999
vn 0.3387 0.9409 -0.0000
vn 0.0019 -0.0145 -0.9999
vn 0.0009 -0.0148 -0.9999
vn 0.0232 0.1836 -0.9827
vn 0.0232 0.1834 -0.9828
vn 0.0232 0.1843 -0.9826
vn 0.0232 0.1837 -0.9827
vn 0.0162 -0.0225 -0.9996
vn 0.0133 -0.0275 -0.9995
vn 0.0323 0.3609 -0.9321
vn 0.0108 -0.0303 -0.9995
vn 0.0111 -0.0302 -0.9995
vn 0.0085 -0.0325 -0.9994
vn 0.0044 -0.0345 -0.9994
vn 0.0322 0.3591 -0.9327
vn 0.0049 -0.0345 -0.9994
vn 0.0021 -0.0353 -0.9994
vn 0.0592 0.6588 -0.7500
vn -0.0054 -0.0175 0.9998
vn -0.0124 -0.0200 0.9997
vn -0.0049 -0.0249 0.9997
vn -0.0052 -0.0219 0.9997
vn -0.0050 -0.0234 0.9997
vn -0.0056 -0.0156 0.9999
vn -0.0060 -0.0086 0.9999
vn -0.0059 -0.0095 0.9999
vn -0.0060 -0.0038 1.0000
vn -0.0138 -0.1059 0.9943
vn -0.0155 -0.0941 0.9954
vn -0.0155 -0.0943 0.9954
vn -0.0178 -0.0728 0.9972
vn -0.0176 -0.0736 0.9971
vn -0.0094 -0.0573 0.9983
vn -0.0111 -0.0451 0.9989
vn -0.0103 -0.0487 0.9988
vn -0.0119 -0.0330 0.9994
vn -0.0117 -0.0344 0.9993
vn -0.0125 -0.0193 0.9997
vn -0.0128 -0.0071 0.9999
vn -0.0127 -0.0080 0.9999
vn -0.0128 -0.0000 0.9999
vn -0.0087 -0.0000 1.0000
vn -0.0095 -1.0000 -0.0000
vn -0.0399 -0.0000 0.9992
vn -0.0097 -1.0000 0.0001
vn -0.0000 1.0000 -0.0000
vn -0.0000 -0.1768 0.9842
vn -0.0000 -0.1342 0.9909
vn -0.0000 -0.8889 0.4581
vn -0.0000 -0.5696 0.8219
vn -0.0000 -0.0353 0.9994
vn -0.0000 -0.2564 0.9666
vn -0.0000 -0.3544 0.9351
vn -0.0435 -0.9042 0.4249
vn -0.0389 -0.8882 0.4577
vn -0.1290 -0.8933 0.4305
vn -0.0158 -0.0232 -0.9996
vn -0.0179 -0.0183 -0.9997
vn -0.0178 -0.0188 -0.9997
vn 0.0254 -0.2845 0.9583
vn -0.0194 -0.0138 -0.9997
vn 0.0255 -0.2786 0.9601
vn 0.0180 -0.3079 0.9512
vn 0.0129 -0.2212 0.9752
vn -0.0208 -0.0026 -0.9998
vn 0.0180 -0.3057 0.9520
vn -0.0194 -0.0134 -0.9997
vn -0.0379 -0.0261 -0.9989
vn -0.0204 -0.0078 -0.9998
vn -0.0204 -0.0084 -0.9998
vn -0.0208 -0.0031 -0.9998
vn -0.0270 0.0157 -0.9995
vn -0.0268 0.0422 -0.9987
vn -0.0262 0.0441 -0.9987
vn -0.0350 -0.0358 -0.9987
vn -0.0379 -0.0263 -0.9989
vn -0.0409 -0.0060 -0.9991
vn -0.0333 0.0936 -0.9951
vn -0.0821 -0.3354 -0.9385
vn -0.0821 -0.3358 -0.9383
vn -0.1273 -0.5202 -0.8445
vn -0.0306 0.1275 -0.9914
vn -0.0265 0.1596 -0.9868
vn -0.3404 0.9403 -0.0000
vn -0.2103 -0.8737 -0.4387
vn 0.0587 0.6357 -0.7697
vn 0.0834 0.9038 -0.4198
vn -0.0419 -0.1148 -0.9925
vn 0.0834 0.9125 -0.4004
vn -0.0419 -0.1150 -0.9925
vn -0.0520 -0.1026 -0.9934
vn -0.0556 -0.1523 -0.9868
vn 0.0178 0.0728 0.9972
vn 0.0175 0.0740 0.9971
vn 0.0192 0.0522 0.9985
vn 0.0109 0.0444 0.9990
vn -0.0791 -0.2198 -0.9723
vn 0.0125 0.0201 0.9997
vn -0.1137 -0.3108 -0.9436
vn 0.0127 0.0071 0.9999
vn -0.1138 -0.3120 -0.9432
vn -0.1763 -0.4817 -0.8584
vn -0.1768 -0.4859 -0.8559
vn 0.0321 0.3594 0.9326
vn 0.0264 0.2950 0.9551
vn -0.0379 -0.0732 -0.9966
vn 0.0243 0.2881 0.9573
vn -0.0436 -0.0637 -0.9970
vn -0.0436 -0.0642 -0.9970
vn 0.0177 0.2094 0.9777
vn -0.0492 -0.0510 -0.9975
vn -0.0373 0.2245 -0.9737
vn 0.0182 0.1401 0.9900
vn -0.0376 0.2249 -0.9737
vn 0.0177 0.1401 0.9900
vn 0.0203 0.1228 0.9922
vn -0.0535 -0.0372 -0.9979
vn -0.0500 0.2989 -0.9530
vn 0.0155 0.0941 0.9954
vn -0.0520 -0.1031 -0.9933
vn -0.0606 -0.0885 -0.9942
vn -0.0721 0.5882 -0.8055
vn 0.0094 0.0573 0.9983
vn 0.0107 0.0452 0.9989
vn 0.0120 0.0325 0.9994
vn 0.0116 0.0350 0.9993
vn -0.1055 0.8695 -0.4825
vn -0.1205 0.9927 -0.0000
vn -0.1079 0.8803 -0.4620
vn 0.0124 0.0214 0.9997
vn -0.2203 -0.4389 -0.8711
vn 0.0127 0.0079 0.9999
vn -0.3904 -0.7665 -0.5100
vn -0.3953 -0.7876 -0.4726
vn -0.3245 0.9459 -0.0000
vn -0.2208 -0.4409 -0.8700
vn -0.1690 0.9856 -0.0000
vn -0.8175 0.5759 -0.0000
vn -0.2987 -0.8209 -0.4868
vn 0.0060 0.0038 1.0000
vn -0.3005 -0.8371 -0.4572
vn 0.0184 -0.2015 0.9793
vn 0.0130 -0.2187 0.9757
vn 0.0179 -0.1416 0.9898
vn 0.0141 -0.1606 0.9869
vn 0.0141 -0.1596 0.9871
vn -0.0503 -0.0000 -0.9987
vn -0.0507 -0.0000 -0.9987
vn -0.0691 -0.0000 -0.9976
vn -0.0692 -0.0000 -0.9976
vn -0.5699 0.8217 0.0001
vn -0.0361 -0.0000 -0.9993
vn 0.0111 -0.3309 0.9436
vn 0.0118 -0.3183 0.9479
vn -0.0362 -0.0002 -0.9993
vn -0.0302 -0.0000 -0.9995
vn -0.0361 0.0206 -0.9991
vn -0.0364 0.0195 -0.9991
vn -0.0353 0.0596 -0.9976
vn 0.0081 -0.2309 0.9729
vn -0.0354 0.0593 -0.9976
vn -0.0337 0.0928 -0.9951
vn 0.0084 -0.2274 0.9738
vn -0.0471 0.1298 -0.9904
vn -0.0429 0.1788 -0.9829
vn -0.0430 0.1788 -0.9829
vn 0.0104 -0.1747 0.9846
vn 0.0107 -0.1714 0.9851
vn -0.0572 0.2376 -0.9697
vn 0.0063 -0.1840 0.9829
vn 0.0047 -0.1390 0.9903
vn -0.0492 0.2973 -0.9535
vn 0.0064 -0.1826 0.9832
vn -0.0879 0.5311 -0.8427
vn 0.0076 -0.1303 0.9914
vn -0.0896 0.5363 -0.8393
vn 0.0079 -0.1273 0.9918
vn -0.1394 0.8343 -0.5333
vn 0.0407 -0.6974 0.7155
vn 0.0408 -0.6707 0.7406
vn 0.0551 -0.8736 0.4836
vn 0.0311 -0.8908 0.4534
vn -0.0492 0.0825 -0.9954
vn -0.0466 0.1302 -0.9904
vn -0.0639 0.1786 -0.9818
vn -0.0586 0.2391 -0.9692
vn -0.1083 0.4417 -0.8906
vn -0.0347 -0.9994 0.0001
vn -0.0348 -0.9994 -0.0000
vn -0.1485 0.8659 -0.4777
vn -0.0366 -0.9993 -0.0000
vn -0.0630 -0.9980 0.0001
vn -0.0632 -0.9980 -0.0000
vn -0.0505 0.0287 -0.9983
vn -0.0506 0.0281 -0.9983
vn -0.0493 0.0823 -0.9954
vn -0.0029 -0.0000 1.0000
vn -0.0689 0.0383 -0.9969
vn -0.0691 0.0377 -0.9969
vn -0.0659 0.1099 -0.9918
vn -0.1367 0.0757 -0.9877
vn -0.1375 0.0749 -0.9877
vn -0.3466 0.1920 -0.9182
vn -0.3467 0.1919 -0.9181
vn -0.0667 0.1090 -0.9918
vn -0.0615 0.1786 -0.9820
vn -0.1316 0.2152 -0.9677
vn -0.1317 0.2152 -0.9677
vn -0.1192 0.3460 -0.9306
vn -0.1204 0.3472 -0.9300
vn -0.1068 0.4389 -0.8922
vn -0.2958 0.4833 -0.8240
vn -0.3072 0.4934 -0.8138
vn -0.2327 0.6782 -0.6971
vn -0.2391 0.6897 -0.6835
vn -0.1906 0.7889 -0.5842
vn -0.1944 0.7986 -0.5696
vn -0.1192 -0.8680 0.4820
vn -0.0287 -0.5694 0.8216
vn -0.0242 -0.5518 0.8336
vn -0.0797 -0.5516 0.8303
vn -0.0758 -0.5414 0.8373
vn -0.0183 -0.3632 0.9315
vn -0.0153 -0.3543 0.9350
vn -0.0508 -0.3549 0.9335
vn -0.0493 -0.3515 0.9349
vn -0.0820 -0.3355 0.9385
vn -0.0361 -0.2474 0.9683
vn -0.0574 -0.2348 0.9704
vn -0.0000 -0.0977 0.9952
vn -0.0000 -0.0690 0.9976
vn -0.0055 -0.1342 0.9909
vn -0.0041 -0.0977 0.9952
vn -0.0040 -0.0976 0.9952
vn -0.0032 -0.0690 0.9976
vn 0.0087 -0.0000 -1.0000
vn -0.0029 -0.0688 0.9976
vn -0.0096 -0.0670 0.9977
vn 0.1536 -0.0000 -0.9881
vn 0.2209 -0.0000 -0.9753
vn -0.0021 -0.0353 0.9994
vn -0.0000 -0.0353 -0.9994
vn -0.0016 -0.0352 0.9994
vn -0.0081 -0.0326 0.9994
vn -0.0050 -0.0345 0.9994
vn 0.0409 -0.0000 -0.9992
vn 0.0577 -0.0000 -0.9983
vn -0.0044 -0.0345 0.9994
vn 0.1066 -0.0000 -0.9943
vn -0.0085 -0.0325 0.9994
vn 0.1365 -0.9906 -0.0001
vn 0.7703 -0.0000 -0.6376
vn 0.3379 -0.9412 -0.0000
vn 0.2417 -0.9704 -0.0000
vn 0.1355 -0.9908 -0.0000
vn -0.0009 -0.0148 0.9999
vn 0.0798 -0.0000 -0.9968
vn -0.0019 -0.0145 0.9999
vn -0.0036 -0.0136 0.9999
vn -0.0046 -0.0127 0.9999
vn 0.3683 -0.0000 -0.9297
vn 0.6930 -0.7209 -0.0000
vn 0.9916 -0.1295 -0.0000
vn -0.0122 -0.2564 0.9665
vn -0.0109 -0.2537 0.9672
vn 0.9258 -0.3779 -0.0000
vn 0.0313 -0.8839 0.4666
vn 0.0226 -0.7183 0.6953
vn 0.0240 -0.6765 0.7360
vn 0.1536 0.0197 -0.9879
vn 0.0105 -0.6841 0.7293
vn 0.0243 -0.4114 0.9111
vn 0.0244 -0.4010 0.9158
vn 0.0136 -0.4315 0.9020
vn 0.7463 0.0966 -0.6586
vn 0.0140 -0.4196 0.9076
vn 0.0048 -0.4398 0.8981
vn 0.7660 0.1059 -0.6341
vn 0.0197 0.3027 0.9529
vn 0.0196 0.3026 0.9529
vn 0.0146 0.2255 0.9741
vn 0.0187 0.2117 0.9772
vn -0.0025 0.0107 0.9999
vn -0.0024 0.0124 0.9999
vn 0.0142 0.1601 0.9870
vn 0.0140 0.1600 0.9870
vn -0.0014 0.0184 0.9998
vn -0.0012 0.0188 0.9998
vn 0.0105 0.1204 0.9927
vn -0.0006 0.0202 0.9998
vn 0.0138 0.1058 0.9943
vn 0.0135 0.1061 0.9943
vn 0.0155 0.0943 0.9954
vn -0.0030 0.2474 0.9689
vn 0.0096 0.0564 0.9984
vn -0.0010 0.0895 0.9960
vn 0.0056 0.0168 0.9998
vn 0.0059 0.0095 0.9999
vn -0.0000 0.0418 0.9991
vn -0.4917 -0.7098 -0.5044
vn -0.3379 -0.9412 -0.0000
vn -0.4539 -0.8910 -0.0000
vn -0.0006 0.0404 0.9992
vn -0.0689 -0.1359 -0.9883
vn -0.0689 -0.1362 -0.9883
vn -0.0986 -0.1949 -0.9759
vn -0.0987 -0.1965 -0.9755
vn -0.1158 -0.1672 -0.9791
vn 0.0132 0.2206 0.9753
vn -0.1408 -0.2802 -0.9496
vn -0.1410 -0.2815 -0.9491
vn -0.1662 -0.2400 -0.9564
vn 0.0103 0.1726 0.9849
vn -0.0035 0.3228 0.9464
vn -0.0685 -0.0704 -0.9952
vn -0.0806 -0.1177 -0.9898
vn -0.0685 -0.0710 -0.9951
vn -0.0085 -0.1789 0.9838
vn -0.0738 -0.0513 -0.9960
vn -0.0072 -0.1768 0.9842
vn -0.0255 -0.1743 0.9844
vn -0.0740 -0.0528 -0.9959
vn -0.0254 -0.1743 0.9844
vn -0.0406 -0.1665 0.9852
vn -0.0402 -0.1662 0.9853
vn -0.0805 -0.1166 -0.9899
vn -0.0011 0.1386 0.9904
vn -0.1160 -0.1679 -0.9790
vn -0.0015 0.1371 0.9906
vn -0.0192 -0.1313 0.9912
vn -0.0906 -0.0931 -0.9915
vn -0.0908 -0.0944 -0.9914
vn -0.0186 -0.1307 0.9912
vn -0.0984 -0.0680 -0.9928
vn -0.0014 0.0879 0.9961
vn -0.0013 0.0404 0.9992
vn -0.0992 -0.0707 -0.9926
vn -0.0135 -0.0952 0.9954
vn -0.0102 0.6898 0.7239
vn -0.0105 0.6840 0.7294
vn -0.0221 -0.0901 0.9957
vn -0.0063 0.4139 0.9103
vn -0.0134 -0.0951 0.9954
vn -0.0227 -0.0902 0.9957
vn -0.2650 -0.3822 -0.8853
vn -0.0094 -0.0669 0.9977
vn -0.2654 -0.3831 -0.8848
vn -0.0159 -0.0634 0.9979
vn -0.4910 -0.7080 -0.5076
vn -0.0158 -0.0634 0.9979
vn 0.0064 -0.4139 0.9103
vn -0.0215 -0.0587 0.9980
vn 0.0038 -0.3419 0.9397
vn 0.0041 -0.3378 0.9412
vn 0.0083 0.0653 0.9978
vn 0.0029 -0.2357 0.9718
vn 0.0032 -0.2325 0.9726
vn 0.0068 0.0733 0.9973
vn 0.0064 0.0737 0.9973
vn -0.0110 -0.0301 0.9995
vn 0.0081 0.0658 0.9978
vn 0.0016 -0.1878 0.9822
vn -0.0134 -0.0273 0.9995
vn -0.0132 -0.0274 0.9995
vn 0.0025 -0.1815 0.9834
vn -0.0158 -0.0232 0.9996
vn 0.0040 0.0324 0.9995
vn -0.0177 -0.0187 0.9997
vn 0.0012 -0.1440 0.9896
vn 0.0015 -0.1424 0.9898
vn 0.0049 0.0257 0.9997
vn 0.0046 0.0271 0.9996
vn 0.0052 0.0219 0.9997
vn -0.0352 -0.2461 0.9686
vn 0.0009 -0.0863 0.9963
vn 0.0013 -0.0849 0.9964
vn -0.0572 -0.2346 0.9704
vn 0.0055 0.0176 0.9998
vn 0.0093 -0.9497 0.3131
vn 0.0060 0.0086 0.9999
vn 0.0133 -0.8940 0.4479
vn -0.0000 -0.9497 0.3130
vn 0.0102 -0.6898 0.7239
vn 0.0060 0.0036 1.0000
vn -0.0560 -0.1535 0.9866
vn -0.0307 -0.1250 0.9917
vn 0.0180 -0.1383 0.9902
vn 0.0124 -0.0200 0.9997
vn -0.0301 -0.1247 0.9917
vn -0.0419 -0.1149 0.9925
vn -0.0418 -0.1149 0.9925
vn 0.0144 0.4309 0.9023
vn -0.0304 -0.0835 0.9960
vn 0.0107 0.3205 0.9472
vn 0.0097 0.3136 0.9495
vn 0.0084 0.2387 0.9710
vn -0.0298 -0.0835 0.9961
vn -0.0382 -0.0739 0.9965
vn 0.0072 0.2328 0.9725
vn -0.0374 -0.0741 0.9965
vn 0.0108 0.1738 0.9847
vn 0.0046 0.1343 0.9909
vn -0.0435 -0.0640 0.9970
vn 0.0118 -0.0348 0.9993
vn 0.0080 0.1289 0.9916
vn -0.0492 -0.0511 0.9975
vn 0.0118 -0.0317 0.9994
vn 0.0075 0.1283 0.9917
vn -0.0210 -0.0588 0.9980
vn -0.0270 -0.0522 0.9983
vn 0.0155 -0.0946 0.9954
vn -0.0259 -0.0529 0.9983
vn -0.0310 -0.0455 0.9985
vn 0.0155 -0.0939 0.9955
vn -0.0309 -0.0455 0.9985
vn -0.0351 -0.0359 0.9987
vn 0.0084 -0.0683 0.9976
vn -0.0349 -0.0362 0.9987
vn 0.0127 -0.0080 0.9999
vn -0.0159 -0.0230 0.9996
vn 0.0107 -0.0514 0.9986
vn 0.0108 -0.0442 0.9990
vn 0.0097 -0.0591 0.9982
vn 0.0100 -0.0514 0.9986
vn -0.0086 -0.0032 1.0000
vn -0.0087 -0.0011 1.0000
vn -0.0056 -0.0115 0.9999
vn -0.0067 -0.0096 0.9999
vn -0.0074 -0.0078 0.9999
vn -0.0081 -0.0058 1.0000
vn -0.0379 -0.0261 0.9989
vn -0.0378 -0.0263 0.9989
vn -0.0397 -0.0164 0.9991
vn -0.0205 -0.0078 0.9998
vn -0.0203 -0.0084 0.9998
vn -0.0409 -0.0053 0.9992
vn -0.0406 -0.0060 0.9992
vn -0.0179 -0.0183 0.9997
vn -0.0194 -0.0134 0.9997
vn -0.0193 -0.0138 0.9997
vn -0.0209 -0.0026 0.9998
vn -0.0208 -0.0031 0.9998
vn -0.0208 -0.0000 0.9998
vn -0.0216 -0.0000 0.9998
vn -0.0094 -0.0000 1.0000
vn -0.2170 -0.8713 0.4402
vn -0.2034 -0.8450 0.4945
vn -0.1295 -0.5294 0.8385
vn -0.1255 -0.5214 0.8440
vn -0.1776 -0.4853 0.8561
vn -0.0822 -0.3357 0.9384
vn -0.1141 -0.3117 0.9433
vn -0.1135 -0.3111 0.9436
vn -0.0798 -0.2189 0.9725
vn -0.0783 -0.2176 0.9729
vn -0.0550 -0.1529 0.9867
vn -0.0690 -0.1360 0.9883
vn -0.0521 -0.1028 0.9933
vn -0.0519 -0.1028 0.9933
vn -0.0606 -0.0885 0.9942
vn -0.0437 -0.0638 0.9970
vn -0.0493 -0.0510 0.9975
vn -0.0535 -0.0372 0.9979
vn -0.0562 -0.0234 0.9981
vn -0.3040 -0.8354 0.4578
vn -0.2953 -0.8227 0.4858
vn -0.3996 -0.7845 0.4742
vn -0.3861 -0.7693 0.5089
vn -0.2655 -0.3829 0.8848
vn -0.1755 -0.4824 0.8582
vn -0.2211 -0.4405 0.8701
vn -0.2200 -0.4392 0.8710
vn -0.2649 -0.3824 0.8852
vn -0.1413 -0.2812 0.9492
vn -0.1405 -0.2806 0.9495
vn -0.1662 -0.2400 0.9564
vn -0.0992 -0.1960 0.9756
vn -0.0982 -0.1955 0.9758
vn -0.1161 -0.1676 0.9790
vn -0.1157 -0.1675 0.9791
vn -0.0688 -0.1360 0.9883
vn -0.0809 -0.1171 0.9898
vn -0.0802 -0.1171 0.9899
vn -0.1305 -0.1356 0.9821
vn -0.0911 -0.0937 0.9914
vn -0.0687 -0.0706 0.9951
vn -0.0683 -0.0708 0.9951
vn -0.0903 -0.0939 0.9915
vn -0.0996 -0.0688 0.9926
vn -0.0979 -0.0697 0.9928
vn -0.1046 -0.0425 0.9936
vn -0.0019 0.0155 0.9999
vn -0.0744 -0.0517 0.9959
vn -0.0735 -0.0524 0.9959
vn -0.0776 -0.0315 0.9965
vn -0.0776 -0.0316 0.9965
vn -0.1307 -0.1351 -0.9822
vn -0.1310 -0.1361 -0.9820
vn -0.4920 -0.7095 0.5045
vn -0.1415 -0.0977 -0.9851
vn -0.1423 -0.0997 -0.9848
vn -0.4906 -0.7084 0.5074
vn -0.1860 -0.1923 -0.9635
vn 0.0060 -0.0038 1.0000
vn -0.1873 -0.1956 -0.9626
vn 0.0056 -0.0150 0.9999
vn -0.0027 0.0087 1.0000
vn -0.3025 -0.3131 -0.9003
vn 0.0136 -0.1069 0.9942
vn 0.0137 -0.1053 0.9943
vn -0.3057 -0.3191 -0.8971
vn 0.0105 -0.1205 0.9927
vn -0.5785 -0.5986 -0.5542
vn -0.5825 -0.6059 -0.5418
vn 0.0105 -0.1202 0.9927
vn -0.2033 -0.1408 -0.9689
vn -0.2048 -0.1435 -0.9682
vn -0.0025 0.0379 0.9993
vn -0.3355 -0.2323 -0.9130
vn -0.3374 -0.2350 -0.9116
vn -0.0029 0.0018 1.0000
vn -0.0029 0.0042 1.0000
vn 0.0085 -0.0666 0.9977
vn 0.0065 -0.0744 0.9972
vn -0.6510 -0.4533 -0.6089
vn -0.0048 0.4400 0.8980
vn -0.6611 -0.4657 -0.5884
vn -0.7156 -0.2873 -0.6367
vn -0.0038 0.3191 0.9477
vn 0.0059 -0.0095 0.9999
vn -0.0034 0.2439 0.9698
vn 0.0055 -0.0178 0.9998
vn -0.0064 0.1826 0.9832
vn -0.3016 -0.3149 0.8999
vn -0.0016 0.1878 0.9822
vn -0.0025 0.1815 0.9834
vn 0.2208 0.0290 -0.9749
vn 0.2222 0.0302 -0.9745
vn -0.5839 -0.6042 0.5423
vn 0.0039 -0.0316 0.9995
vn -0.0028 0.0867 0.9962
vn 0.3593 0.1443 -0.9220
vn 0.0059 -0.0796 0.9968
vn -0.5772 -0.6004 0.5536
vn -0.0029 0.0863 0.9963
vn -0.6631 -0.4618 0.5891
vn 0.3615 0.1464 -0.9208
vn 0.3678 0.0501 -0.9286
vn 0.3694 0.0511 -0.9279
vn 0.6509 0.4533 -0.6089
vn -0.6491 -0.4572 0.6079
vn -0.7223 -0.2900 0.6278
vn 0.7082 0.2868 -0.6451
vn -0.7149 -0.2895 0.6365
vn -0.3065 -0.3171 0.8975
vn 0.7142 0.2915 -0.6363
vn 0.0060 -0.0036 1.0000
vn -0.3378 -0.2339 0.9117
vn -0.0026 0.0376 0.9993
vn -0.2051 -0.1421 0.9684
vn -0.3352 -0.2334 0.9128
vn -0.3592 -0.1454 0.9219
vn 0.0059 -0.0086 0.9999
vn -0.3564 -0.1456 0.9229
vn -0.1879 -0.1943 0.9628
vn -0.1856 -0.1937 0.9633
vn 0.1500 0.0608 -0.9868
vn 0.1500 0.0609 -0.9868
vn -0.2028 -0.1421 0.9688
vn -0.2168 -0.0879 0.9722
vn -0.1500 -0.0608 0.9868
vn -0.1311 -0.1356 0.9821
vn -0.1427 -0.0986 0.9849
vn -0.1412 -0.0990 0.9850
vn -0.0059 0.0086 0.9999
vn -0.0055 0.0178 0.9998
vn -0.1487 -0.0616 0.9870
vn 0.1540 0.0202 -0.9879
vn 0.0058 -0.1317 0.9913
vn 0.2030 0.1423 -0.9688
vn 0.2150 0.0863 -0.9728
vn 0.0047 0.0806 0.9967
vn 0.0048 -0.0822 0.9966
vn 0.2159 0.0875 -0.9725
vn -0.0047 0.0274 0.9996
vn 0.0053 -0.0784 0.9969
vn -0.0048 0.0252 0.9997
vn -0.0040 0.0324 0.9995
vn 0.0036 -0.0825 0.9966
vn -0.0040 0.0322 0.9995
vn 0.0050 -0.0239 0.9997
vn -0.0028 0.0384 0.9993
vn -0.0033 0.0352 0.9994
vn 0.0742 0.0522 -0.9959
vn 0.0316 0.8906 0.4538
vn 0.0308 0.8842 0.4661
vn 0.0583 0.9253 0.3747
vn 0.0510 0.8755 0.4806
vn 0.0253 0.7153 0.6983
vn 0.0214 0.6780 0.7347
vn 0.0423 0.6954 0.7173
vn 0.0392 0.6734 0.7382
vn 0.0133 0.4210 0.9070
vn 0.0051 -0.0215 0.9998
vn 0.0259 0.3983 0.9169
vn 0.0048 -0.0252 0.9997
vn 0.0233 0.3831 0.9234
vn 0.0026 0.0376 0.9993
vn 0.0025 0.0377 0.9993
vn 0.0060 -0.0000 1.0000
vn 0.0033 0.0358 0.9994
vn 0.0030 -0.0000 1.0000
vn 0.0028 -0.0866 0.9962
vn 0.0027 0.0371 0.9993
vn 0.0026 -0.0376 0.9993
vn 0.0040 0.0323 0.9995
vn 0.0049 -0.0249 0.9997
vn 0.0039 -0.0313 0.9995
vn 0.0027 -0.0372 0.9993
vn 0.0028 -0.0370 0.9993
vn 0.0025 -0.0377 0.9993
vn 0.0013 -0.0404 0.9992
vn 0.0007 -0.0418 0.9991
vn 0.6931 -0.7209 -0.0000
vn 0.6931 0.7209 -0.0000
vn 0.8175 0.5759 -0.0000
vn 0.8160 0.5780 -0.0002
vn 0.3384 0.9410 -0.0000
vn 0.3381 0.9411 -0.0000
vn 0.4502 0.8929 -0.0000
vn 0.4576 0.8892 -0.0001
vn 0.5702 0.8215 0.0001
vn 0.9917 0.1285 -0.0000
vn -0.0480 -0.9988 -0.0000
vn -0.1360 -0.9907 -0.0000
vn -0.2417 -0.9704 -0.0000
vn -0.6931 -0.7209 -0.0000
vn -0.9907 -0.1358 -0.0000
vn -0.0397 -0.0164 -0.9991
vn -0.8175 -0.5759 -0.0000
vn -0.0397 -0.0165 -0.9991
vn -0.9280 -0.3726 -0.0000
vn -0.0105 0.3128 0.9498
vn -0.0407 -0.0053 -0.9992
vn -0.5694 -0.8221 -0.0000
vn -0.0074 0.2398 0.9708
vn -0.0081 0.2309 0.9729
vn 0.1066 0.0136 -0.9942
vn -0.0563 -0.0229 -0.9982
vn -0.0564 -0.0235 -0.9981
vn -0.0577 -0.0075 -0.9983
vn -0.2355 0.9719 -0.0000
vn -0.0063 0.1840 0.9829
vn -0.0578 -0.0077 -0.9983
vn 0.0982 0.0687 -0.9928
vn -0.0776 -0.0315 -0.9965
vn -0.0776 -0.0316 -0.9965
vn -0.0797 -0.0103 -0.9968
vn -0.8158 0.5783 -0.0002
vn -0.0798 -0.0107 -0.9968
vn -0.4539 0.8910 -0.0000
vn -0.1040 -0.0423 -0.9937
vn -0.3366 0.9416 -0.0000
vn -0.3381 0.9411 -0.0000
vn -0.2376 0.9714 -0.0000
vn -0.6964 0.7177 0.0003
vn -0.6931 0.7209 -0.0000
vn -0.6929 0.7210 -0.0000
vn -0.1045 -0.0432 -0.9936
vn -0.1066 -0.0138 -0.9942
vn -0.8176 0.5758 -0.0000
vn -0.1490 -0.0604 -0.9870
vn -0.1499 -0.0620 -0.9867
vn -0.1536 -0.0199 -0.9879
vn 0.0984 0.0692 -0.9927
vn 0.1037 0.0421 -0.9937
vn 0.1040 0.0428 -0.9937
vn -0.1540 -0.0204 -0.9879
vn -0.0076 0.1304 0.9914
vn 0.1067 0.0137 -0.9942
vn -0.0048 0.0822 0.9966
vn -0.2159 -0.0875 -0.9725
vn -0.2167 -0.0885 -0.9722
vn -0.2208 -0.0293 -0.9749
vn -0.0079 0.1273 0.9918
vn -0.2222 -0.0305 -0.9745
vn -0.3566 -0.1444 -0.9230
vn -0.0045 0.1346 0.9909
vn -0.0046 0.1339 0.9910
vn 0.0577 0.0074 -0.9983
vn -0.3590 -0.1467 -0.9217
vn 0.0578 0.0076 -0.9983
vn -0.3696 -0.0491 -0.9279
vn -0.3730 -0.0512 -0.9264
vn -0.0053 0.0783 0.9969
vn -0.7217 -0.2922 -0.6276
vn -0.7511 -0.0997 -0.6527
vn -0.7608 -0.1043 -0.6406
vn 0.3005 -0.8371 0.4572
vn 0.2987 -0.8209 0.4868
vn -0.0577 -0.0000 -0.9983
vn 0.2103 -0.8737 0.4387
vn 0.2099 -0.8430 0.4953
vn -0.3735 -0.0000 -0.9276
vn 0.1230 -0.8923 0.4344
vn -0.7548 -0.0000 -0.6559
vn 0.1252 -0.8666 0.4830
vn -0.0798 -0.0000 -0.9968
vn 0.1768 -0.4859 0.8559
vn 0.1768 -0.4853 0.8563
vn 0.1282 -0.5326 0.8366
vn -0.1066 -0.0000 -0.9943
vn 0.1278 -0.5199 0.8446
vn 0.0773 -0.5542 0.8288
vn -0.1536 -0.0000 -0.9881
vn -0.2209 -0.0000 -0.9753
vn 0.0781 -0.5409 0.8375
vn -0.0409 -0.0000 -0.9992
vn 0.1133 -0.3112 0.9436
vn 0.0821 -0.3358 0.9384
vn 0.0821 -0.3341 0.9389
vn 0.0496 -0.3553 0.9334
vn 0.0502 -0.3503 0.9353
vn 0.0573 -0.2345 0.9704
vn 0.0355 -0.2475 0.9682
vn -0.0000 0.1342 -0.9909
vn 0.0396 -0.9039 0.4259
vn 0.0425 -0.8881 0.4577
vn 0.0249 -0.5694 0.8217
vn 0.0278 -0.5511 0.8340
vn 0.0157 -0.3639 0.9313
vn -0.0000 0.0690 -0.9976
vn 0.0179 -0.3543 0.9350
vn 0.0111 -0.2564 0.9665
vn 0.0120 -0.2534 0.9673
vn -0.0000 0.5560 -0.8312
vn 0.5825 -0.6059 0.5418
vn 0.4917 -0.7098 0.5044
vn 0.4910 -0.7080 0.5076
vn 0.3064 -0.3174 0.8974
vn 0.3060 -0.3166 0.8979
vn 0.2672 -0.3882 0.8820
vn 0.2650 -0.3822 0.8853
vn 0.1863 -0.1930 0.9633
vn -0.0059 0.0095 0.9999
vn 0.1860 -0.1923 0.9635
vn 0.1657 -0.2408 0.9563
vn 0.1651 -0.2383 0.9571
vn 0.0065 0.1836 0.9830
vn 0.0062 0.1828 0.9831
vn 0.7142 -0.2915 0.6363
vn 0.7083 -0.2868 0.6451
vn 0.6610 -0.4656 0.5885
vn 0.6509 -0.4533 0.6089
vn 0.0044 0.1340 0.9910
vn 0.0029 0.0865 0.9962
vn 0.0028 0.0864 0.9963
vn 0.0055 0.0806 0.9967
vn -0.0060 0.0038 1.0000
vn 0.0013 0.0404 0.9992
vn -0.0060 0.0036 1.0000
vn -0.0055 0.0173 0.9998
vn 0.0006 0.0202 0.9998
vn -0.0052 0.0219 0.9997
vn 0.0013 0.0188 0.9998
vn 0.0014 0.0185 0.9998
vn -0.0052 0.0215 0.9998
vn 0.0019 0.0155 0.9999
vn 0.0024 0.0124 0.9999
vn 0.0026 0.0108 0.9999
vn 0.0027 0.0087 1.0000
vn 0.0029 0.0042 1.0000
vn 0.0030 0.0018 1.0000
vn -0.0099 0.3226 0.9465
vn 0.0039 0.3228 0.9464
vn 0.0030 0.2443 0.9697
vn 0.0035 0.3195 0.9476
vn 0.0034 0.2474 0.9689
vn -0.0104 0.1747 0.9846
vn -0.0107 0.1714 0.9851
vn 0.0026 0.1867 0.9824
vn 0.0015 0.1815 0.9834
vn 0.0015 0.1386 0.9904
vn 0.0009 0.0884 0.9961
vn 0.0011 0.1374 0.9905
vn 0.0014 0.0895 0.9960
vn 0.0006 0.0411 0.9992
vn -0.0065 0.0744 0.9972
vn -0.0067 0.0723 0.9974
vn -0.0000 0.3229 0.9464
vn -0.0000 0.2474 0.9689
vn -0.0081 0.0664 0.9978
vn -0.0000 0.9497 0.3132
vn -0.0000 0.9498 0.3130
vn 0.0141 0.9496 0.3132
vn -0.0083 0.0648 0.9979
vn 0.0087 0.8948 0.4464
vn -0.0193 0.0527 0.9984
vn -0.0000 0.6898 0.7240
vn -0.0192 0.0523 0.9984
vn 0.0106 0.6898 0.7240
vn 0.0067 0.4381 0.8989
vn -0.0177 0.0723 0.9972
vn 0.0102 0.6843 0.7291
vn -0.0128 0.0080 0.9999
vn 0.0045 0.4140 0.9103
vn -0.0125 0.0208 0.9997
vn 0.0629 0.9980 -0.0000
vn -0.0125 0.0200 0.9997
vn 0.2379 0.9713 -0.0001
vn -0.0118 0.0367 0.9993
vn -0.0118 0.0320 0.9994
vn 0.2332 0.9724 -0.0000
vn -0.0108 0.0446 0.9989
vn -0.0108 0.0442 0.9990
vn 0.2368 0.9715 -0.0000
vn -0.0095 0.0559 0.9984
vn 0.0181 0.2058 -0.9784
vn -0.0322 0.3591 0.9328
vn -0.0322 0.3588 0.9328
vn 0.0179 0.2122 -0.9771
vn -0.0255 0.2842 0.9584
vn 0.0221 0.1873 -0.9821
vn -0.0196 0.3035 0.9526
vn -0.0196 0.3028 0.9529
vn -0.0181 0.2139 0.9767
vn -0.0183 0.2067 0.9782
vn -0.0136 0.2288 0.9734
vn -0.0142 0.2185 0.9757
vn 0.0253 0.2998 -0.9537
vn -0.0141 0.1606 0.9869
vn -0.0137 0.1053 0.9943
vn -0.0105 0.1203 0.9927
vn -0.0141 0.1596 0.9871
vn -0.0177 0.0740 0.9971
vn 0.0030 -0.0018 1.0000
vn 0.0029 -0.0042 1.0000
vn 0.0683 0.0719 -0.9951
vn 0.0027 -0.0087 1.0000
vn 0.0741 0.0516 -0.9959
vn 0.0026 -0.0108 0.9999
vn 0.0024 -0.0125 0.9999
vn 0.0019 -0.0155 0.9999
vn 0.0776 0.0312 -0.9965
vn 0.0014 -0.0185 0.9998
vn 0.0013 -0.0188 0.9998
vn 0.0779 0.0320 -0.9964
vn 0.0797 0.0102 -0.9968
vn 0.0006 -0.0202 0.9998
vn 0.0798 0.0105 -0.9968
vn 0.0399 -0.0000 0.9992
vn 0.0207 -0.0000 0.9998
vn 0.0629 -0.9980 -0.0000
vn 0.0630 -0.9980 -0.0000
vn 0.0348 -0.9994 -0.0000
vn 0.0347 -0.9994 0.0001
vn 0.0409 0.0060 -0.9991
vn 0.0366 -0.9993 -0.0000
vn 0.0209 -0.0000 -0.9998
vn 0.0123 -0.9999 -0.0000
vn 0.0377 0.0736 -0.9966
vn 0.0098 -1.0000 0.0001
vn 0.0095 -1.0000 -0.0000
vn 0.3532 -0.0000 0.9355
vn 0.0361 -0.0000 0.9993
vn 0.0398 0.0151 -0.9991
vn 0.0127 -0.0000 0.9999
vn 0.0399 0.0163 -0.9991
vn 0.0407 0.0053 -0.9992
vn 0.9258 0.3779 -0.0000
vn 0.8176 0.5758 -0.0000
vn 0.9283 0.3719 0.0004
vn 0.9258 0.3780 -0.0000
vn 0.0492 0.0511 -0.9975
vn 0.0492 0.0519 -0.9974
vn 0.0534 0.0371 -0.9979
vn 0.0752 -0.0000 -0.9972
vn 0.0691 -0.0000 -0.9976
vn 0.0534 0.0372 -0.9979
vn 0.0562 0.0226 -0.9982
vn 0.0563 0.0230 -0.9981
vn 0.1371 -0.0000 -0.9906
vn 0.3532 -0.0000 -0.9355
vn 0.0209 0.0034 -0.9998
vn 0.0572 0.2376 0.9697
vn 0.0632 0.1786 0.9819
vn 0.0471 0.1298 0.9904
vn 0.0462 0.1307 0.9903
vn 0.0192 0.0137 -0.9997
vn 0.0379 0.0269 -0.9989
vn 0.0430 0.1788 0.9829
vn 0.0209 0.0031 -0.9998
vn 0.0337 0.0928 0.9951
vn 0.0497 0.0814 0.9954
vn 0.0488 0.0835 0.9953
vn 0.0509 0.0272 0.9983
vn 0.0361 0.0193 0.9992
vn 0.0266 0.0520 -0.9983
vn 0.0506 0.0281 0.9983
vn 0.0264 0.0526 -0.9983
vn 0.0310 0.0447 -0.9985
vn 0.0353 0.0596 0.9976
vn 0.0310 0.0450 -0.9985
vn 0.0348 0.0361 -0.9987
vn 0.0352 0.0602 0.9976
vn 0.0347 0.0366 -0.9987
vn 0.3532 -0.0000 0.9356
vn 0.0379 0.0263 -0.9989
vn 0.2326 0.6781 0.6971
vn 0.3072 0.4934 0.8137
vn 0.2958 0.4833 0.8240
vn 0.3466 0.1919 0.9182
vn 0.3466 0.1920 0.9182
vn 0.0622 0.1786 0.9819
vn 0.1317 0.2152 0.9677
vn 0.1316 0.2152 0.9677
vn 0.1375 0.0749 0.9877
vn 0.1367 0.0757 0.9877
vn 0.0667 0.1090 0.9918
vn 0.0666 0.1091 0.9918
vn 0.0691 0.0377 0.9969
vn 0.0689 0.0383 0.9969
vn -0.0095 0.0577 0.9983
vn -0.0155 0.0939 0.9955
vn -0.0105 0.1205 0.9927
vn -0.0543 0.9274 0.3702
vn -0.0553 0.8735 0.4837
vn -0.0311 0.8909 0.4532
vn -0.0313 0.8837 0.4669
vn -0.0092 0.9497 0.3132
vn -0.0132 0.8940 0.4479
vn -0.0408 0.6972 0.7157
vn -0.0226 0.7184 0.6953
vn -0.0136 0.4317 0.9019
vn -0.0240 0.6766 0.7360
vn -0.0243 0.3996 0.9164
vn -0.0141 0.4187 0.9080
vn -0.0097 1.0000 -0.0000
vn -0.0496 0.9988 -0.0000
vn -0.0479 0.9989 -0.0000
vn -0.0480 0.9988 -0.0000
vn -0.0100 0.6860 -0.7275
vn -0.0467 0.9989 -0.0000
vn -0.0160 0.9514 -0.3075
vn -0.0000 0.9516 -0.3073
vn -0.1465 0.9892 -0.0000
vn -0.0208 0.6770 -0.7357
vn -0.0133 0.6810 -0.7322
vn -0.0087 -0.0000 -1.0000
vn -0.1371 0.9906 -0.0000
vn -0.1414 0.9900 -0.0000
vn -0.0085 0.0034 -1.0000
vn -0.0081 0.0058 -1.0000
vn -0.0075 0.0075 -0.9999
vn -0.0046 0.0126 -0.9999
vn -0.0035 0.0135 -0.9999
vn -0.0018 0.0144 -0.9999
vn -0.0009 0.0147 -0.9999
vn -0.1408 0.9900 -0.0000
vn -0.0081 0.0326 -0.9994
vn -0.0159 0.0639 -0.9978
vn -0.1382 0.9904 -0.0000
vn -0.0085 0.0325 -0.9994
vn -0.0044 0.0345 -0.9994
vn -0.0050 0.0345 -0.9994
vn -0.0132 0.4204 -0.9073
vn -0.0132 0.4200 -0.9074
vn -0.0016 0.0352 -0.9994
vn -0.0142 0.4291 -0.9032
vn -0.0021 0.0353 -0.9994
vn -0.0213 0.6770 -0.7357
vn -0.0000 0.0353 -0.9994
vn -0.0253 0.7153 -0.6983
vn -0.0096 0.0670 -0.9977
vn -0.0102 0.0671 -0.9977
vn -0.0348 0.9994 -0.0000
vn -0.0029 0.0688 -0.9976
vn -0.0032 0.0690 -0.9976
vn -0.0208 -0.0000 -0.9998
vn -0.1396 0.9902 0.0001
vn -0.0208 0.0031 -0.9998
vn -0.1413 0.9900 -0.0001
vn -0.0087 0.0011 -1.0000
vn 0.2349 0.9720 -0.0000
vn -0.0066 0.0096 -0.9999
vn -0.0055 0.0115 -0.9999
vn 0.1499 0.8741 0.4621
vn -0.0209 0.0025 -0.9998
vn 0.1387 0.8351 0.5323
vn 0.1983 0.8086 0.5539
vn 0.0885 0.5329 0.8415
vn -0.0192 0.0137 -0.9997
vn 0.1084 0.4419 0.8905
vn 0.1067 0.4386 0.8923
vn -0.0177 0.0187 -0.9997
vn 0.1906 0.7890 0.5841
vn -0.0181 0.0180 -0.9997
vn 0.2391 0.6897 0.6835
vn -0.0159 0.0233 -0.9996
vn -0.0160 0.0231 -0.9996
vn 0.1211 0.3480 0.9296
vn 0.1204 0.3472 0.9300
vn -0.0132 0.0274 -0.9995
vn -0.0138 0.0270 -0.9995
vn -0.0110 0.0301 -0.9995
vn -0.0266 0.0520 -0.9983
vn -0.0210 0.0588 -0.9980
vn -0.0215 0.0587 -0.9980
vn 0.2369 0.9715 -0.0000
vn 0.2368 0.9716 -0.0000
vn 0.0172 0.2107 -0.9774
vn 0.0196 0.2946 -0.9554
vn 0.0196 0.3029 -0.9528
vn 0.0254 0.2846 -0.9583
vn 0.0246 0.3796 -0.9248
vn 0.0551 0.8736 -0.4835
vn 0.0540 0.9274 -0.3700
vn 0.2366 0.9716 -0.0000
vn 0.0144 0.2233 -0.9746
vn 0.0146 0.2192 -0.9756
vn 0.0194 0.3044 -0.9524
vn 0.2402 0.9707 -0.0000
vn 0.2357 0.9718 -0.0000
vn 0.0196 0.3025 -0.9529
vn 0.0244 0.4010 -0.9158
vn 0.0408 0.6705 -0.7408
vn 0.0406 0.6974 -0.7155
vn 0.0204 0.0078 -0.9998
vn 0.0204 0.0082 -0.9998
vn 0.0154 0.0643 -0.9978
vn 0.1420 0.9899 -0.0000
vn 0.0214 0.0584 -0.9981
vn 0.0211 0.0590 -0.9980
vn 0.1410 0.9900 -0.0000
vn 0.1413 0.9900 -0.0000
vn 0.0100 0.3056 -0.9521
vn 0.0035 0.0135 -0.9999
vn 0.0045 0.0127 -0.9999
vn 0.0055 0.0114 -0.9999
vn 0.0138 0.4200 -0.9074
vn 0.0067 0.0094 -0.9999
vn 0.0087 0.3270 -0.9450
vn 0.0075 0.0075 -0.9999
vn 0.0081 0.0058 -1.0000
vn 0.0085 0.0034 -1.0000
vn 0.0202 0.3040 -0.9524
vn 0.0087 0.0014 -1.0000
vn 0.0110 0.0301 -0.9995
vn 0.0108 0.0305 -0.9995
vn 0.0136 0.0271 -0.9995
vn 0.0133 0.0277 -0.9995
vn 0.0162 0.0225 -0.9996
vn 0.0160 0.0231 -0.9996
vn 0.0180 0.0178 -0.9997
vn 0.0178 0.0188 -0.9997
vn 0.0096 0.0675 -0.9977
vn 0.0160 0.0634 -0.9979
vn 0.0009 0.0147 -0.9999
vn 0.0018 0.0144 -0.9999
vn 0.0021 0.0351 -0.9994
vn 0.0016 0.0353 -0.9994
vn 0.0049 0.0344 -0.9994
vn 0.0044 0.0347 -0.9994
vn 0.0085 0.0323 -0.9994
vn 0.0082 0.0326 -0.9994
vn 0.0032 0.0687 -0.9976
vn 0.0029 0.0690 -0.9976
vn 0.0101 0.0669 -0.9977
vn 0.1408 0.9900 0.0001
vn 0.1406 0.9901 0.0001
vn 0.1423 0.0997 -0.9848
vn 0.3028 0.3106 -0.9010
vn 0.2041 0.1442 -0.9683
vn 0.3060 0.3166 -0.8979
vn 0.3337 0.2324 -0.9136
vn 0.3387 0.2393 -0.9100
vn 0.5784 0.5985 -0.5543
vn 0.5825 0.6059 -0.5418
vn 0.6610 0.4656 -0.5885
vn 0.1476 0.9890 -0.0000
vn 0.1421 0.9899 -0.0000
vn 0.0135 0.4279 -0.9037
vn 0.1354 0.9908 -0.0000
vn 0.1357 0.9908 -0.0000
vn 0.0179 0.6768 -0.7360
vn 0.0227 0.7184 -0.6953
vn 0.0224 0.7243 -0.6891
vn 0.0166 0.6774 -0.7354
vn 0.0098 0.6874 -0.7262
vn 0.0100 0.6827 -0.7306
vn 0.0240 0.6768 -0.7358
vn 0.0131 0.8939 -0.4481
vn 0.0313 0.8838 -0.4668
vn 0.0311 0.8908 -0.4532
vn 0.0098 1.0000 -0.0000
vn 0.0348 0.9994 -0.0000
vn 0.0461 0.9989 -0.0000
vn 0.0478 0.9989 -0.0000
vn 0.0513 0.9987 -0.0001
vn 0.0471 0.9989 0.0001
vn 0.0497 0.9988 -0.0000
vn -0.0000 0.9459 -0.3245
vn 0.0137 0.8862 -0.4631
vn 0.0480 0.9988 -0.0000
vn 0.0093 0.9493 -0.3144
vn 0.0064 0.9456 -0.3253
vn 0.4539 0.8910 -0.0000
vn 0.0681 0.0700 -0.9952
vn 0.0809 0.1171 -0.9898
vn 0.1160 0.1679 -0.9790
vn 0.0906 0.0931 -0.9915
vn 0.0908 0.0944 -0.9914
vn 0.0986 0.1949 -0.9759
vn 0.0987 0.1965 -0.9755
vn 0.1307 0.1351 -0.9822
vn 0.1651 0.2383 -0.9571
vn 0.1310 0.1361 -0.9820
vn 0.1422 0.0995 -0.9848
vn 0.1657 0.2408 -0.9563
vn 0.1869 0.1917 -0.9635
vn 0.1880 0.1943 -0.9628
vn 0.4879 0.7111 -0.5063
vn 0.1408 0.2802 -0.9496
vn 0.2239 0.4406 -0.8693
vn 0.2259 0.4488 -0.8646
vn 0.2672 0.3882 -0.8820
vn 0.2683 0.3910 -0.8804
vn 0.3913 0.7698 -0.5043
vn 0.4825 0.6966 -0.5309
vn 0.0442 0.0627 -0.9971
vn 0.0441 0.0640 -0.9970
s 0
usemtl suite_shell
f 1//1 2//1 3//1
f 3//2 4//2 1//2
f 5//3 6//3 7//3
f 8//4 9//4 10//4
f 11//5 7//5 10//5
f 4//6 6//6 5//6
f 11//7 5//7 7//7
f 1//8 11//8 12//8
f 13//9 14//9 15//9
f 16//10 1//10 12//10
f 5//11 11//11 4//11
f 1//12 4//12 11//12
f 17//13 16//13 12//13
f 18//14 19//14 20//14
f 21//15 22//15 23//15
f 24//16 22//16 21//16
f 25//17 24//17 26//17
f 25//18 27//18 24//18
f 24//19 27//19 22//19
f 28//20 29//20 25//20
f 21//21 30//21 31//21
f 21//22 23//22 30//22
f 30//23 23//23 32//23
f 33//24 34//24 35//24
f 33//25 36//25 34//25
f 35//26 34//26 37//26
f 38//27 36//27 33//27
f 39//28 40//28 41//28
f 42//29 43//29 44//29
f 45//30 46//30 47//30
f 48//31 49//31 50//31
f 51//32 52//32 53//32
f 19//33 54//33 20//33
f 55//34 49//34 56//34
f 20//35 54//35 51//35
f 57//36 55//36 58//36
f 57//37 59//37 55//37
f 19//38 60//38 61//38
f 62//39 57//39 58//39
f 61//40 54//40 19//40
f 63//41 61//41 60//41
f 60//42 64//42 63//42
f 65//43 66//43 67//43
f 67//44 66//44 46//44
f 65//45 67//45 68//45
f 68//46 69//46 70//46
f 67//47 69//47 68//47
f 71//48 72//48 73//48
f 74//49 75//49 76//49
f 66//50 76//50 77//50
f 76//51 75//51 77//51
f 46//52 66//52 77//52
f 73//53 78//53 79//53
f 80//54 81//54 82//54
f 81//55 83//55 82//55
f 84//56 85//56 86//56
f 87//57 82//57 83//57
f 88//58 84//58 86//58
f 86//59 89//59 88//59
f 90//60 88//60 89//60
f 91//61 92//61 93//61
f 94//62 92//62 91//62
f 95//63 96//63 97//63
f 98//64 97//64 96//64
f 98//65 96//65 99//65
f 98//66 99//66 100//66
f 98//67 100//67 101//67
f 98//68 101//68 102//68
f 98//69 102//69 103//69
f 98//70 103//70 104//70
f 98//71 104//71 105//71
f 98//69 105//69 106//69
f 107//72 108//72 106//72
f 98//72 106//72 108//72
f 109//73 108//73 107//73
f 109//73 110//73 108//73
f 111//74 110//74 112//74
f 109//74 112//74 110//74
f 113//75 114//75 115//75
f 114//75 116//75 115//75
f 117//76 118//76 119//76
f 13//77 15//77 80//77
f 92//78 120//78 93//78
f 121//79 122//79 123//79
f 121//80 124//80 122//80
f 15//81 125//81 80//81
f 125//82 81//82 80//82
f 94//83 126//83 92//83
f 127//84 126//84 94//84
f 92//85 128//85 120//85
f 128//86 129//86 120//86
f 130//87 83//87 81//87
f 127//88 131//88 126//88
f 132//89 133//89 134//89
f 132//90 135//90 133//90
f 134//91 133//91 136//91
f 133//92 137//92 136//92
f 136//93 137//93 138//93
f 139//94 135//94 132//94
f 133//95 140//95 137//95
f 135//96 140//96 133//96
f 141//97 142//97 143//97
f 142//98 144//98 143//98
f 141//99 143//99 145//99
f 139//100 91//100 135//100
f 91//101 93//101 135//101
f 135//102 93//102 140//102
f 138//103 146//103 147//103
f 138//104 137//104 146//104
f 148//105 149//105 150//105
f 146//106 151//106 147//106
f 149//107 148//107 152//107
f 149//108 152//108 153//108
f 147//109 151//109 154//109
f 137//110 155//110 146//110
f 137//111 140//111 155//111
f 155//112 156//112 146//112
f 157//113 43//113 42//113
f 155//114 158//114 156//114
f 43//115 159//115 44//115
f 151//116 146//116 156//116
f 43//117 160//117 159//117
f 159//118 150//118 44//118
f 93//119 161//119 140//119
f 93//120 120//120 161//120
f 140//121 161//121 155//121
f 161//122 158//122 155//122
f 162//123 163//123 38//123
f 163//124 164//124 38//124
f 127//125 165//125 131//125
f 38//126 164//126 36//126
f 131//127 166//127 126//127
f 32//128 163//128 30//128
f 167//129 168//129 169//129
f 167//130 170//130 168//130
f 168//131 171//131 169//131
f 172//132 173//132 174//132
f 175//133 176//133 177//133
f 174//134 173//134 157//134
f 173//113 43//113 157//113
f 178//135 179//135 180//135
f 173//136 160//136 43//136
f 181//137 182//137 183//137
f 163//138 32//138 164//138
f 184//139 185//139 183//139
f 183//140 185//140 186//140
f 184//141 183//141 182//141
f 184//142 182//142 187//142
f 184//143 188//143 185//143
f 185//144 189//144 186//144
f 177//145 187//145 190//145
f 177//146 191//146 187//146
f 192//147 193//147 194//147
f 184//148 187//148 191//148
f 195//149 196//149 197//149
f 195//149 197//149 198//149
f 195//150 199//150 200//150
f 195//150 200//150 196//150
f 198//151 197//151 201//151
f 191//152 188//152 184//152
f 188//153 202//153 185//153
f 203//154 196//154 200//154
f 177//155 176//155 191//155
f 203//156 200//156 199//156
f 203//156 199//156 204//156
f 176//157 180//157 191//157
f 23//158 205//158 32//158
f 22//159 206//159 23//159
f 191//160 180//160 188//160
f 207//161 164//161 208//161
f 192//162 27//162 193//162
f 186//163 189//163 209//163
f 32//164 208//164 164//164
f 202//165 189//165 185//165
f 188//166 210//166 202//166
f 180//167 210//167 188//167
f 211//168 22//168 212//168
f 206//169 22//169 211//169
f 213//150 214//150 215//150
f 215//150 214//150 97//150
f 216//170 78//170 217//170
f 218//171 61//171 63//171
f 217//172 61//172 218//172
f 216//173 217//173 218//173
f 219//174 64//174 220//174
f 63//175 64//175 219//175
f 218//176 221//176 222//176
f 218//176 222//176 216//176
f 72//177 223//177 224//177
f 224//178 223//178 225//178
f 72//179 71//179 223//179
f 73//180 79//180 71//180
f 78//181 226//181 79//181
f 78//182 216//182 226//182
f 79//183 226//183 227//183
f 216//184 228//184 226//184
f 216//185 222//185 228//185
f 226//186 228//186 229//186
f 221//187 218//187 63//187
f 219//188 221//188 63//188
f 219//189 220//189 230//189
f 230//190 220//190 231//190
f 232//191 219//191 230//191
f 221//192 219//192 232//192
f 233//193 228//193 222//193
f 232//194 234//194 235//194
f 236//195 18//195 237//195
f 236//196 238//196 18//196
f 237//197 18//197 239//197
f 238//198 236//198 240//198
f 241//199 159//199 160//199
f 159//200 241//200 242//200
f 242//201 150//201 159//201
f 148//202 150//202 242//202
f 242//203 241//203 243//203
f 128//204 92//204 126//204
f 152//205 148//205 244//205
f 126//206 166//206 128//206
f 166//207 167//207 128//207
f 128//208 167//208 129//208
f 245//209 246//209 172//209
f 167//210 169//210 129//210
f 129//211 169//211 247//211
f 173//209 172//209 246//209
f 247//212 248//212 249//212
f 246//213 160//213 173//213
f 247//214 169//214 248//214
f 249//215 250//215 251//215
f 248//216 250//216 249//216
f 246//217 252//217 160//217
f 169//218 171//218 248//218
f 252//219 241//219 160//219
f 171//220 253//220 248//220
f 248//221 253//221 250//221
f 242//222 254//222 148//222
f 242//223 243//223 254//223
f 148//224 254//224 244//224
f 158//225 161//225 255//225
f 161//226 120//226 255//226
f 158//227 256//227 257//227
f 158//228 255//228 256//228
f 256//229 258//229 257//229
f 257//230 258//230 259//230
f 259//231 260//231 261//231
f 258//232 260//232 259//232
f 120//233 129//233 255//233
f 255//234 247//234 256//234
f 129//235 247//235 255//235
f 262//236 263//236 264//236
f 258//237 256//237 249//237
f 247//237 249//237 256//237
f 249//238 251//238 258//238
f 258//239 251//239 260//239
f 265//240 144//240 266//240
f 158//241 257//241 156//241
f 156//242 257//242 267//242
f 151//243 268//243 154//243
f 268//244 269//244 154//244
f 268//245 270//245 269//245
f 269//246 270//246 271//246
f 271//247 272//247 273//247
f 270//248 272//248 271//248
f 268//249 151//249 267//249
f 151//250 156//250 267//250
f 268//251 274//251 270//251
f 267//252 274//252 268//252
f 274//253 275//253 270//253
f 270//254 275//254 272//254
f 267//255 259//255 274//255
f 257//256 259//256 267//256
f 274//257 261//257 275//257
f 274//258 259//258 261//258
f 276//259 277//259 278//259
f 279//260 273//260 272//260
f 280//261 281//261 273//261
f 277//262 282//262 278//262
f 283//263 272//263 275//263
f 282//264 277//264 284//264
f 142//265 278//265 282//265
f 266//266 142//266 282//266
f 278//267 142//267 141//267
f 208//158 32//158 285//158
f 282//268 284//268 286//268
f 282//269 286//269 266//269
f 287//270 23//270 206//270
f 205//271 23//271 287//271
f 27//169 212//169 22//169
f 287//272 206//272 136//272
f 206//273 211//273 136//273
f 288//274 289//274 290//274
f 134//275 136//275 211//275
f 136//276 138//276 287//276
f 289//277 291//277 290//277
f 285//278 205//278 138//278
f 205//279 287//279 138//279
f 292//280 291//280 289//280
f 290//281 291//281 293//281
f 294//282 292//282 289//282
f 75//283 295//283 48//283
f 75//284 48//284 77//284
f 286//285 296//285 266//285
f 286//286 297//286 296//286
f 266//287 144//287 142//287
f 295//288 49//288 48//288
f 295//289 56//289 49//289
f 265//240 266//240 296//240
f 265//290 296//290 298//290
f 299//291 58//291 300//291
f 297//292 301//292 302//292
f 62//293 58//293 299//293
f 297//294 302//294 296//294
f 300//295 58//295 56//295
f 56//296 58//296 55//296
f 298//297 296//297 302//297
f 302//298 301//298 290//298
f 301//299 288//299 290//299
f 302//300 290//300 293//300
f 303//301 62//301 299//301
f 302//302 293//302 298//302
f 304//303 87//303 83//303
f 83//304 305//304 304//304
f 304//305 284//305 277//305
f 305//306 284//306 304//306
f 306//307 307//307 308//307
f 305//308 309//308 284//308
f 306//309 308//309 310//309
f 309//310 286//310 284//310
f 65//311 310//311 308//311
f 297//312 286//312 309//312
f 65//313 311//313 310//313
f 311//314 65//314 68//314
f 309//315 312//315 313//315
f 308//316 307//316 76//316
f 74//317 76//317 307//317
f 308//318 76//318 66//318
f 308//319 66//319 65//319
f 314//320 111//320 315//320
f 112//320 315//320 111//320
f 316//321 317//321 318//321
f 319//322 320//322 74//322
f 74//323 320//323 75//323
f 317//324 321//324 322//324
f 320//325 295//325 75//325
f 117//326 119//326 323//326
f 295//327 320//327 324//327
f 325//328 326//328 327//328
f 326//329 328//329 327//329
f 329//330 330//330 300//330
f 326//331 316//331 328//331
f 299//332 300//332 330//332
f 324//333 329//333 300//333
f 326//334 331//334 316//334
f 318//335 328//335 316//335
f 324//336 300//336 56//336
f 215//150 97//150 98//150
f 56//337 295//337 324//337
f 332//338 330//338 333//338
f 201//150 334//150 335//150
f 334//150 336//150 335//150
f 332//339 299//339 330//339
f 321//340 316//340 331//340
f 337//150 335//150 336//150
f 303//341 299//341 332//341
f 338//342 321//342 331//342
f 317//343 316//343 321//343
f 339//344 303//344 332//344
f 340//345 341//345 338//345
f 338//346 341//346 321//346
f 321//347 341//347 322//347
f 306//348 342//348 307//348
f 342//349 343//349 307//349
f 318//350 344//350 345//350
f 345//351 344//351 346//351
f 347//156 348//156 349//156
f 344//352 190//352 346//352
f 348//156 347//156 350//156
f 351//156 350//156 347//156
f 352//353 344//353 318//353
f 318//354 317//354 352//354
f 317//355 322//355 353//355
f 353//356 352//356 317//356
f 354//154 355//154 106//154
f 356//357 357//357 358//357
f 327//358 356//358 359//358
f 106//154 355//154 107//154
f 107//154 355//154 109//154
f 357//359 356//359 327//359
f 357//360 360//360 358//360
f 328//361 357//361 327//361
f 357//362 345//362 360//362
f 345//363 357//363 328//363
f 345//364 346//364 360//364
f 328//365 318//365 345//365
f 264//366 263//366 361//366
f 263//367 362//367 361//367
f 361//368 362//368 363//368
f 364//369 365//369 366//369
f 367//370 368//370 369//370
f 368//371 367//371 314//371
f 368//371 314//371 315//371
f 262//372 370//372 263//372
f 371//373 370//373 262//373
f 370//374 372//374 263//374
f 263//375 372//375 362//375
f 372//376 40//376 362//376
f 371//377 174//377 370//377
f 157//378 372//378 370//378
f 157//379 370//379 174//379
f 157//380 42//380 372//380
f 372//381 42//381 40//381
f 373//382 374//382 375//382
f 375//383 374//383 376//383
f 377//384 373//384 378//384
f 373//385 375//385 378//385
f 379//386 380//386 381//386
f 379//387 381//387 382//387
f 382//388 383//388 384//388
f 382//389 381//389 383//389
f 384//390 377//390 378//390
f 34//391 385//391 37//391
f 386//392 36//392 387//392
f 238//393 19//393 18//393
f 285//394 32//394 205//394
f 207//395 208//395 147//395
f 208//396 285//396 147//396
f 238//397 60//397 19//397
f 138//398 147//398 285//398
f 387//392 36//392 388//392
f 164//392 388//392 36//392
f 389//399 238//399 240//399
f 164//400 207//400 388//400
f 240//401 390//401 389//401
f 387//402 388//402 154//402
f 388//403 207//403 154//403
f 238//404 389//404 60//404
f 147//405 154//405 207//405
f 390//406 391//406 389//406
f 386//407 387//407 269//407
f 154//408 269//408 387//408
f 390//409 392//409 391//409
f 389//410 391//410 64//410
f 393//411 34//411 386//411
f 385//412 34//412 393//412
f 220//413 64//413 391//413
f 393//414 386//414 269//414
f 389//415 64//415 60//415
f 281//416 37//416 385//416
f 280//417 37//417 281//417
f 36//418 386//418 34//418
f 281//419 385//419 271//419
f 385//420 393//420 271//420
f 269//421 271//421 393//421
f 271//261 273//261 281//261
f 394//422 275//422 261//422
f 260//423 394//423 261//423
f 395//424 251//424 250//424
f 396//425 391//425 392//425
f 397//425 396//425 392//425
f 220//426 391//426 396//426
f 397//427 398//427 399//427
f 397//428 399//428 396//428
f 396//429 231//429 220//429
f 400//430 401//430 402//430
f 396//431 399//431 231//431
f 403//432 404//432 405//432
f 404//433 402//433 401//433
f 398//434 406//434 399//434
f 402//435 407//435 400//435
f 401//436 405//436 404//436
f 408//437 406//437 398//437
f 403//438 409//438 404//438
f 407//439 402//439 409//439
f 404//440 409//440 402//440
f 410//441 411//441 403//441
f 367//154 412//154 203//154
f 413//442 414//442 415//442
f 416//443 417//443 418//443
f 419//444 323//444 420//444
f 421//445 355//445 422//445
f 367//370 369//370 412//370
f 423//154 203//154 412//154
f 424//446 425//446 426//446
f 427//447 428//447 429//447
f 430//448 431//448 429//448
f 432//449 433//449 434//449
f 197//154 196//154 423//154
f 434//450 435//450 436//450
f 412//451 369//451 423//451
f 203//154 423//154 196//154
f 437//451 423//451 369//451
f 420//452 438//452 419//452
f 415//453 439//453 440//453
f 427//448 429//448 431//448
f 431//454 430//454 438//454
f 112//154 355//154 315//154
f 109//154 355//154 112//154
f 355//154 421//154 315//154
f 368//154 315//154 421//154
f 369//154 368//154 421//154
f 369//154 421//154 437//154
f 441//154 437//154 421//154
f 442//154 441//154 421//154
f 443//455 444//455 445//455
f 446//456 444//456 443//456
f 444//457 446//457 447//457
f 447//458 448//458 449//458
f 447//459 450//459 448//459
f 309//460 313//460 297//460
f 313//461 301//461 297//461
f 451//462 301//462 313//462
f 451//463 288//463 301//463
f 452//464 453//464 288//464
f 453//465 289//465 288//465
f 6//466 294//466 453//466
f 453//467 294//467 289//467
f 122//468 454//468 123//468
f 122//469 455//469 454//469
f 123//470 454//470 15//470
f 454//471 125//471 15//471
f 454//472 456//472 125//472
f 455//473 456//473 454//473
f 457//474 380//474 458//474
f 459//475 343//475 342//475
f 459//476 460//476 343//476
f 380//477 457//477 461//477
f 462//478 461//478 457//478
f 380//479 461//479 381//479
f 461//480 351//480 383//480
f 461//481 383//481 381//481
f 460//482 319//482 343//482
f 74//483 307//483 343//483
f 463//484 464//484 457//484
f 461//478 462//478 465//478
f 465//485 351//485 461//485
f 319//486 460//486 466//486
f 74//487 343//487 319//487
f 466//488 467//488 468//488
f 466//488 468//488 319//488
f 319//489 468//489 320//489
f 468//490 324//490 320//490
f 346//491 364//491 360//491
f 469//492 379//492 382//492
f 470//493 364//493 346//493
f 329//494 467//494 471//494
f 469//495 382//495 472//495
f 364//496 470//496 365//496
f 472//497 382//497 384//497
f 329//498 471//498 330//498
f 471//499 333//499 330//499
f 384//500 378//500 472//500
f 329//501 468//501 467//501
f 329//502 324//502 468//502
f 346//503 190//503 470//503
f 473//504 380//504 379//504
f 470//505 190//505 187//505
f 473//506 458//506 380//506
f 474//507 332//507 333//507
f 463//508 457//508 458//508
f 352//509 475//509 344//509
f 339//510 474//510 476//510
f 474//511 339//511 332//511
f 344//512 475//512 190//512
f 475//513 177//513 190//513
f 375//514 376//514 477//514
f 478//515 469//515 472//515
f 479//516 478//516 472//516
f 479//517 378//517 477//517
f 480//518 475//518 352//518
f 479//519 472//519 378//519
f 375//520 477//520 378//520
f 480//521 352//521 353//521
f 475//522 480//522 175//522
f 481//523 201//523 482//523
f 482//524 201//524 441//524
f 423//524 437//524 441//524
f 441//524 201//524 423//524
f 425//525 483//525 426//525
f 483//526 425//526 416//526
f 484//527 481//527 485//527
f 436//528 486//528 432//528
f 485//529 482//529 442//529
f 441//529 442//529 482//529
f 486//530 436//530 426//530
f 487//531 334//531 488//531
f 489//532 490//532 201//532
f 491//533 488//533 201//533
f 492//534 489//534 201//534
f 334//535 201//535 488//535
f 490//536 493//536 201//536
f 493//537 491//537 201//537
f 197//538 423//538 201//538
f 481//539 492//539 201//539
f 494//540 495//540 422//540
f 494//445 422//445 355//445
f 496//541 487//541 488//541
f 488//542 491//542 497//542
f 493//543 498//543 491//543
f 71//544 79//544 499//544
f 226//545 229//545 227//545
f 79//546 227//546 499//546
f 227//547 229//547 500//547
f 229//548 501//548 502//548
f 501//549 229//549 228//549
f 503//550 222//550 221//550
f 221//551 232//551 503//551
f 233//552 222//552 503//552
f 504//553 230//553 231//553
f 231//554 505//554 504//554
f 230//555 504//555 234//555
f 230//556 234//556 232//556
f 235//557 503//557 232//557
f 234//558 506//558 235//558
f 499//559 227//559 507//559
f 227//560 500//560 507//560
f 436//561 424//561 426//561
f 508//562 260//562 395//562
f 395//424 250//424 509//424
f 509//147 250//147 413//147
f 253//147 413//147 250//147
f 115//563 510//563 113//563
f 228//564 233//564 501//564
f 229//565 502//565 500//565
f 440//566 509//566 415//566
f 413//567 415//567 509//567
f 511//568 502//568 501//568
f 440//569 439//569 512//569
f 511//570 513//570 502//570
f 514//571 233//571 503//571
f 235//572 514//572 503//572
f 233//573 514//573 515//573
f 514//574 516//574 515//574
f 416//575 418//575 517//575
f 233//576 515//576 501//576
f 483//577 416//577 517//577
f 501//578 515//578 511//578
f 265//579 471//579 467//579
f 504//580 518//580 234//580
f 265//581 467//581 466//581
f 506//582 234//582 518//582
f 519//583 235//583 506//583
f 519//584 514//584 235//584
f 520//585 432//585 486//585
f 516//586 514//586 519//586
f 520//587 521//587 432//587
f 513//588 511//588 522//588
f 523//589 483//589 524//589
f 426//590 483//590 523//590
f 486//591 426//591 523//591
f 524//592 483//592 517//592
f 525//593 209//593 526//593
f 189//594 527//594 526//594
f 528//595 512//595 529//595
f 529//596 520//596 530//596
f 529//597 521//597 520//597
f 448//598 531//598 449//598
f 293//599 291//599 333//599
f 448//600 532//600 531//600
f 291//601 292//601 474//601
f 509//602 440//602 395//602
f 459//603 145//603 460//603
f 395//604 440//604 528//604
f 533//605 534//605 124//605
f 471//606 298//606 333//606
f 440//607 512//607 528//607
f 124//608 534//608 122//608
f 529//609 512//609 521//609
f 534//610 455//610 122//610
f 533//611 535//611 534//611
f 536//612 535//612 533//612
f 534//613 537//613 455//613
f 535//614 537//614 534//614
f 537//615 538//615 455//615
f 455//616 538//616 456//616
f 539//617 540//617 535//617
f 210//618 541//618 527//618
f 535//619 540//619 537//619
f 542//620 543//620 544//620
f 542//621 545//621 543//621
f 546//622 545//622 542//622
f 527//623 541//623 547//623
f 536//624 548//624 539//624
f 475//625 175//625 177//625
f 536//626 539//626 535//626
f 539//627 549//627 540//627
f 548//628 550//628 539//628
f 549//629 551//629 540//629
f 552//630 553//630 356//630
f 552//631 356//631 358//631
f 544//632 550//632 548//632
f 552//633 358//633 554//633
f 555//634 556//634 554//634
f 550//635 549//635 539//635
f 554//636 358//636 555//636
f 555//637 366//637 556//637
f 544//638 543//638 550//638
f 543//639 557//639 550//639
f 555//640 364//640 366//640
f 543//641 558//641 557//641
f 557//642 549//642 550//642
f 555//643 358//643 360//643
f 364//640 555//640 360//640
f 545//644 558//644 543//644
f 405//645 401//645 546//645
f 546//646 401//646 545//646
f 545//647 559//647 558//647
f 559//648 545//648 401//648
f 560//649 561//649 562//649
f 562//650 561//650 563//650
f 561//651 338//651 563//651
f 561//652 340//652 338//652
f 563//653 338//653 331//653
f 564//654 561//654 560//654
f 125//655 456//655 565//655
f 566//656 564//656 560//656
f 565//657 81//657 125//657
f 340//658 561//658 564//658
f 565//659 130//659 81//659
f 130//660 305//660 83//660
f 565//661 456//661 567//661
f 538//662 567//662 456//662
f 567//663 568//663 565//663
f 565//664 568//664 130//664
f 312//665 305//665 130//665
f 568//666 312//666 130//666
f 569//667 570//667 571//667
f 449//668 531//668 572//668
f 449//669 572//669 573//669
f 532//670 574//670 531//670
f 531//671 575//671 572//671
f 574//672 575//672 531//672
f 572//673 575//673 576//673
f 445//674 444//674 577//674
f 577//675 578//675 445//675
f 578//676 579//676 580//676
f 577//677 579//677 578//677
f 580//678 581//678 582//678
f 579//679 581//679 580//679
f 581//680 583//680 582//680
f 584//681 444//681 447//681
f 584//682 577//682 444//682
f 584//683 585//683 577//683
f 577//684 585//684 579//684
f 579//685 586//685 581//685
f 585//686 586//686 579//686
f 584//687 447//687 449//687
f 573//688 585//688 584//688
f 449//689 573//689 584//689
f 587//690 588//690 589//690
f 587//691 590//691 588//691
f 589//692 588//692 591//692
f 589//693 591//693 592//693
f 593//694 590//694 587//694
f 594//695 379//695 469//695
f 594//696 473//696 379//696
f 595//697 596//697 458//697
f 463//698 458//698 596//698
f 597//699 463//699 596//699
f 497//543 491//543 498//543
f 490//700 598//700 493//700
f 498//700 493//700 598//700
f 598//701 599//701 600//701
f 598//702 490//702 599//702
f 489//702 599//702 490//702
f 599//703 601//703 602//703
f 595//704 458//704 473//704
f 599//705 602//705 600//705
f 599//706 489//706 601//706
f 492//706 601//706 489//706
f 481//707 484//707 492//707
f 601//707 492//707 484//707
f 336//708 334//708 603//708
f 487//708 603//708 334//708
f 603//709 487//709 496//709
f 488//542 497//542 496//542
f 497//710 604//710 496//710
f 605//711 479//711 606//711
f 605//712 478//712 479//712
f 376//713 607//713 608//713
f 609//714 610//714 611//714
f 609//715 608//715 610//715
f 606//716 479//716 609//716
f 477//716 609//716 479//716
f 609//717 477//717 608//717
f 376//718 608//718 477//718
f 612//719 469//719 478//719
f 594//720 613//720 473//720
f 569//721 571//721 325//721
f 612//722 594//722 469//722
f 614//723 615//723 616//723
f 617//724 615//724 614//724
f 526//725 618//725 525//725
f 616//726 619//726 620//726
f 570//727 563//727 571//727
f 616//728 615//728 619//728
f 595//729 613//729 621//729
f 595//730 621//730 622//730
f 571//328 326//328 325//328
f 473//731 613//731 595//731
f 562//732 563//732 570//732
f 571//733 331//733 326//733
f 617//734 623//734 615//734
f 571//735 563//735 331//735
f 624//736 596//736 622//736
f 625//737 623//737 617//737
f 623//738 626//738 615//738
f 622//739 596//739 595//739
f 615//740 626//740 619//740
f 627//741 624//741 628//741
f 626//742 629//742 619//742
f 625//743 630//743 517//743
f 627//744 597//744 624//744
f 631//745 632//745 553//745
f 517//746 418//746 625//746
f 624//747 597//747 596//747
f 631//748 553//748 633//748
f 625//749 418//749 623//749
f 627//750 363//750 597//750
f 552//751 634//751 633//751
f 553//752 552//752 633//752
f 626//753 635//753 636//753
f 552//754 554//754 634//754
f 251//562 395//562 260//562
f 632//755 359//755 553//755
f 632//756 637//756 359//756
f 553//757 359//757 356//757
f 498//758 638//758 497//758
f 497//759 638//759 604//759
f 637//760 569//760 325//760
f 524//761 517//761 630//761
f 637//762 325//762 359//762
f 598//763 639//763 498//763
f 359//764 325//764 327//764
f 638//765 498//765 639//765
f 395//766 528//766 508//766
f 639//767 640//767 638//767
f 598//768 600//768 639//768
f 528//769 641//769 508//769
f 639//770 642//770 640//770
f 639//771 600//771 642//771
f 643//772 644//772 645//772
f 530//773 644//773 643//773
f 644//774 523//774 645//774
f 602//775 646//775 600//775
f 520//776 486//776 644//776
f 644//777 486//777 523//777
f 600//778 646//778 642//778
f 523//779 524//779 645//779
f 647//780 642//780 648//780
f 528//781 529//781 641//781
f 641//782 529//782 530//782
f 91//783 139//783 649//783
f 638//784 650//784 604//784
f 644//785 530//785 520//785
f 604//786 650//786 651//786
f 651//787 652//787 649//787
f 652//788 651//788 650//788
f 652//789 94//789 649//789
f 127//790 94//790 652//790
f 641//791 653//791 394//791
f 649//792 94//792 91//792
f 640//793 650//793 638//793
f 653//794 643//794 654//794
f 650//795 640//795 655//795
f 652//796 650//796 655//796
f 394//423 260//423 508//423
f 127//797 652//797 655//797
f 642//798 647//798 640//798
f 508//799 641//799 394//799
f 641//800 530//800 653//800
f 653//801 530//801 643//801
f 279//260 272//260 283//260
f 590//802 656//802 588//802
f 657//803 617//803 658//803
f 630//804 625//804 657//804
f 659//805 660//805 532//805
f 657//806 625//806 617//806
f 659//807 532//807 448//807
f 658//808 617//808 614//808
f 661//802 588//802 656//802
f 657//809 662//809 630//809
f 663//810 630//810 662//810
f 664//811 591//811 665//811
f 666//812 667//812 348//812
f 348//813 668//813 669//813
f 348//814 669//814 666//814
f 666//815 670//815 671//815
f 666//816 669//816 670//816
f 406//817 505//817 399//817
f 399//818 505//818 231//818
f 525//819 618//819 672//819
f 672//820 673//820 674//820
f 408//821 675//821 676//821
f 618//822 673//822 672//822
f 668//823 677//823 669//823
f 408//824 676//824 406//824
f 526//825 678//825 618//825
f 505//826 406//826 679//826
f 527//827 678//827 526//827
f 678//828 680//828 618//828
f 679//829 406//829 676//829
f 681//830 505//830 679//830
f 680//831 673//831 618//831
f 679//832 682//832 681//832
f 680//833 683//833 673//833
f 547//834 678//834 527//834
f 678//835 684//835 680//835
f 547//836 684//836 678//836
f 684//837 685//837 680//837
f 686//838 679//838 676//838
f 668//839 687//839 677//839
f 669//840 677//840 688//840
f 114//841 689//841 116//841
f 669//842 688//842 670//842
f 690//843 691//843 692//843
f 670//844 688//844 450//844
f 655//845 640//845 647//845
f 693//846 694//846 695//846
f 655//847 165//847 127//847
f 696//848 697//848 694//848
f 647//849 165//849 655//849
f 696//850 690//850 697//850
f 698//851 209//851 692//851
f 647//852 699//852 165//852
f 648//852 699//852 647//852
f 194//853 700//853 701//853
f 211//854 212//854 134//854
f 336//855 603//855 702//855
f 703//856 704//856 705//856
f 603//857 706//857 702//857
f 702//858 701//858 336//858
f 702//859 707//859 701//859
f 690//860 692//860 708//860
f 702//861 709//861 707//861
f 701//862 707//862 710//862
f 710//863 132//863 134//863
f 710//864 707//864 132//864
f 603//865 496//865 706//865
f 525//866 672//866 692//866
f 706//867 709//867 702//867
f 645//868 524//868 663//868
f 709//869 139//869 707//869
f 524//870 630//870 663//870
f 709//871 649//871 139//871
f 651//872 649//872 709//872
f 707//873 139//873 132//873
f 496//874 604//874 706//874
f 604//875 651//875 706//875
f 706//876 651//876 709//876
f 283//877 711//877 712//877
f 283//878 712//878 279//878
f 713//879 714//879 715//879
f 716//880 601//880 484//880
f 283//263 275//263 717//263
f 695//881 718//881 719//881
f 484//882 720//882 716//882
f 695//883 694//883 718//883
f 283//884 654//884 711//884
f 719//885 721//885 713//885
f 601//886 716//886 602//886
f 717//887 654//887 283//887
f 654//888 722//888 711//888
f 484//889 485//889 720//889
f 482//527 485//527 481//527
f 694//890 703//890 718//890
f 694//891 697//891 703//891
f 394//422 717//422 275//422
f 394//892 653//892 717//892
f 720//893 723//893 716//893
f 717//894 653//894 654//894
f 724//895 59//895 725//895
f 726//896 725//896 57//896
f 711//897 727//897 712//897
f 606//898 726//898 605//898
f 728//899 605//899 726//899
f 712//900 727//900 729//900
f 726//901 606//901 725//901
f 729//902 662//902 730//902
f 727//903 662//903 729//903
f 730//904 657//904 658//904
f 610//905 59//905 611//905
f 662//906 657//906 730//906
f 724//907 609//907 611//907
f 611//908 59//908 724//908
f 609//909 724//909 606//909
f 725//910 606//910 724//910
f 722//911 727//911 711//911
f 722//912 663//912 727//912
f 643//913 722//913 654//913
f 663//914 722//914 645//914
f 643//915 645//915 722//915
f 663//916 662//916 727//916
f 605//917 731//917 732//917
f 411//918 279//918 712//918
f 712//918 733//918 411//918
f 729//919 734//919 712//919
f 594//920 612//920 735//920
f 736//921 730//921 658//921
f 732//922 612//922 478//922
f 732//923 478//923 605//923
f 687//924 587//924 589//924
f 589//925 677//925 687//925
f 677//926 589//926 592//926
f 10//927 7//927 6//927
f 592//928 688//928 677//928
f 671//929 446//929 443//929
f 671//930 670//930 446//930
f 450//931 446//931 670//931
f 450//932 447//932 446//932
f 11//4 10//4 9//4
f 688//933 659//933 450//933
f 688//934 592//934 659//934
f 450//935 659//935 448//935
f 12//936 11//936 9//936
f 668//937 737//937 687//937
f 687//938 737//938 587//938
f 593//938 587//938 737//938
f 591//939 660//939 592//939
f 659//940 592//940 660//940
f 17//941 738//941 84//941
f 738//942 85//942 84//942
f 17//943 84//943 16//943
f 591//944 588//944 665//944
f 85//945 620//945 739//945
f 588//946 661//946 665//946
f 6//947 740//947 8//947
f 660//948 591//948 664//948
f 741//949 742//949 740//949
f 742//950 741//950 9//950
f 8//951 742//951 9//951
f 743//952 656//952 744//952
f 661//953 745//953 665//953
f 746//954 747//954 17//954
f 746//955 17//955 12//955
f 747//956 738//956 17//956
f 660//957 664//957 748//957
f 664//958 749//958 748//958
f 748//959 532//959 660//959
f 748//960 574//960 532//960
f 312//961 309//961 305//961
f 743//962 661//962 656//962
f 745//963 661//963 743//963
f 568//964 750//964 312//964
f 750//965 313//965 312//965
f 366//966 365//966 751//966
f 752//967 664//967 665//967
f 365//968 181//968 751//968
f 751//969 181//969 753//969
f 665//970 745//970 752//970
f 182//971 181//971 365//971
f 365//972 470//972 182//972
f 470//973 187//973 182//973
f 750//974 451//974 313//974
f 451//975 750//975 754//975
f 755//976 743//976 744//976
f 754//977 452//977 451//977
f 756//978 452//978 754//978
f 452//979 288//979 451//979
f 756//980 757//980 452//980
f 664//981 752//981 749//981
f 556//982 758//982 759//982
f 757//983 453//983 452//983
f 748//984 749//984 760//984
f 752//985 761//985 749//985
f 740//986 6//986 757//986
f 748//987 760//987 574//987
f 554//988 556//988 759//988
f 757//989 6//989 453//989
f 762//990 763//990 758//990
f 744//991 764//991 755//991
f 762//992 758//992 556//992
f 762//993 765//993 763//993
f 766//994 538//994 537//994
f 767//995 745//995 743//995
f 537//996 540//996 766//996
f 556//997 366//997 762//997
f 767//998 743//998 755//998
f 766//999 768//999 538//999
f 762//1000 751//1000 765//1000
f 745//1001 767//1001 769//1001
f 766//1002 770//1002 768//1002
f 366//1003 751//1003 762//1003
f 567//1004 538//1004 768//1004
f 751//1005 753//1005 765//1005
f 567//1006 771//1006 568//1006
f 745//1007 769//1007 752//1007
f 768//1008 771//1008 567//1008
f 771//1009 750//1009 568//1009
f 769//1010 761//1010 752//1010
f 768//1011 772//1011 771//1011
f 753//1012 773//1012 774//1012
f 774//1013 773//1013 775//1013
f 772//1014 768//1014 770//1014
f 754//1015 771//1015 772//1015
f 764//1016 776//1016 755//1016
f 765//1017 753//1017 774//1017
f 152//1018 764//1018 744//1018
f 754//1019 750//1019 771//1019
f 753//1020 777//1020 773//1020
f 777//1021 753//1021 181//1021
f 777//1022 778//1022 773//1022
f 505//1023 681//1023 504//1023
f 681//1024 518//1024 504//1024
f 779//1025 675//1025 780//1025
f 777//1026 181//1026 183//1026
f 675//1027 779//1027 676//1027
f 183//1028 186//1028 777//1028
f 686//1029 676//1029 779//1029
f 682//1030 679//1030 686//1030
f 681//1031 682//1031 781//1031
f 681//1032 781//1032 518//1032
f 782//1033 506//1033 518//1033
f 758//1034 763//1034 783//1034
f 783//1035 763//1035 784//1035
f 686//1036 785//1036 682//1036
f 784//1037 786//1037 787//1037
f 788//1038 507//1038 789//1038
f 763//1039 786//1039 784//1039
f 786//1040 790//1040 787//1040
f 791//1041 789//1041 507//1041
f 787//1042 790//1042 792//1042
f 790//1043 793//1043 792//1043
f 507//1044 500//1044 791//1044
f 791//1045 794//1045 789//1045
f 791//1046 795//1046 794//1046
f 789//1047 794//1047 796//1047
f 500//1048 502//1048 797//1048
f 763//1049 765//1049 786//1049
f 790//1050 786//1050 774//1050
f 797//1051 791//1051 500//1051
f 797//1046 795//1046 791//1046
f 765//1052 774//1052 786//1052
f 790//1053 774//1053 775//1053
f 790//1054 775//1054 793//1054
f 797//1055 798//1055 795//1055
f 502//1056 513//1056 797//1056
f 799//1057 800//1057 801//1057
f 513//1058 798//1058 797//1058
f 802//1059 511//1059 515//1059
f 515//1060 516//1060 802//1060
f 802//1061 522//1061 511//1061
f 513//1062 803//1062 798//1062
f 522//1063 803//1063 513//1063
f 633//1064 801//1064 800//1064
f 689//1065 804//1065 116//1065
f 804//1066 715//1066 116//1066
f 715//1067 805//1067 116//1067
f 805//1068 806//1068 116//1068
f 807//1069 516//1069 519//1069
f 808//1070 809//1070 116//1070
f 809//1071 810//1071 116//1071
f 802//1072 811//1072 522//1072
f 689//1073 719//1073 804//1073
f 689//1074 695//1074 719//1074
f 719//1075 713//1075 804//1075
f 804//1076 713//1076 715//1076
f 682//1077 785//1077 781//1077
f 518//1078 781//1078 782//1078
f 519//1079 782//1079 812//1079
f 718//1080 703//1080 705//1080
f 519//1079 506//1079 782//1079
f 807//1081 519//1081 812//1081
f 813//1082 703//1082 697//1082
f 516//1083 814//1083 802//1083
f 690//1082 813//1082 697//1082
f 807//1084 814//1084 516//1084
f 813//1085 704//1085 703//1085
f 814//1086 811//1086 802//1086
f 785//1087 811//1087 814//1087
f 522//1088 815//1088 803//1088
f 705//1089 816//1089 817//1089
f 811//1090 815//1090 522//1090
f 704//1091 816//1091 705//1091
f 785//1092 779//1092 780//1092
f 690//1093 708//1093 813//1093
f 785//1094 686//1094 779//1094
f 813//1095 818//1095 704//1095
f 785//1096 782//1096 781//1096
f 708//1097 818//1097 813//1097
f 785//1098 812//1098 782//1098
f 785//1099 807//1099 812//1099
f 814//1100 807//1100 785//1100
f 785//1101 815//1101 811//1101
f 819//1102 820//1102 390//1102
f 398//1103 821//1103 408//1103
f 821//1104 822//1104 408//1104
f 594//1105 735//1105 613//1105
f 823//1106 772//1106 770//1106
f 772//1107 823//1107 756//1107
f 772//1108 756//1108 754//1108
f 824//1109 627//1109 628//1109
f 824//1110 361//1110 627//1110
f 363//1110 627//1110 361//1110
f 823//1111 825//1111 756//1111
f 826//1112 825//1112 823//1112
f 825//1113 757//1113 756//1113
f 826//1114 827//1114 825//1114
f 828//1115 827//1115 826//1115
f 825//1116 740//1116 757//1116
f 827//1117 740//1117 825//1117
f 62//1118 829//1118 57//1118
f 731//1119 605//1119 830//1119
f 728//1120 830//1120 605//1120
f 830//1121 57//1121 731//1121
f 549//1122 831//1122 551//1122
f 551//1123 766//1123 540//1123
f 551//1124 770//1124 766//1124
f 557//1125 831//1125 549//1125
f 551//1126 832//1126 770//1126
f 831//1127 832//1127 551//1127
f 832//1106 823//1106 770//1106
f 557//1128 833//1128 831//1128
f 732//1129 829//1129 834//1129
f 833//1130 557//1130 558//1130
f 833//1131 835//1131 831//1131
f 831//1132 835//1132 832//1132
f 835//1133 826//1133 832//1133
f 732//1134 836//1134 829//1134
f 836//1135 732//1135 731//1135
f 832//1136 826//1136 823//1136
f 558//1137 559//1137 837//1137
f 558//1138 837//1138 833//1138
f 837//1139 838//1139 833//1139
f 835//1140 833//1140 838//1140
f 612//1141 834//1141 735//1141
f 835//1142 828//1142 826//1142
f 834//1143 612//1143 732//1143
f 838//1144 828//1144 835//1144
f 839//1145 613//1145 735//1145
f 839//1146 621//1146 613//1146
f 708//1147 692//1147 672//1147
f 840//1148 624//1148 622//1148
f 708//1149 674//1149 818//1149
f 624//1150 840//1150 628//1150
f 672//1151 674//1151 708//1151
f 715//1152 714//1152 805//1152
f 841//1153 806//1153 714//1153
f 834//1154 842//1154 843//1154
f 178//1155 180//1155 844//1155
f 731//1156 57//1156 836//1156
f 834//1157 829//1157 842//1157
f 721//1158 719//1158 718//1158
f 176//1159 844//1159 180//1159
f 210//135 180//135 179//135
f 713//1160 721//1160 845//1160
f 713//1161 845//1161 714//1161
f 735//1162 846//1162 839//1162
f 847//1163 341//1163 340//1163
f 621//1164 839//1164 848//1164
f 849//1165 621//1165 848//1165
f 322//1166 850//1166 353//1166
f 224//1167 225//1167 353//1167
f 851//1168 852//1168 853//1168
f 849//1169 840//1169 622//1169
f 852//1170 854//1170 853//1170
f 849//1171 622//1171 621//1171
f 721//1172 718//1172 705//1172
f 817//1173 845//1173 721//1173
f 705//1174 817//1174 721//1174
f 817//1175 855//1175 845//1175
f 856//1176 264//1176 361//1176
f 842//1177 829//1177 62//1177
f 842//1178 62//1178 843//1178
f 846//1179 857//1179 858//1179
f 859//1180 860//1180 816//1180
f 818//1181 859//1181 704//1181
f 816//1182 704//1182 859//1182
f 485//1183 442//1183 720//1183
f 442//1183 723//1183 720//1183
f 442//1184 861//1184 723//1184
f 442//1185 862//1185 861//1185
f 442//1186 863//1186 862//1186
f 818//1187 674//1187 864//1187
f 442//1188 865//1188 866//1188
f 864//1189 859//1189 818//1189
f 864//1190 867//1190 859//1190
f 602//1191 868//1191 646//1191
f 602//1192 716//1192 868//1192
f 716//893 723//893 868//893
f 714//1193 869//1193 841//1193
f 723//1194 861//1194 868//1194
f 714//1195 845//1195 869//1195
f 869//1196 870//1196 841//1196
f 871//1197 861//1197 862//1197
f 841//1198 870//1198 851//1198
f 870//1199 852//1199 851//1199
f 872//1200 863//1200 442//1200
f 869//1201 845//1201 855//1201
f 442//1202 873//1202 872//1202
f 855//1203 874//1203 869//1203
f 646//1204 648//1204 642//1204
f 852//1205 875//1205 854//1205
f 871//1206 646//1206 868//1206
f 868//1207 861//1207 871//1207
f 646//1208 871//1208 648//1208
f 806//1209 876//1209 116//1209
f 876//1210 877//1210 116//1210
f 877//1211 878//1211 116//1211
f 862//1212 879//1212 871//1212
f 878//1213 808//1213 116//1213
f 862//1214 863//1214 879//1214
f 805//1153 714//1153 806//1153
f 851//1215 806//1215 841//1215
f 806//1216 851//1216 876//1216
f 876//1217 853//1217 877//1217
f 442//1218 880//1218 873//1218
f 442//1219 866//1219 880//1219
f 699//1220 648//1220 879//1220
f 871//1221 879//1221 648//1221
f 863//1222 881//1222 879//1222
f 863//1223 872//1223 881//1223
f 866//1224 865//1224 882//1224
f 883//1225 884//1225 865//1225
f 165//1226 699//1226 885//1226
f 699//1227 881//1227 885//1227
f 879//1228 881//1228 699//1228
f 885//1229 881//1229 886//1229
f 738//1230 887//1230 85//1230
f 620//945 85//945 887//945
f 888//949 889//949 740//949
f 740//1231 827//1231 888//1231
f 890//1232 891//1232 740//1232
f 888//1233 892//1233 893//1233
f 889//1234 888//1234 893//1234
f 741//1235 740//1235 891//1235
f 819//1236 390//1236 240//1236
f 890//1237 894//1237 891//1237
f 890//1238 889//1238 894//1238
f 398//1239 895//1239 821//1239
f 894//1240 741//1240 891//1240
f 675//1241 896//1241 780//1241
f 894//1242 9//1242 741//1242
f 9//1243 894//1243 897//1243
f 9//1244 897//1244 746//1244
f 746//1245 12//1245 9//1245
f 898//1246 213//1246 780//1246
f 899//1247 900//1247 392//1247
f 901//1248 902//1248 397//1248
f 898//1249 780//1249 896//1249
f 903//1250 738//1250 747//1250
f 215//1251 785//1251 213//1251
f 904//1252 905//1252 98//1252
f 904//1253 98//1253 108//1253
f 906//1254 907//1254 905//1254
f 906//1254 905//1254 904//1254
f 908//150 907//150 906//150
f 908//150 906//150 909//150
f 738//1255 903//1255 887//1255
f 910//1256 908//1256 909//1256
f 887//1257 911//1257 620//1257
f 912//1256 908//1256 910//1256
f 110//154 910//154 108//154
f 906//154 910//154 909//154
f 913//1258 914//1258 828//1258
f 915//1259 827//1259 914//1259
f 916//1260 827//1260 915//1260
f 785//1261 917//1261 815//1261
f 800//1262 631//1262 633//1262
f 918//1263 827//1263 916//1263
f 656//1264 152//1264 744//1264
f 801//1265 633//1265 634//1265
f 801//1266 634//1266 919//1266
f 920//1267 919//1267 759//1267
f 349//1268 667//1268 237//1268
f 921//1269 916//1269 915//1269
f 759//1270 919//1270 634//1270
f 892//1271 888//1271 827//1271
f 921//1272 922//1272 916//1272
f 923//1273 819//1273 240//1273
f 918//1274 916//1274 922//1274
f 392//1275 390//1275 899//1275
f 924//1276 918//1276 922//1276
f 554//1277 759//1277 634//1277
f 922//1278 892//1278 924//1278
f 925//1279 671//1279 923//1279
f 820//1280 899//1280 390//1280
f 820//1281 443//1281 445//1281
f 922//1282 893//1282 892//1282
f 443//1283 819//1283 923//1283
f 443//1284 820//1284 819//1284
f 922//1285 926//1285 893//1285
f 801//1286 927//1286 799//1286
f 927//1287 801//1287 919//1287
f 893//1288 894//1288 889//1288
f 927//1289 919//1289 928//1289
f 920//1290 929//1290 928//1290
f 928//1291 919//1291 920//1291
f 578//1292 900//1292 445//1292
f 820//1293 445//1293 899//1293
f 929//1294 783//1294 930//1294
f 900//1295 901//1295 392//1295
f 397//1247 392//1247 901//1247
f 902//1296 931//1296 397//1296
f 931//1297 895//1297 398//1297
f 783//1298 929//1298 920//1298
f 893//1299 897//1299 894//1299
f 783//1300 784//1300 930//1300
f 899//1301 445//1301 900//1301
f 398//1302 397//1302 931//1302
f 920//1303 759//1303 758//1303
f 932//1304 746//1304 897//1304
f 758//1305 783//1305 920//1305
f 580//1306 902//1306 578//1306
f 932//1307 747//1307 746//1307
f 578//1308 902//1308 901//1308
f 900//1309 578//1309 901//1309
f 931//1310 580//1310 895//1310
f 582//1311 895//1311 580//1311
f 933//1312 934//1312 775//1312
f 747//1313 932//1313 935//1313
f 933//1314 691//1314 934//1314
f 934//1315 691//1315 696//1315
f 902//1316 580//1316 931//1316
f 903//1317 747//1317 935//1317
f 582//1318 821//1318 895//1318
f 933//1319 775//1319 773//1319
f 236//1268 237//1268 667//1268
f 667//1320 936//1320 236//1320
f 933//1321 698//1321 691//1321
f 911//1322 887//1322 903//1322
f 349//1323 348//1323 667//1323
f 936//1324 925//1324 236//1324
f 240//1325 236//1325 925//1325
f 925//1236 923//1236 240//1236
f 667//1326 666//1326 936//1326
f 671//1326 936//1326 666//1326
f 777//1327 186//1327 778//1327
f 773//1328 778//1328 933//1328
f 616//1257 620//1257 911//1257
f 828//1329 838//1329 937//1329
f 778//1330 698//1330 933//1330
f 923//1331 671//1331 443//1331
f 938//1332 913//1332 828//1332
f 937//1333 938//1333 828//1333
f 936//1334 671//1334 925//1334
f 939//1335 940//1335 937//1335
f 585//1336 573//1336 941//1336
f 940//1337 938//1337 937//1337
f 186//1338 209//1338 778//1338
f 942//1339 914//1339 913//1339
f 941//1340 586//1340 585//1340
f 778//1341 209//1341 698//1341
f 938//1342 940//1342 942//1342
f 834//1343 843//1343 846//1343
f 843//1344 857//1344 846//1344
f 846//1345 735//1345 834//1345
f 943//1346 792//1346 944//1346
f 792//1347 793//1347 944//1347
f 945//1348 693//1348 946//1348
f 945//1349 947//1349 693//1349
f 948//1350 944//1350 793//1350
f 944//1351 948//1351 945//1351
f 948//1352 947//1352 945//1352
f 793//1353 934//1353 948//1353
f 775//1354 934//1354 793//1354
f 934//1355 696//1355 948//1355
f 948//1356 696//1356 947//1356
f 947//846 694//846 693//846
f 698//843 692//843 691//843
f 858//1357 62//1357 949//1357
f 846//1358 858//1358 949//1358
f 927//1359 114//1359 799//1359
f 928//1360 114//1360 927//1360
f 929//1361 114//1361 928//1361
f 930//1362 114//1362 929//1362
f 930//1363 950//1363 114//1363
f 950//1364 951//1364 114//1364
f 951//1365 943//1365 114//1365
f 952//1366 953//1366 62//1366
f 943//1367 954//1367 114//1367
f 953//1368 949//1368 62//1368
f 954//1369 946//1369 114//1369
f 946//1370 955//1370 114//1370
f 846//1371 949//1371 839//1371
f 949//1372 953//1372 839//1372
f 952//1373 839//1373 953//1373
f 955//841 689//841 114//841
f 952//1374 848//1374 839//1374
f 930//1375 784//1375 950//1375
f 950//1376 784//1376 787//1376
f 951//1376 950//1376 787//1376
f 840//1377 849//1377 956//1377
f 951//1378 792//1378 943//1378
f 787//1379 792//1379 951//1379
f 943//1380 944//1380 954//1380
f 954//1381 945//1381 946//1381
f 956//1382 957//1382 840//1382
f 944//1383 945//1383 954//1383
f 693//1384 955//1384 946//1384
f 628//1385 840//1385 957//1385
f 873//1386 880//1386 958//1386
f 882//1387 168//1387 959//1387
f 886//1388 881//1388 872//1388
f 872//1389 873//1389 886//1389
f 958//1390 886//1390 873//1390
f 959//1391 958//1391 880//1391
f 880//1392 866//1392 959//1392
f 959//1393 866//1393 882//1393
f 882//1394 865//1394 884//1394
f 131//1395 165//1395 885//1395
f 960//1396 166//1396 131//1396
f 885//1397 960//1397 131//1397
f 166//1398 960//1398 170//1398
f 170//1399 167//1399 166//1399
f 960//1400 885//1400 886//1400
f 170//1401 960//1401 958//1401
f 958//1402 960//1402 886//1402
f 958//1403 959//1403 170//1403
f 959//1404 168//1404 170//1404
f 882//1405 171//1405 168//1405
f 171//1406 884//1406 253//1406
f 882//1407 884//1407 171//1407
f 413//1408 253//1408 883//1408
f 700//1409 961//1409 337//1409
f 336//1410 700//1410 337//1410
f 192//1411 962//1411 27//1411
f 336//1412 701//1412 700//1412
f 204//1413 912//1413 910//1413
f 111//154 910//154 110//154
f 906//154 108//154 910//154
f 904//154 108//154 906//154
f 963//1414 796//1414 794//1414
f 794//1415 795//1415 963//1415
f 367//154 203//154 314//154
f 964//1416 965//1416 966//1416
f 964//1417 967//1417 968//1417
f 203//1413 204//1413 910//1413
f 203//154 910//154 314//154
f 969//1418 803//1418 815//1418
f 815//1261 917//1261 969//1261
f 970//1419 971//1419 796//1419
f 972//1420 970//1420 968//1420
f 965//1421 973//1421 974//1421
f 965//1422 964//1422 973//1422
f 973//1423 975//1423 974//1423
f 851//1424 853//1424 876//1424
f 853//1425 976//1425 877//1425
f 877//1426 976//1426 878//1426
f 977//1427 941//1427 573//1427
f 978//1428 808//1428 878//1428
f 573//1429 572//1429 977//1429
f 941//1430 977//1430 979//1430
f 977//1431 980//1431 979//1431
f 809//1432 981//1432 810//1432
f 941//1433 979//1433 982//1433
f 976//1434 978//1434 878//1434
f 976//1435 983//1435 978//1435
f 808//1436 984//1436 809//1436
f 978//1437 984//1437 808//1437
f 984//1438 981//1438 809//1438
f 913//1439 938//1439 942//1439
f 915//1440 914//1440 921//1440
f 942//1441 921//1441 914//1441
f 976//1442 853//1442 854//1442
f 854//1443 983//1443 976//1443
f 984//1444 985//1444 981//1444
f 922//1445 921//1445 986//1445
f 673//1446 987//1446 674//1446
f 674//1447 987//1447 864//1447
f 673//1448 683//1448 987//1448
f 922//1449 986//1449 926//1449
f 926//1450 897//1450 893//1450
f 918//1451 924//1451 827//1451
f 685//1452 683//1452 680//1452
f 988//1453 628//1453 957//1453
f 824//1454 628//1454 988//1454
f 817//1455 816//1455 989//1455
f 856//1456 824//1456 988//1456
f 989//1457 855//1457 817//1457
f 989//1458 990//1458 855//1458
f 361//1176 824//1176 856//1176
f 816//1459 860//1459 989//1459
f 991//1460 252//1460 992//1460
f 991//1461 241//1461 252//1461
f 991//1462 243//1462 241//1462
f 991//1463 992//1463 993//1463
f 859//1464 867//1464 860//1464
f 994//1465 995//1465 243//1465
f 987//1466 996//1466 864//1466
f 254//1467 997//1467 244//1467
f 864//1468 996//1468 867//1468
f 998//1469 996//1469 987//1469
f 998//1470 987//1470 683//1470
f 371//1471 999//1471 174//1471
f 999//1472 172//1472 174//1472
f 869//1473 874//1473 870//1473
f 999//1474 1000//1474 172//1474
f 874//1475 1001//1475 870//1475
f 870//1476 1001//1476 852//1476
f 1000//1477 245//1477 172//1477
f 1001//1478 875//1478 852//1478
f 926//1479 932//1479 897//1479
f 245//1480 1002//1480 1003//1480
f 926//1481 1004//1481 932//1481
f 245//1482 1003//1482 246//1482
f 1003//1483 252//1483 246//1483
f 875//1484 1005//1484 854//1484
f 935//1485 932//1485 1004//1485
f 1003//1486 992//1486 252//1486
f 874//1487 855//1487 990//1487
f 1006//1488 1001//1488 990//1488
f 874//1488 990//1488 1001//1488
f 1007//1489 903//1489 935//1489
f 1008//1490 1009//1490 992//1490
f 992//1491 1009//1491 993//1491
f 991//1492 994//1492 243//1492
f 991//1493 993//1493 994//1493
f 1010//1494 911//1494 1007//1494
f 616//1495 911//1495 614//1495
f 1007//1496 911//1496 903//1496
f 243//1497 995//1497 254//1497
f 996//1498 998//1498 1011//1498
f 254//1499 995//1499 997//1499
f 1010//1495 614//1495 911//1495
f 1012//1500 1013//1500 998//1500
f 998//1501 1013//1501 1011//1501
f 733//919 712//919 734//919
f 729//1502 730//1502 734//1502
f 996//1503 1011//1503 1014//1503
f 658//1504 614//1504 1010//1504
f 837//1505 559//1505 1015//1505
f 1012//1506 998//1506 683//1506
f 995//1507 1016//1507 997//1507
f 683//1508 685//1508 1012//1508
f 576//1509 977//1509 572//1509
f 980//1510 977//1510 576//1510
f 1017//1511 575//1511 574//1511
f 575//1512 1017//1512 1018//1512
f 575//1513 1018//1513 576//1513
f 1019//1514 1020//1514 1015//1514
f 1015//1515 1020//1515 1021//1515
f 1019//1516 400//1516 407//1516
f 1019//1517 407//1517 1020//1517
f 939//1518 937//1518 838//1518
f 940//1519 939//1519 1022//1519
f 982//1520 1023//1520 1024//1520
f 982//1521 979//1521 1023//1521
f 939//1522 1025//1522 1022//1522
f 1021//1523 1022//1523 1025//1523
f 1022//1524 1026//1524 940//1524
f 940//1525 1026//1525 942//1525
f 942//1526 1027//1526 921//1526
f 979//1527 980//1527 1028//1527
f 942//1528 1026//1528 1027//1528
f 1027//1529 986//1529 921//1529
f 979//1530 1028//1530 1023//1530
f 1027//1531 1029//1531 986//1531
f 1004//1532 926//1532 986//1532
f 1029//1533 1004//1533 986//1533
f 1030//1534 980//1534 576//1534
f 1030//1535 576//1535 1018//1535
f 1029//1536 1031//1536 1004//1536
f 1032//1537 980//1537 1030//1537
f 1030//1538 1033//1538 1032//1538
f 935//1539 1004//1539 1031//1539
f 1032//1540 1028//1540 980//1540
f 1007//1541 935//1541 1031//1541
f 1018//1542 1034//1542 1035//1542
f 1007//1543 1031//1543 1036//1543
f 1030//1544 1018//1544 1035//1544
f 1036//1545 1010//1545 1007//1545
f 583//1546 581//1546 1037//1546
f 586//1547 1037//1547 581//1547
f 582//1548 583//1548 1038//1548
f 1038//1549 1039//1549 1040//1549
f 1021//1515 1020//1515 1022//1515
f 1027//1550 1026//1550 1041//1550
f 1041//1551 1029//1551 1027//1551
f 1041//1552 1042//1552 1029//1552
f 1042//1553 1031//1553 1029//1553
f 1043//1413 1044//1413 1045//1413
f 1042//1554 1036//1554 1031//1554
f 212//162 27//162 962//162
f 192//1555 194//1555 710//1555
f 701//1556 710//1556 194//1556
f 1010//1557 1036//1557 736//1557
f 710//1558 962//1558 192//1558
f 658//1504 1010//1504 736//1504
f 212//1559 962//1559 134//1559
f 710//1560 134//1560 962//1560
f 1022//1561 1046//1561 1026//1561
f 1046//1562 1022//1562 1020//1562
f 1046//1563 1041//1563 1026//1563
f 442//1564 421//1564 865//1564
f 1020//1565 1047//1565 1046//1565
f 407//1566 1047//1566 1020//1566
f 1046//1567 1048//1567 1041//1567
f 409//1568 1049//1568 407//1568
f 407//1569 1049//1569 1047//1569
f 409//441 403//441 411//441
f 1049//1570 409//1570 733//1570
f 411//1571 733//1571 409//1571
f 1047//1572 1048//1572 1046//1572
f 1041//1573 1048//1573 1042//1573
f 1050//1574 1048//1574 1047//1574
f 1049//1575 1050//1575 1047//1575
f 1048//1576 1051//1576 1042//1576
f 1050//1577 1051//1577 1048//1577
f 1051//1578 1036//1578 1042//1578
f 734//1579 1050//1579 1049//1579
f 1049//1580 733//1580 734//1580
f 734//1581 1052//1581 1050//1581
f 730//1502 1052//1502 734//1502
f 1050//1582 1052//1582 1051//1582
f 1052//1583 736//1583 1051//1583
f 730//921 736//921 1052//921
f 1051//1584 736//1584 1036//1584
f 1053//1413 1045//1413 1044//1413
f 1054//1413 1044//1413 292//1413
f 974//1585 975//1585 1055//1585
f 1044//1413 476//1413 292//1413
f 1053//1413 1044//1413 1054//1413
f 968//1586 1056//1586 964//1586
f 964//1587 1056//1587 973//1587
f 973//1588 1057//1588 975//1588
f 1056//1589 1057//1589 973//1589
f 89//1413 1053//1413 1054//1413
f 1056//1590 968//1590 1058//1590
f 970//1591 1058//1591 968//1591
f 1058//1592 1059//1592 1056//1592
f 1056//1593 1059//1593 1057//1593
f 1059//1594 1060//1594 1057//1594
f 1061//1595 1062//1595 1058//1595
f 1059//1596 1063//1596 1060//1596
f 111//154 314//154 910//154
f 273//1256 410//1256 280//1256
f 405//1256 280//1256 410//1256
f 795//1415 1064//1415 963//1415
f 1065//1597 1064//1597 798//1597
f 798//1598 803//1598 1065//1598
f 37//1256 280//1256 1066//1256
f 405//1256 1066//1256 280//1256
f 796//1414 963//1414 1067//1414
f 273//1256 279//1256 410//1256
f 1067//1419 970//1419 796//1419
f 963//1599 1064//1599 1068//1599
f 411//1256 410//1256 279//1256
f 795//1597 798//1597 1064//1597
f 1065//1600 1069//1600 1064//1600
f 541//150 210//150 1070//150
f 1064//1601 1069//1601 1068//1601
f 1071//150 965//150 1070//150
f 179//150 1070//150 210//150
f 1065//1602 1072//1602 1073//1602
f 113//1603 799//1603 114//1603
f 1065//1604 1073//1604 1069//1604
f 1073//1605 1074//1605 1069//1605
f 569//1606 1075//1606 570//1606
f 1076//1607 1077//1607 570//1607
f 525//851 692//851 209//851
f 189//593 526//593 209//593
f 202//594 527//594 189//594
f 803//1598 1072//1598 1065//1598
f 210//618 527//618 202//618
f 1078//1608 1072//1608 969//1608
f 1072//1418 803//1418 969//1418
f 955//1609 693//1609 689//1609
f 693//1609 695//1609 689//1609
f 1073//1610 1072//1610 1078//1610
f 694//848 947//848 696//848
f 690//850 696//850 691//850
f 1074//1611 1079//1611 1080//1611
f 1081//156 347//156 349//156
f 1082//1155 1083//1155 1084//1155
f 1073//1612 1085//1612 1074//1612
f 1086//1613 631//1613 800//1613
f 631//1614 1086//1614 632//1614
f 1073//1615 1078//1615 1085//1615
f 569//1616 637//1616 1075//1616
f 1085//1617 1079//1617 1074//1617
f 1087//1618 1084//1618 1083//1618
f 1076//1606 570//1606 1075//1606
f 1081//1619 566//1619 560//1619
f 480//1620 225//1620 175//1620
f 1088//1621 1087//1621 175//1621
f 176//1621 175//1621 1087//1621
f 176//1622 1087//1622 844//1622
f 1083//1622 844//1622 1087//1622
f 969//1623 917//1623 1078//1623
f 632//1624 1089//1624 637//1624
f 917//1625 1085//1625 1078//1625
f 917//1626 1079//1626 1085//1626
f 917//1627 1090//1627 1079//1627
f 1077//1628 560//1628 562//1628
f 341//1163 847//1163 53//1163
f 341//1629 53//1629 850//1629
f 1089//1614 632//1614 1086//1614
f 566//1630 237//1630 239//1630
f 562//1607 570//1607 1077//1607
f 970//1631 1067//1631 1061//1631
f 560//1619 1091//1619 1081//1619
f 970//1632 1061//1632 1058//1632
f 480//1167 353//1167 225//1167
f 239//1630 564//1630 566//1630
f 847//1633 340//1633 239//1633
f 1091//1628 560//1628 1077//1628
f 564//1633 239//1633 340//1633
f 637//1616 1092//1616 1075//1616
f 583//1634 1039//1634 1038//1634
f 1037//1635 1093//1635 583//1635
f 583//1636 1093//1636 1039//1636
f 1094//1637 1076//1637 1075//1637
f 1093//1638 1095//1638 1039//1638
f 586//1639 941//1639 982//1639
f 586//1640 982//1640 1037//1640
f 1037//1641 1024//1641 1093//1641
f 1096//1642 1081//1642 1097//1642
f 982//1643 1024//1643 1037//1643
f 1093//1644 1024//1644 1098//1644
f 1097//1645 1081//1645 1091//1645
f 1099//1646 1000//1646 999//1646
f 1000//1647 1099//1647 1100//1647
f 1100//1648 1101//1648 1000//1648
f 1101//1649 245//1649 1000//1649
f 421//1650 1102//1650 1103//1650
f 421//1651 1104//1651 1102//1651
f 1101//1652 1002//1652 245//1652
f 1002//1653 1101//1653 1105//1653
f 421//1654 1106//1654 1107//1654
f 421//1655 1108//1655 1106//1655
f 1105//1656 1109//1656 1002//1656
f 421//1657 1110//1657 1108//1657
f 1002//1658 1008//1658 1003//1658
f 421//445 422//445 1110//445
f 1109//1659 1008//1659 1002//1659
f 992//1660 1003//1660 1008//1660
f 419//1661 438//1661 1111//1661
f 1008//1662 1112//1662 1009//1662
f 118//1663 117//1663 1113//1663
f 993//1664 1114//1664 994//1664
f 995//1665 994//1665 1115//1665
f 422//1666 1116//1666 1110//1666
f 1013//1667 1117//1667 1011//1667
f 1118//1668 1012//1668 685//1668
f 1118//1669 1013//1669 1012//1669
f 422//1670 118//1670 1116//1670
f 989//1671 1119//1671 990//1671
f 989//1672 860//1672 1119//1672
f 1120//1673 1119//1673 860//1673
f 860//1674 867//1674 1120//1674
f 1120//1675 1121//1675 1119//1675
f 1122//1676 1101//1676 1100//1676
f 1120//1677 867//1677 1014//1677
f 867//1678 996//1678 1014//1678
f 1123//1679 1121//1679 1120//1679
f 1122//1680 1105//1680 1101//1680
f 1014//1679 1123//1679 1120//1679
f 1124//1681 438//1681 430//1681
f 1006//1682 1125//1682 1001//1682
f 990//1683 1126//1683 1006//1683
f 1001//1684 1125//1684 875//1684
f 1061//1685 1067//1685 1127//1685
f 1128//1686 1005//1686 875//1686
f 1067//1687 963//1687 1127//1687
f 1127//1688 1129//1688 1061//1688
f 1125//1689 1128//1689 875//1689
f 1061//1690 1129//1690 1062//1690
f 1062//1691 1130//1691 1063//1691
f 1129//1692 1130//1692 1062//1692
f 1126//1693 990//1693 1119//1693
f 1131//1694 117//1694 323//1694
f 1119//1695 1121//1695 1126//1695
f 963//1599 1068//1599 1127//1599
f 1113//1696 117//1696 1131//1696
f 1127//1697 1132//1697 1129//1697
f 1006//1698 1133//1698 1125//1698
f 1126//1699 1133//1699 1006//1699
f 1132//1700 1127//1700 1068//1700
f 1134//1701 1125//1701 1133//1701
f 1116//1702 118//1702 1113//1702
f 1110//1703 1116//1703 1108//1703
f 1134//1704 1128//1704 1125//1704
f 1132//1705 1068//1705 1135//1705
f 429//1706 1136//1706 1137//1706
f 1137//1707 1138//1707 429//1707
f 1139//1708 1140//1708 1132//1708
f 1138//1709 430//1709 429//1709
f 1135//1710 1068//1710 1069//1710
f 1132//1711 1135//1711 1139//1711
f 1014//1712 1011//1712 1141//1712
f 1074//1713 1135//1713 1069//1713
f 1141//1714 1123//1714 1014//1714
f 1135//1715 1080//1715 1139//1715
f 1141//1716 1011//1716 1117//1716
f 1135//1717 1074//1717 1080//1717
f 1093//1718 1098//1718 1095//1718
f 1080//1719 1142//1719 1139//1719
f 1098//1720 1024//1720 1143//1720
f 1024//1721 1023//1721 1143//1721
f 1105//1656 1144//1656 1109//1656
f 1109//1722 1112//1722 1008//1722
f 1145//1723 1143//1723 1023//1723
f 1145//1724 1023//1724 1028//1724
f 1144//1725 1146//1725 1147//1725
f 1109//1726 1144//1726 1147//1726
f 1142//1727 1080//1727 1090//1727
f 1079//1727 1090//1727 1080//1727
f 1147//1728 1112//1728 1109//1728
f 1028//1729 1032//1729 1148//1729
f 1149//1730 1150//1730 1142//1730
f 1090//1731 1149//1731 1142//1731
f 1028//1732 1148//1732 1145//1732
f 1151//1733 1150//1733 1152//1733
f 1153//1734 1112//1734 1147//1734
f 1152//1735 1154//1735 1151//1735
f 1032//1736 1155//1736 1148//1736
f 1032//1737 1033//1737 1155//1737
f 1112//1738 1153//1738 1156//1738
f 1112//1739 1156//1739 1009//1739
f 1156//1740 1157//1740 1009//1740
f 993//1740 1009//1740 1157//1740
f 1062//1741 1059//1741 1058//1741
f 1033//1742 1158//1742 1155//1742
f 1033//1743 1159//1743 1158//1743
f 1062//1744 1063//1744 1059//1744
f 993//1745 1157//1745 1114//1745
f 1040//1746 1160//1746 214//1746
f 994//1747 1114//1747 1115//1747
f 1040//1748 1039//1748 1160//1748
f 95//1749 97//1749 1160//1749
f 1039//1750 1095//1750 1160//1750
f 1095//709 95//709 1160//709
f 1016//1751 995//1751 1115//1751
f 1130//1752 1161//1752 1063//1752
f 1129//1753 1132//1753 1140//1753
f 1017//1754 574//1754 760//1754
f 755//1755 776//1755 767//1755
f 1129//1756 1140//1756 1130//1756
f 1161//1757 1130//1757 1162//1757
f 1140//1758 1162//1758 1130//1758
f 1099//1759 1163//1759 1164//1759
f 1140//1760 1165//1760 1162//1760
f 1164//1761 1100//1761 1099//1761
f 1166//1762 1100//1762 1164//1762
f 1167//1763 1122//1763 1166//1763
f 1139//1764 1165//1764 1140//1764
f 1165//1765 1168//1765 1162//1765
f 1166//1766 1122//1766 1100//1766
f 1162//1767 1168//1767 1169//1767
f 1170//1768 1105//1768 1122//1768
f 1171//1755 767//1755 776//1755
f 1172//1769 1173//1769 1170//1769
f 1168//1770 1174//1770 1169//1770
f 767//1771 1175//1771 769//1771
f 1170//1772 1144//1772 1105//1772
f 1174//1773 1176//1773 1177//1773
f 767//1774 1171//1774 1175//1774
f 1173//1775 1144//1775 1170//1775
f 1139//1776 1142//1776 1165//1776
f 1165//1777 1150//1777 1168//1777
f 749//1778 761//1778 1178//1778
f 1142//1779 1150//1779 1165//1779
f 1150//1780 1151//1780 1168//1780
f 749//1781 1178//1781 760//1781
f 1168//1782 1151//1782 1174//1782
f 1151//1783 1179//1783 1174//1783
f 1178//1784 1180//1784 1181//1784
f 1174//1785 1179//1785 1176//1785
f 776//1786 764//1786 1182//1786
f 1149//1787 1152//1787 1150//1787
f 769//1788 1175//1788 1183//1788
f 769//1789 1183//1789 761//1789
f 1180//1790 1178//1790 761//1790
f 1180//1791 761//1791 1183//1791
f 917//1792 1184//1792 1185//1792
f 917//1793 961//1793 1184//1793
f 1149//1794 1090//1794 917//1794
f 917//1795 1152//1795 1149//1795
f 1154//1796 1152//1796 917//1796
f 1185//1797 1154//1797 917//1797
f 1179//1798 1186//1798 1176//1798
f 28//1799 1176//1799 1186//1799
f 1186//1800 29//1800 28//1800
f 1185//1801 1184//1801 1186//1801
f 1186//1802 1184//1802 29//1802
f 193//1803 27//1803 25//1803
f 29//1804 193//1804 25//1804
f 1151//1805 1154//1805 1179//1805
f 1179//1806 1185//1806 1186//1806
f 1154//1807 1185//1807 1179//1807
f 1184//1808 961//1808 29//1808
f 29//1809 961//1809 193//1809
f 917//1409 337//1409 961//1409
f 193//1810 961//1810 194//1810
f 700//1811 194//1811 961//1811
f 335//1812 337//1812 917//1812
f 1187//1813 1188//1813 1055//1813
f 1055//1814 975//1814 1187//1814
f 975//1815 1057//1815 1189//1815
f 975//1816 1189//1816 1187//1816
f 1189//1817 1190//1817 1187//1817
f 1189//1818 1057//1818 1060//1818
f 1191//1819 1190//1819 1189//1819
f 1189//1820 1060//1820 1191//1820
f 1060//1821 1192//1821 1191//1821
f 1192//1822 1060//1822 1063//1822
f 1192//1823 1063//1823 1161//1823
f 1161//1824 1193//1824 1192//1824
f 1169//1825 1193//1825 1161//1825
f 1162//1826 1169//1826 1161//1826
f 1169//1827 1177//1827 1193//1827
f 1174//1828 1177//1828 1169//1828
f 1176//1829 1194//1829 1177//1829
f 1176//1830 28//1830 1194//1830
f 1194//1830 28//1830 26//1830
f 28//1831 25//1831 26//1831
f 1188//1832 1187//1832 1195//1832
f 1118//1833 1188//1833 1195//1833
f 1118//1834 1196//1834 1197//1834
f 1118//1835 1195//1835 1196//1835
f 1196//1836 1198//1836 1199//1836
f 1187//1837 1190//1837 1195//1837
f 1200//1838 1196//1838 1195//1838
f 1190//1839 1200//1839 1195//1839
f 1200//1840 1198//1840 1196//1840
f 1190//1841 1191//1841 1201//1841
f 1201//1842 1200//1842 1190//1842
f 1201//1843 1202//1843 1200//1843
f 1191//1844 1192//1844 1203//1844
f 1203//1845 1201//1845 1191//1845
f 1202//1846 1201//1846 1204//1846
f 1203//1847 1204//1847 1201//1847
f 1192//1848 1193//1848 1203//1848
f 1203//1849 1205//1849 1204//1849
f 1193//1850 1205//1850 1203//1850
f 1202//1851 1204//1851 1206//1851
f 1205//1852 1207//1852 1204//1852
f 1205//1853 1194//1853 1207//1853
f 1177//1854 1194//1854 1205//1854
f 1204//1855 1207//1855 1206//1855
f 31//1856 1206//1856 1208//1856
f 1207//1857 1208//1857 1206//1857
f 1208//1858 21//1858 31//1858
f 1104//1859 421//1859 1107//1859
f 1205//1827 1193//1827 1177//1827
f 1194//1860 26//1860 1207//1860
f 1207//1861 26//1861 1208//1861
f 21//1862 1208//1862 24//1862
f 26//1863 24//1863 1208//1863
f 1126//1864 1121//1864 1209//1864
f 1133//1865 1126//1865 1209//1865
f 1197//1866 1196//1866 1199//1866
f 1133//1867 1210//1867 1134//1867
f 1209//1868 1210//1868 1133//1868
f 1199//1869 1211//1869 1197//1869
f 1212//1870 1209//1870 1121//1870
f 1213//1871 776//1871 1182//1871
f 1123//1872 1212//1872 1121//1872
f 1171//1873 1214//1873 1175//1873
f 421//1874 1103//1874 1215//1874
f 1123//1875 1141//1875 1216//1875
f 760//1876 1178//1876 1217//1876
f 760//1877 1217//1877 1017//1877
f 1216//1878 1212//1878 1123//1878
f 1017//1879 1217//1879 1034//1879
f 1218//1880 1216//1880 1141//1880
f 1117//1881 1218//1881 1141//1881
f 1034//1882 1018//1882 1017//1882
f 1212//1883 1219//1883 1209//1883
f 1209//1884 1219//1884 1210//1884
f 1106//1885 1108//1885 1220//1885
f 1212//1886 1221//1886 1219//1886
f 1222//1564 865//1564 421//1564
f 1216//1887 1221//1887 1212//1887
f 421//1888 1223//1888 1222//1888
f 421//1889 1215//1889 1223//1889
f 1178//1890 1181//1890 1217//1890
f 1217//1891 1224//1891 1034//1891
f 1221//1892 1216//1892 1225//1892
f 1138//1893 1124//1893 430//1893
f 1218//1894 1225//1894 1216//1894
f 1225//1895 1226//1895 1221//1895
f 1111//1896 438//1896 1124//1896
f 776//1897 1227//1897 1171//1897
f 419//1898 1111//1898 1228//1898
f 1214//1899 1171//1899 1227//1899
f 1131//1900 1228//1900 1229//1900
f 1198//1901 1230//1901 1199//1901
f 1200//1843 1202//1843 1198//1843
f 1131//1902 323//1902 1228//1902
f 1228//1903 323//1903 419//1903
f 1231//1904 1077//1904 1076//1904
f 1231//1905 1232//1905 1077//1905
f 1199//1906 1233//1906 1211//1906
f 1234//1907 1181//1907 1180//1907
f 1235//1908 1116//1908 1236//1908
f 1237//1909 1097//1909 1232//1909
f 1224//1910 1217//1910 1181//1910
f 1211//1911 1233//1911 1238//1911
f 1113//1912 1236//1912 1116//1912
f 1233//1913 1239//1913 1238//1913
f 1237//1914 1240//1914 1097//1914
f 1232//1915 1091//1915 1077//1915
f 1097//1916 1091//1916 1232//1916
f 1240//1917 1241//1917 1242//1917
f 1238//1918 1239//1918 1243//1918
f 1243//1919 33//1919 35//1919
f 1240//1920 1096//1920 1097//1920
f 1243//1921 1239//1921 33//1921
f 1233//1922 1199//1922 1230//1922
f 1242//1923 1096//1923 1240//1923
f 1182//1924 1244//1924 1213//1924
f 1230//1925 162//1925 1233//1925
f 1108//1926 1235//1926 1220//1926
f 1230//1927 1245//1927 162//1927
f 1108//1703 1116//1703 1235//1703
f 1233//1928 162//1928 1239//1928
f 1239//1929 38//1929 33//1929
f 1227//1930 776//1930 1213//1930
f 38//1931 1239//1931 162//1931
f 1202//1932 1246//1932 1198//1932
f 1198//1933 1246//1933 1230//1933
f 1247//1934 1248//1934 1231//1934
f 1247//1935 1231//1935 1094//1935
f 1245//1936 1230//1936 1246//1936
f 1245//1937 163//1937 162//1937
f 30//1938 163//1938 1245//1938
f 1246//1939 1202//1939 1206//1939
f 1246//1940 1206//1940 31//1940
f 1245//1941 1246//1941 31//1941
f 1215//1942 414//1942 1223//1942
f 1249//1943 1215//1943 1103//1943
f 1245//1944 31//1944 30//1944
f 1076//1945 1094//1945 1231//1945
f 1035//1946 1033//1946 1030//1946
f 1237//1947 1248//1947 1250//1947
f 1248//1948 1237//1948 1232//1948
f 1144//1949 1173//1949 1146//1949
f 1035//1950 1034//1950 1251//1950
f 1248//1951 1232//1951 1231//1951
f 1252//1952 1253//1952 1104//1952
f 1034//1953 1224//1953 1251//1953
f 1253//1954 1102//1954 1104//1954
f 1252//1955 1107//1955 1254//1955
f 1035//1956 1159//1956 1033//1956
f 1104//1957 1107//1957 1252//1957
f 1175//1958 1255//1958 1183//1958
f 1107//1959 1106//1959 1254//1959
f 1254//1960 1106//1960 1220//1960
f 1256//1961 1257//1961 1258//1961
f 1259//1962 1260//1962 1261//1962
f 1261//1963 1260//1963 1262//1963
f 1262//1964 262//1964 264//1964
f 1260//1965 262//1965 1262//1965
f 1259//1966 1263//1966 1260//1966
f 1263//1967 1259//1967 1163//1967
f 371//1968 1260//1968 1263//1968
f 1260//1969 371//1969 262//1969
f 1263//1970 1163//1970 1099//1970
f 1255//1971 1175//1971 1214//1971
f 1099//1972 999//1972 1263//1972
f 1264//1973 1183//1973 1255//1973
f 1263//1974 999//1974 371//1974
f 1146//1975 1265//1975 1266//1975
f 1267//1976 1266//1976 1265//1976
f 1244//1977 1182//1977 1016//1977
f 1146//1978 1268//1978 1147//1978
f 355//1979 354//1979 1016//1979
f 1159//1980 1035//1980 1251//1980
f 1146//1981 1266//1981 1268//1981
f 1224//1982 1269//1982 1251//1982
f 1268//1983 1153//1983 1147//1983
f 1264//1984 1180//1984 1183//1984
f 1264//1985 1234//1985 1180//1985
f 1181//1986 1234//1986 1270//1986
f 1181//1987 1270//1987 1224//1987
f 1269//1988 1224//1988 1270//1988
f 1251//1989 1269//1989 1271//1989
f 1251//1989 1271//1989 1159//1989
f 1159//1990 1272//1990 1158//1990
f 322//1991 341//1991 850//1991
f 224//1166 353//1166 850//1166
f 1088//1620 175//1620 225//1620
f 844//154 1273//154 178//154
f 844//1256 1083//1256 1273//1256
f 1083//1256 1274//1256 1273//1256
f 1083//75 1082//75 1274//75
f 607//1992 376//1992 374//1992
f 374//1993 373//1993 1242//1993
f 377//1994 1242//1994 373//1994
f 858//1995 857//1995 62//1995
f 857//1118 843//1118 62//1118
f 836//1996 57//1996 829//1996
f 830//1997 728//1997 57//1997
f 728//1998 726//1998 57//1998
f 607//1999 610//1999 608//1999
f 347//2000 1081//2000 1275//2000
f 1276//75 1274//75 1082//75
f 179//154 178//154 1273//154
f 179//154 1273//154 1277//154
f 1071//75 1278//75 1276//75
f 1274//75 1276//75 1278//75
f 1273//150 1274//150 1277//150
f 1278//156 1071//156 1070//156
f 1070//156 1277//156 1278//156
f 1070//154 179//154 1277//154
f 974//2001 547//2001 965//2001
f 541//2001 965//2001 547//2001
f 1055//2002 547//2002 974//2002
f 1055//2002 684//2002 547//2002
f 685//2003 684//2003 1055//2003
f 685//2003 1055//2003 1188//2003
f 1218//2004 1117//2004 1238//2004
f 1066//2005 1226//2005 37//2005
f 1279//2006 984//2006 978//2006
f 1218//2007 1238//2007 1243//2007
f 978//2008 983//2008 1279//2008
f 35//2009 1226//2009 1243//2009
f 1111//2010 1124//2010 636//2010
f 1279//2011 985//2011 984//2011
f 685//1668 1188//1668 1118//1668
f 1013//1669 1118//1669 1197//1669
f 1211//2012 1117//2012 1197//2012
f 1013//2012 1197//2012 1117//2012
f 1211//2004 1238//2004 1117//2004
f 1280//2013 1228//2013 1111//2013
f 1243//2007 1225//2007 1218//2007
f 1229//2014 1228//2014 1280//2014
f 1225//2009 1243//2009 1226//2009
f 854//1484 1005//1484 983//1484
f 35//2005 37//2005 1226//2005
f 1281//2015 1075//2015 1092//2015
f 1005//2016 1282//2016 983//2016
f 1278//150 1277//150 1274//150
f 1282//2017 1279//2017 983//2017
f 1279//2018 1283//2018 985//2018
f 742//2019 8//2019 740//2019
f 1284//2020 1131//2020 1229//2020
f 1282//2021 1283//2021 1279//2021
f 1247//2022 1257//2022 1285//2022
f 1005//2023 1128//2023 1286//2023
f 1286//2024 1282//2024 1005//2024
f 1286//2025 1287//2025 1282//2025
f 559//433 401//433 400//433
f 1019//2026 1015//2026 559//2026
f 410//436 403//436 405//436
f 1282//2027 1287//2027 1283//2027
f 828//2028 914//2028 827//2028
f 1288//2029 1286//2029 1128//2029
f 889//2030 890//2030 740//2030
f 924//2031 892//2031 827//2031
f 10//2032 6//2032 8//2032
f 1021//2033 1025//2033 837//2033
f 838//2034 837//2034 1025//2034
f 1015//2035 1021//2035 837//2035
f 1025//1329 939//1329 838//1329
f 1128//2036 1134//2036 1288//2036
f 1286//2037 1289//2037 1287//2037
f 400//2038 1019//2038 559//2038
f 1288//2037 1289//2037 1286//2037
f 1290//2039 1134//2039 1210//2039
f 965//150 1071//150 966//150
f 1134//2040 1290//2040 1288//2040
f 1276//150 966//150 1071//150
f 1288//2041 1291//2041 1289//2041
f 541//150 1070//150 965//150
f 1247//2042 1258//2042 1257//2042
f 1258//2043 1247//2043 1094//2043
f 1258//2044 1094//2044 1281//2044
f 1290//2045 1291//2045 1288//2045
f 1081//156 349//156 566//156
f 1292//2046 1236//2046 1293//2046
f 1075//2047 1281//2047 1094//2047
f 1292//2048 1235//2048 1236//2048
f 1294//2049 1290//2049 1210//2049
f 1210//2050 1219//2050 1294//2050
f 1290//2051 1295//2051 1291//2051
f 1284//2052 1293//2052 1236//2052
f 1294//2053 1295//2053 1290//2053
f 1219//2054 1221//2054 1296//2054
f 237//156 566//156 349//156
f 1284//2055 1236//2055 1113//2055
f 1284//2056 1113//2056 1131//2056
f 1297//2057 1089//2057 1086//2057
f 1296//2058 1294//2058 1219//2058
f 1297//2059 1298//2059 1089//2059
f 1296//2060 1299//2060 1294//2060
f 204//154 917//154 912//154
f 1294//2061 1299//2061 1295//2061
f 908//154 912//154 785//154
f 1292//2062 1220//2062 1235//2062
f 884//1408 883//1408 253//1408
f 1222//1225 883//1225 865//1225
f 1296//2063 1221//2063 1226//2063
f 215//154 905//154 908//154
f 907//154 908//154 905//154
f 98//154 905//154 215//154
f 1296//2064 1066//2064 1299//2064
f 215//154 908//154 785//154
f 1226//2065 1066//2065 1296//2065
f 785//154 912//154 917//154
f 204//154 199//154 917//154
f 195//154 198//154 199//154
f 335//154 199//154 198//154
f 201//154 335//154 198//154
f 335//154 917//154 199//154
f 1300//2066 1088//2066 225//2066
f 223//2067 1300//2067 225//2067
f 533//2068 985//2068 1283//2068
f 1300//2069 1301//2069 1088//2069
f 1088//2070 1301//2070 1087//2070
f 1295//2071 1299//2071 546//2071
f 1087//2072 1302//2072 1084//2072
f 1299//2073 1066//2073 546//2073
f 1301//2074 1302//2074 1087//2074
f 533//2075 1283//2075 1287//2075
f 223//2076 1303//2076 1300//2076
f 71//2077 1303//2077 223//2077
f 1066//2073 405//2073 546//2073
f 1300//2078 1304//2078 1301//2078
f 548//2079 1287//2079 1289//2079
f 1304//2080 1300//2080 1303//2080
f 1304//2081 1305//2081 1301//2081
f 548//2082 1289//2082 1291//2082
f 542//2083 1291//2083 1295//2083
f 1295//2071 546//2071 542//2071
f 1305//2084 1302//2084 1301//2084
f 124//2085 121//2085 985//2085
f 985//2068 533//2068 124//2068
f 536//2075 533//2075 1287//2075
f 536//2079 1287//2079 548//2079
f 544//2082 548//2082 1291//2082
f 71//2086 499//2086 1303//2086
f 1291//2083 542//2083 544//2083
f 1303//2087 499//2087 788//2087
f 1304//2088 1303//2088 788//2088
f 1304//2089 1306//2089 1305//2089
f 143//603 460//603 145//603
f 788//2090 1306//2090 1304//2090
f 293//606 333//606 298//606
f 507//2091 788//2091 499//2091
f 789//2092 1306//2092 788//2092
f 144//2093 466//2093 143//2093
f 466//581 144//581 265//581
f 1084//135 966//135 1276//135
f 1082//135 1084//135 1276//135
f 1302//2094 967//2094 1084//2094
f 298//579 471//579 265//579
f 966//2095 1084//2095 967//2095
f 964//1416 966//1416 967//1416
f 1302//2096 972//2096 967//2096
f 1305//2097 972//2097 1302//2097
f 972//1417 968//1417 967//1417
f 1306//2098 971//2098 1305//2098
f 145//2099 459//2099 1307//2099
f 1305//2100 971//2100 972//2100
f 971//1420 970//1420 972//1420
f 460//2093 143//2093 466//2093
f 796//2101 971//2101 1306//2101
f 1306//2102 789//2102 796//2102
f 474//2103 333//2103 291//2103
f 476//601 474//601 292//601
f 52//2104 850//2104 53//2104
f 850//2105 72//2105 224//2105
f 52//2106 72//2106 850//2106
f 51//2107 54//2107 1308//2107
f 1308//2108 52//2108 51//2108
f 73//2109 52//2109 1308//2109
f 52//2110 73//2110 72//2110
f 217//2111 1308//2111 54//2111
f 1249//2112 414//2112 1215//2112
f 54//2113 61//2113 217//2113
f 78//2114 73//2114 1308//2114
f 1308//2115 217//2115 78//2115
f 1167//2116 1170//2116 1122//2116
f 1170//2117 1167//2117 1172//2117
f 20//2118 847//2118 239//2118
f 239//2119 18//2119 20//2119
f 847//2120 51//2120 53//2120
f 847//2121 20//2121 51//2121
f 1173//2122 1172//2122 1309//2122
f 1173//2123 1309//2123 1265//2123
f 1310//2124 1265//2124 1309//2124
f 1146//2125 1173//2125 1265//2125
f 883//2126 1223//2126 414//2126
f 1310//2127 1267//2127 1265//2127
f 1223//2128 883//2128 1222//2128
f 1310//2127 494//2127 1267//2127
f 1311//2129 1249//2129 1103//2129
f 355//2130 1267//2130 494//2130
f 1103//2131 1102//2131 1311//2131
f 355//2132 1266//2132 1267//2132
f 355//2133 1268//2133 1266//2133
f 1311//2134 1102//2134 1253//2134
f 355//2135 1153//2135 1268//2135
f 355//2136 1156//2136 1153//2136
f 355//2137 1157//2137 1156//2137
f 355//2138 1114//2138 1157//2138
f 355//2139 1115//2139 1114//2139
f 355//2140 1016//2140 1115//2140
f 1280//2141 1111//2141 636//2141
f 1312//2142 1166//2142 431//2142
f 1312//2143 1167//2143 1166//2143
f 431//2144 1166//2144 1164//2144
f 420//2145 1167//2145 1312//2145
f 1313//2146 1284//2146 1229//2146
f 1293//2147 1284//2147 1313//2147
f 1172//2148 1167//2148 420//2148
f 1314//2149 1172//2149 420//2149
f 119//2150 1309//2150 1314//2150
f 1309//2151 119//2151 1310//2151
f 1314//2152 1309//2152 1172//2152
f 495//2153 1310//2153 119//2153
f 494//2154 1310//2154 495//2154
f 435//2155 1220//2155 1292//2155
f 1254//2156 1220//2156 435//2156
f 438//2157 1312//2157 431//2157
f 1312//2158 438//2158 420//2158
f 1314//444 420//444 323//444
f 323//326 119//326 1314//326
f 495//76 119//76 118//76
f 118//540 422//540 495//540
f 1254//2159 434//2159 1252//2159
f 1136//2160 428//2160 1053//2160
f 1045//2161 1053//2161 428//2161
f 428//2162 1259//2162 1045//2162
f 1254//2163 435//2163 434//2163
f 1045//2164 1259//2164 1261//2164
f 1315//2165 521//2165 512//2165
f 1136//2166 429//2166 428//2166
f 512//2167 439//2167 1315//2167
f 427//2168 1163//2168 428//2168
f 427//2169 1164//2169 1163//2169
f 1315//2170 433//2170 521//2170
f 1163//2171 1259//2171 428//2171
f 883//2172 414//2172 413//2172
f 427//2173 431//2173 1164//2173
f 415//2174 1249//2174 439//2174
f 856//2175 1316//2175 264//2175
f 414//2176 1249//2176 415//2176
f 1317//2177 1318//2177 303//2177
f 1311//2178 439//2178 1249//2178
f 439//2179 1311//2179 1315//2179
f 952//2180 62//2180 1318//2180
f 1311//2181 1253//2181 1315//2181
f 1315//2182 1253//2182 433//2182
f 1319//2183 1320//2183 303//2183
f 1253//2184 1252//2184 433//2184
f 848//2185 1318//2185 1317//2185
f 635//2186 626//2186 623//2186
f 418//2187 635//2187 623//2187
f 848//2188 1317//2188 1321//2188
f 418//2189 417//2189 635//2189
f 952//2190 1318//2190 848//2190
f 635//2191 1280//2191 636//2191
f 417//2192 1280//2192 635//2192
f 416//2193 1313//2193 417//2193
f 416//2194 425//2194 1313//2194
f 1313//2195 1229//2195 417//2195
f 417//2196 1229//2196 1280//2196
f 849//2197 848//2197 1321//2197
f 424//2198 1293//2198 425//2198
f 435//2199 424//2199 436//2199
f 424//2200 1292//2200 1293//2200
f 425//2201 1293//2201 1313//2201
f 433//2202 432//2202 521//2202
f 1262//2175 264//2175 1316//2175
f 1272//1989 1159//1989 1271//1989
f 1244//1979 1016//1979 354//1979
f 354//2203 1213//2203 1244//2203
f 354//2204 1227//2204 1213//2204
f 1257//2205 1256//2205 70//2205
f 354//2206 1214//2206 1227//2206
f 1258//2207 1322//2207 1256//2207
f 354//2208 1255//2208 1214//2208
f 354//2209 1264//2209 1255//2209
f 354//2210 1234//2210 1264//2210
f 1298//2211 1322//2211 1281//2211
f 354//2212 1270//2212 1234//2212
f 354//2213 1269//2213 1270//2213
f 1281//2214 1322//2214 1258//2214
f 1298//2215 1281//2215 1092//2215
f 354//2216 1271//2216 1269//2216
f 354//2216 1272//2216 1271//2216
f 1298//2217 1092//2217 1089//2217
f 637//1624 1089//1624 1092//1624
f 104//707 103//707 1158//707
f 1272//527 104//527 1158//527
f 675//1104 408//1104 1323//1104
f 822//2218 1323//2218 408//2218
f 1323//2219 896//2219 675//2219
f 1038//2220 822//2220 582//2220
f 821//2221 582//2221 822//2221
f 1040//2222 896//2222 1038//2222
f 1323//2223 1038//2223 896//2223
f 1324//2224 1086//2224 1325//2224
f 1038//2225 1323//2225 822//2225
f 800//2226 799//2226 1325//2226
f 1040//2227 898//2227 896//2227
f 311//2228 68//2228 1326//2228
f 785//1246 780//1246 213//1246
f 1040//2229 214//2229 898//2229
f 213//2230 898//2230 214//2230
f 1327//2231 668//2231 348//2231
f 1327//937 737//937 668//937
f 656//2232 590//2232 153//2232
f 1328//694 590//694 593//694
f 1297//2233 1324//2233 1329//2233
f 1328//2232 153//2232 590//2232
f 656//1264 153//1264 152//1264
f 764//1018 152//1018 244//1018
f 997//2234 1182//2234 244//2234
f 1297//2235 1329//2235 1330//2235
f 1324//2236 1297//2236 1086//2236
f 1096//2000 1275//2000 1081//2000
f 1242//2237 1331//2237 1096//2237
f 800//1613 1325//1613 1086//1613
f 1242//2238 377//2238 1331//2238
f 1332//2239 1096//2239 1331//2239
f 1275//2240 1096//2240 1332//2240
f 1256//2241 1333//2241 1334//2241
f 70//2242 1256//2242 1334//2242
f 1333//2243 1322//2243 1330//2243
f 384//2244 1332//2244 1331//2244
f 384//2245 1331//2245 377//2245
f 1322//2246 1333//2246 1256//2246
f 1330//2247 1322//2247 1298//2247
f 1330//2248 1298//2248 1297//2248
f 384//2249 383//2249 1332//2249
f 1275//2249 1332//2249 383//2249
f 347//2250 1275//2250 351//2250
f 383//2250 351//2250 1275//2250
f 1335//2251 1325//2251 1336//2251
f 764//2234 244//2234 1182//2234
f 1336//2226 1325//2226 799//2226
f 1182//1977 997//1977 1016//1977
f 42//2252 41//2252 40//2252
f 39//2253 41//2253 1337//2253
f 41//2254 44//2254 1338//2254
f 41//2255 1338//2255 1337//2255
f 1329//2256 1339//2256 1340//2256
f 1330//2257 1329//2257 1340//2257
f 42//2258 44//2258 41//2258
f 1325//2259 1335//2259 1324//2259
f 44//2260 150//2260 1338//2260
f 1337//2261 1341//2261 1342//2261
f 1337//2262 1338//2262 1341//2262
f 1342//2263 1341//2263 1328//2263
f 149//2264 153//2264 1341//2264
f 1326//2265 1343//2265 311//2265
f 1342//2266 1328//2266 593//2266
f 1343//2267 1326//2267 1344//2267
f 1344//2268 1334//2268 1345//2268
f 1338//2269 150//2269 149//2269
f 1344//2270 1326//2270 1334//2270
f 1345//2271 1334//2271 1333//2271
f 1338//2272 149//2272 1341//2272
f 1328//2264 1341//2264 153//2264
f 1345//2273 1333//2273 1340//2273
f 348//2274 350//2274 1327//2274
f 1340//2275 1333//2275 1330//2275
f 462//484 457//484 464//484
f 351//485 465//485 350//485
f 462//2276 464//2276 1346//2276
f 462//2277 1347//2277 465//2277
f 1346//2278 1347//2278 462//2278
f 350//2279 465//2279 1327//2279
f 1347//2280 1327//2280 465//2280
f 39//2281 1337//2281 1348//2281
f 1346//2282 1349//2282 1347//2282
f 1346//2283 1348//2283 1349//2283
f 1347//2284 1349//2284 737//2284
f 1347//2285 737//2285 1327//2285
f 1348//2286 1342//2286 1349//2286
f 1348//2287 1337//2287 1342//2287
f 1349//2288 593//2288 737//2288
f 1349//2289 1342//2289 593//2289
f 1329//2256 1350//2256 1339//2256
f 433//2290 1252//2290 434//2290
f 436//2291 432//2291 434//2291
f 435//2292 1292//2292 424//2292
f 620//2293 619//2293 1351//2293
f 1351//2294 739//2294 620//2294
f 739//2295 1137//2295 1352//2295
f 1351//2296 1137//2296 739//2296
f 1352//2297 1136//2297 1053//2297
f 1137//2298 1136//2298 1352//2298
f 619//2299 629//2299 1351//2299
f 629//2300 1138//2300 1351//2300
f 629//2301 1124//2301 1138//2301
f 1351//2302 1138//2302 1137//2302
f 629//2303 626//2303 636//2303
f 636//2304 1124//2304 629//2304
f 89//2305 86//2305 1053//2305
f 90//2306 1353//2306 292//2306
f 90//2307 292//2307 1354//2307
f 294//2308 1354//2308 292//2308
f 88//2309 90//2309 1354//2309
f 1353//2310 1054//2310 292//2310
f 1353//2311 90//2311 89//2311
f 89//2312 1054//2312 1353//2312
f 1352//2305 1053//2305 86//2305
f 1354//2313 294//2313 1355//2313
f 1356//2314 88//2314 1355//2314
f 88//2315 1354//2315 1355//2315
f 115//2316 116//2316 810//2316
f 1356//2317 294//2317 1357//2317
f 1357//2318 294//2318 2//2318
f 14//2319 13//2319 115//2319
f 13//2320 1358//2320 115//2320
f 1358//2321 1359//2321 115//2321
f 1360//2322 1361//2322 115//2322
f 1361//2323 1362//2323 115//2323
f 1362//2324 1363//2324 115//2324
f 1363//2325 1364//2325 115//2325
f 1364//563 510//563 115//563
f 6//2326 4//2326 294//2326
f 1361//2327 276//2327 1365//2327
f 276//2328 278//2328 1365//2328
f 1355//2329 294//2329 1356//2329
f 1361//2330 1365//2330 1362//2330
f 1366//2331 1363//2331 1362//2331
f 1362//2332 1365//2332 1366//2332
f 1//2333 16//2333 1357//2333
f 1356//2334 1357//2334 16//2334
f 1363//2335 1366//2335 1367//2335
f 1357//2336 2//2336 1//2336
f 1363//2337 1367//2337 1364//2337
f 1356//2338 16//2338 88//2338
f 1364//2339 1367//2339 510//2339
f 1307//2339 510//2339 1367//2339
f 88//2340 16//2340 84//2340
f 1365//2341 141//2341 1366//2341
f 1365//2342 278//2342 141//2342
f 739//2343 1352//2343 86//2343
f 739//2343 86//2343 85//2343
f 1366//2344 141//2344 145//2344
f 145//2345 1367//2345 1366//2345
f 1307//2099 1367//2099 145//2099
f 121//2346 810//2346 981//2346
f 2//2347 294//2347 3//2347
f 981//2085 985//2085 121//2085
f 1368//2316 115//2316 810//2316
f 1368//2346 810//2346 121//2346
f 121//2348 123//2348 1368//2348
f 3//2349 294//2349 4//2349
f 1368//2350 14//2350 115//2350
f 597//750 363//750 1369//750
f 463//2351 597//2351 464//2351
f 1369//2351 464//2351 597//2351
f 115//2352 1359//2352 1370//2352
f 1370//2353 1360//2353 115//2353
f 363//2354 1371//2354 1369//2354
f 1368//2355 123//2355 14//2355
f 123//9 15//9 14//9
f 363//2356 362//2356 1371//2356
f 1371//2357 1372//2357 1369//2357
f 40//2358 1371//2358 362//2358
f 13//2359 80//2359 1358//2359
f 1371//2360 39//2360 1372//2360
f 40//2361 39//2361 1371//2361
f 80//2362 82//2362 1358//2362
f 1369//2363 1372//2363 464//2363
f 1358//2364 82//2364 1359//2364
f 1372//2365 1346//2365 464//2365
f 82//2366 87//2366 1359//2366
f 1359//2367 87//2367 1370//2367
f 39//2368 1348//2368 1372//2368
f 1372//2369 1348//2369 1346//2369
f 1370//2370 1373//2370 1360//2370
f 87//2371 1373//2371 1370//2371
f 1361//2372 1360//2372 276//2372
f 1373//2372 276//2372 1360//2372
f 304//2373 1373//2373 87//2373
f 304//2374 277//2374 1373//2374
f 1373//2375 277//2375 276//2375
f 62//2376 303//2376 1318//2376
f 1374//2377 1317//2377 303//2377
f 1317//2378 1374//2378 1321//2378
f 1375//2379 1376//2379 956//2379
f 1321//2380 1319//2380 956//2380
f 1321//2381 956//2381 849//2381
f 1377//2382 957//2382 956//2382
f 1378//2383 1316//2383 856//2383
f 856//2384 988//2384 1378//2384
f 1320//2385 1374//2385 303//2385
f 1320//2386 1319//2386 1321//2386
f 1374//2387 1320//2387 1321//2387
f 1375//2388 956//2388 1319//2388
f 303//2389 1376//2389 1375//2389
f 1319//2390 303//2390 1375//2390
f 1377//2391 956//2391 1376//2391
f 1379//2392 957//2392 1377//2392
f 1379//2393 988//2393 957//2393
f 1378//2394 988//2394 1379//2394
f 1350//2395 1329//2395 1324//2395
f 1350//2396 1324//2396 1335//2396
f 1380//2397 306//2397 310//2397
f 1381//2398 1382//2398 339//2398
f 311//2399 1343//2399 1383//2399
f 311//2400 1383//2400 310//2400
f 1336//1603 799//1603 113//1603
f 1384//2401 1385//2401 339//2401
f 303//2402 339//2402 1376//2402
f 1381//2403 1385//2403 1377//2403
f 1386//2404 113//2404 1387//2404
f 1388//2405 113//2405 1386//2405
f 1389//2406 113//2406 1388//2406
f 1384//2407 1379//2407 1385//2407
f 1390//2408 113//2408 1389//2408
f 1382//2409 1381//2409 1377//2409
f 1339//2410 113//2410 1390//2410
f 1350//2411 113//2411 1339//2411
f 113//2412 1350//2412 1335//2412
f 1376//2413 1382//2413 1377//2413
f 113//2414 1335//2414 1336//2414
f 1377//2407 1385//2407 1379//2407
f 1386//2415 1383//2415 1343//2415
f 1386//2416 1343//2416 1388//2416
f 1388//2417 1343//2417 1344//2417
f 1388//2418 1344//2418 1389//2418
f 1390//2419 1389//2419 1345//2419
f 1389//2420 1344//2420 1345//2420
f 1390//2421 1340//2421 1339//2421
f 1390//2422 1345//2422 1340//2422
f 1391//2423 306//2423 1380//2423
f 310//2424 1383//2424 1380//2424
f 113//2425 510//2425 1392//2425
f 1392//2426 1387//2426 113//2426
f 1391//2427 1392//2427 510//2427
f 1391//2428 510//2428 1307//2428
f 1380//2429 1392//2429 1391//2429
f 1392//2430 1380//2430 1387//2430
f 1387//2431 1383//2431 1386//2431
f 1387//2432 1380//2432 1383//2432
f 1391//2433 1307//2433 342//2433
f 1307//2434 459//2434 342//2434
f 306//2435 1391//2435 342//2435
f 1381//2436 339//2436 1385//2436
f 1382//2437 1376//2437 339//2437
f 1248//2438 1285//2438 1250//2438
f 1393//2439 1241//2439 1394//2439
f 1237//2440 1250//2440 1394//2440
f 1241//2441 1393//2441 1395//2441
f 1240//2442 1394//2442 1241//2442
f 1394//2443 1240//2443 1237//2443
f 1241//2444 1395//2444 374//2444
f 607//2445 374//2445 1395//2445
f 374//2446 1242//2446 1241//2446
f 1396//2447 1397//2447 339//2447
f 1384//2448 339//2448 1398//2448
f 1384//2449 1398//2449 1379//2449
f 1399//2450 339//2450 1397//2450
f 1398//2451 339//2451 1399//2451
f 1397//2452 1400//2452 1399//2452
f 1379//2453 1398//2453 1378//2453
f 1399//2454 1378//2454 1398//2454
f 1397//2455 1396//2455 1400//2455
f 1401//2456 1400//2456 1396//2456
f 1401//2457 1402//2457 1400//2457
f 1400//2458 1378//2458 1399//2458
f 1402//2459 1403//2459 1400//2459
f 1400//2460 1316//2460 1378//2460
f 1403//2461 1316//2461 1400//2461
f 1043//2462 1261//2462 1403//2462
f 1316//2463 1403//2463 1262//2463
f 1262//2463 1403//2463 1261//2463
f 1043//2462 1045//2462 1261//2462
f 1404//2464 1405//2464 476//2464
f 339//2465 476//2465 1396//2465
f 1405//2466 1402//2466 476//2466
f 1401//2467 1396//2467 476//2467
f 1044//2468 1404//2468 476//2468
f 1043//2469 1404//2469 1044//2469
f 1405//2470 1403//2470 1402//2470
f 476//2471 1402//2471 1401//2471
f 1403//2472 1405//2472 1043//2472
f 1043//2473 1405//2473 1404//2473
f 1095//709 96//709 95//709
f 99//542 96//542 1098//542
f 100//543 99//543 1143//543
f 1098//543 1143//543 99//543
f 101//700 100//700 1145//700
f 1143//700 1145//700 100//700
f 1145//702 1148//702 101//702
f 103//706 102//706 1155//706
f 1155//707 1158//707 103//707
f 1272//527 105//527 104//527
f 1272//529 354//529 105//529
f 106//529 105//529 354//529
f 214//708 1160//708 97//708
f 1095//542 1098//542 96//542
f 1148//702 102//702 101//702
f 1148//706 1155//706 102//706
f 57//2474 725//2474 59//2474
f 1257//2475 70//2475 69//2475
f 67//2476 46//2476 1406//2476
f 46//2477 45//2477 1406//2477
f 1406//2476 69//2476 67//2476
f 69//2478 1285//2478 1257//2478
f 1285//2479 69//2479 1406//2479
f 77//2480 47//2480 46//2480
f 77//2481 48//2481 47//2481
f 1406//2482 45//2482 1250//2482
f 45//2483 47//2483 1393//2483
f 1285//2484 1406//2484 1250//2484
f 1248//2485 1247//2485 1285//2485
f 1393//2486 47//2486 50//2486
f 45//2487 1393//2487 1394//2487
f 45//2488 1394//2488 1250//2488
f 1395//2489 1407//2489 607//2489
f 47//2490 48//2490 50//2490
f 49//2491 55//2491 1407//2491
f 1407//2492 50//2492 49//2492
f 50//2493 1395//2493 1393//2493
f 1395//2494 50//2494 1407//2494
f 55//2495 59//2495 1407//2495
f 59//2496 607//2496 1407//2496
f 59//713 610//713 607//713
f 1326//2497 68//2497 70//2497
f 70//2498 1334//2498 1326//2498
