# Blender 5.1.2
# www.blender.org
mtllib switch.mtl
o shell_Object_4
v -0.072233 -0.800498 0.080000
v 0.072116 -0.800498 0.080000
v -0.000076 -0.862343 0.080000
v -0.000059 -0.800498 0.080000
v -0.000059 -0.800498 0.074317
v -0.072233 -0.800498 0.074317
v -0.000076 -0.862343 0.074317
v 0.072116 -0.800498 0.074317
v -0.000059 -0.800498 0.068594
v -0.072233 -0.800498 0.068594
v -0.000076 -0.862343 0.068594
v 0.072116 -0.800498 0.068594
vn -0.0000 -0.0000 1.0000
vn -0.0000 1.0000 -0.0000
vn 0.6506 -0.7594 -0.0000
vn -0.6508 -0.7593 -0.0000
vn -0.0000 -0.0000 -1.0000
s 0
usemtl suite_shell
f 4//1 3//1 2//1
f 1//1 3//1 4//1
f 5//2 10//2 6//2
f 5//2 9//2 10//2
f 3//3 8//3 2//3
f 3//3 7//3 8//3
f 1//4 7//4 3//4
f 1//4 6//4 7//4
f 2//2 5//2 4//2
f 2//2 8//2 5//2
f 4//2 6//2 1//2
f 4//2 5//2 6//2
f 9//5 12//5 11//5
f 10//5 9//5 11//5
f 7//3 12//3 8//3
f 7//3 11//3 12//3
f 6//4 11//4 7//4
f 6//4 10//4 11//4
f 8//2 9//2 5//2
f 8//2 12//2 9//2
o contact_Object_6
v 0.245642 -0.026118 -0.064147
v 0.245642 -0.833391 -0.064147
v 0.339847 -0.026118 -0.064147
v 0.339847 -0.833391 -0.064147
v -0.566002 -0.026118 -0.064147
v -0.566002 -0.833391 -0.064147
v -0.471796 -0.026118 -0.064147
v -0.471796 -0.833391 -0.064147
v -0.468211 -0.026118 -0.064147
v -0.468211 -0.850955 -0.064147
v -0.374005 -0.026118 -0.064147
v -0.374005 -0.850955 -0.064147
v -0.369010 -0.026118 -0.064147
v -0.369010 -0.833391 -0.064147
v -0.274804 -0.026118 -0.064147
v -0.274804 -0.833391 -0.064147
v -0.369010 -0.392146 -0.064147
v -0.274804 -0.392146 -0.064147
v -0.369010 -0.500114 -0.064147
v -0.274804 -0.500114 -0.064147
v -0.170950 -0.026118 -0.064147
v -0.170950 -0.852582 -0.064147
v -0.076745 -0.026118 -0.064147
v -0.076745 -0.852582 -0.064147
v -0.271252 -0.026118 -0.064147
v -0.271252 -0.833391 -0.064147
v -0.177046 -0.026118 -0.064147
v -0.177046 -0.833391 -0.064147
v -0.271252 -0.392146 -0.064147
v -0.177046 -0.392146 -0.064147
v -0.271252 -0.500114 -0.064147
v -0.177046 -0.500114 -0.064147
v 0.355393 -0.026118 -0.064147
v 0.355393 -0.833391 -0.064147
v 0.449599 -0.026118 -0.064147
v 0.449599 -0.833391 -0.064147
v 0.355393 -0.392146 -0.064147
v 0.449599 -0.392146 -0.064147
v 0.355393 -0.500114 -0.064147
v 0.449599 -0.500114 -0.064147
v 0.453706 -0.026118 -0.064147
v 0.453706 -0.808711 -0.064147
v 0.547912 -0.026118 -0.064147
v 0.547912 -0.808711 -0.064147
v -0.063098 -0.026118 -0.064147
v -0.063098 -0.833391 -0.064147
v 0.031108 -0.026118 -0.064147
v 0.031108 -0.833391 -0.064147
v -0.063098 -0.392146 -0.064147
v 0.031108 -0.392146 -0.064147
v -0.063098 -0.500114 -0.064147
v 0.031108 -0.500114 -0.064147
v 0.146529 -0.026118 -0.064147
v 0.146529 -0.833391 -0.064147
v 0.240734 -0.026118 -0.064147
v 0.240734 -0.833391 -0.064147
v 0.146529 -0.392146 -0.064147
v 0.240734 -0.392146 -0.064147
v 0.146529 -0.500114 -0.064147
v 0.240734 -0.500114 -0.064147
v 0.036542 -0.026118 -0.064315
v 0.036542 -0.851721 -0.064315
v 0.130747 -0.026118 -0.064315
v 0.130747 -0.851721 -0.064315
vn -0.0000 -0.0000 -1.0000
s 0
usemtl suite_contact
f 13//6 16//6 14//6
f 13//6 15//6 16//6
f 17//6 20//6 18//6
f 17//6 19//6 20//6
f 21//6 24//6 22//6
f 21//6 23//6 24//6
f 31//6 28//6 26//6
f 31//6 32//6 28//6
f 25//6 30//6 29//6
f 25//6 27//6 30//6
f 33//6 36//6 34//6
f 33//6 35//6 36//6
f 43//6 40//6 38//6
f 43//6 44//6 40//6
f 37//6 42//6 41//6
f 37//6 39//6 42//6
f 51//6 48//6 46//6
f 51//6 52//6 48//6
f 45//6 50//6 49//6
f 45//6 47//6 50//6
f 53//6 56//6 54//6
f 53//6 55//6 56//6
f 63//6 60//6 58//6
f 63//6 64//6 60//6
f 57//6 62//6 61//6
f 57//6 59//6 62//6
f 71//6 68//6 66//6
f 71//6 72//6 68//6
f 65//6 70//6 69//6
f 65//6 67//6 70//6
f 73//6 76//6 74//6
f 73//6 75//6 76//6
o shell_Object_11
v -0.595079 0.776148 0.075914
v -0.593816 0.789902 0.075914
v -0.590459 0.801830 0.075914
v -0.584978 0.813022 0.075914
v -0.577538 0.823137 0.075914
v -0.568368 0.831869 0.075914
v -0.557743 0.838952 0.075914
v -0.545989 0.844171 0.075914
v -0.533461 0.847367 0.075914
v -0.519016 0.848570 0.075914
v 0.593816 0.789902 0.075914
v 0.595079 0.776148 0.075914
v 0.590459 0.801830 0.075914
v 0.584978 0.813022 0.075914
v 0.577539 0.823137 0.075914
v 0.568368 0.831869 0.075914
v 0.557743 0.838952 0.075914
v 0.545989 0.844171 0.075914
v 0.533461 0.847367 0.075914
v 0.519017 0.848570 0.075914
v 0.533461 -0.742475 0.075914
v 0.519017 -0.743678 0.075914
v 0.545989 -0.739279 0.075914
v 0.557743 -0.734060 0.075914
v 0.568368 -0.726977 0.075914
v 0.577539 -0.718245 0.075914
v 0.584978 -0.708129 0.075914
v 0.590459 -0.696937 0.075914
v 0.593816 -0.685009 0.075914
v 0.595079 -0.671255 0.075914
v -0.593816 -0.685009 0.075914
v -0.595079 -0.671255 0.075914
v -0.590459 -0.696937 0.075914
v -0.584978 -0.708129 0.075914
v -0.577538 -0.718245 0.075914
v -0.568368 -0.726977 0.075914
v -0.557743 -0.734060 0.075914
v -0.545989 -0.739279 0.075914
v -0.533461 -0.742475 0.075914
v -0.519016 -0.743678 0.075914
v -0.176175 0.848570 0.075914
v 0.176161 0.848570 0.075914
v -0.315845 0.741269 -0.076468
v -0.316225 0.743325 -0.076468
v -0.316830 0.745159 -0.076468
v -0.317635 0.746778 -0.076468
v -0.318618 0.748185 -0.076468
v -0.319754 0.749388 -0.076468
v -0.321020 0.750391 -0.076468
v -0.322393 0.751199 -0.076468
v -0.323848 0.751818 -0.076468
v -0.325362 0.752254 -0.076468
v -0.326911 0.752512 -0.076468
v -0.328472 0.752596 -0.076468
v -0.330033 0.752513 -0.076468
v -0.331582 0.752261 -0.076468
v -0.333096 0.751831 -0.076468
v -0.334551 0.751219 -0.076468
v -0.335923 0.750418 -0.076468
v -0.337189 0.749422 -0.076468
v -0.338326 0.748224 -0.076468
v -0.339308 0.746818 -0.076468
v -0.340114 0.745198 -0.076468
v -0.340719 0.743357 -0.076468
v -0.341099 0.741288 -0.076468
v -0.341099 0.710834 -0.076468
v -0.340719 0.708761 -0.076468
v -0.340114 0.706913 -0.076468
v -0.339308 0.705283 -0.076468
v -0.338326 0.703866 -0.076468
v -0.337189 0.702657 -0.076468
v -0.335923 0.701649 -0.076468
v -0.334551 0.700838 -0.076468
v -0.333096 0.700216 -0.076468
v -0.331582 0.699780 -0.076468
v -0.330033 0.699522 -0.076468
v -0.328472 0.699437 -0.076468
v -0.326909 0.699522 -0.076468
v -0.325355 0.699780 -0.076468
v -0.323833 0.700216 -0.076468
v -0.322368 0.700838 -0.076468
v -0.320984 0.701649 -0.076468
v -0.319706 0.702657 -0.076468
v -0.318558 0.703866 -0.076468
v -0.317564 0.705283 -0.076468
v -0.316749 0.706913 -0.076468
v -0.316136 0.708761 -0.076468
v -0.315751 0.710834 -0.076468
v -0.328664 0.760177 -0.076468
v -0.322465 0.759866 -0.076468
v -0.316521 0.758960 -0.076468
v -0.310885 0.757499 -0.076468
v -0.305612 0.755522 -0.076468
v -0.300756 0.753072 -0.076468
v -0.296371 0.750187 -0.076468
v -0.292512 0.746909 -0.076468
v -0.289233 0.743276 -0.076468
v -0.286588 0.739331 -0.076468
v -0.284631 0.735112 -0.076468
v -0.283418 0.730661 -0.076468
v -0.283001 0.726017 -0.076468
v -0.283418 0.721373 -0.076468
v -0.284631 0.716921 -0.076468
v -0.286588 0.712703 -0.076468
v -0.289233 0.708757 -0.076468
v -0.292512 0.705125 -0.076468
v -0.296371 0.701846 -0.076468
v -0.300756 0.698961 -0.076468
v -0.305612 0.696511 -0.076468
v -0.310885 0.694535 -0.076468
v -0.316521 0.693073 -0.076468
v -0.322465 0.692167 -0.076468
v -0.328664 0.691856 -0.076468
v -0.334862 0.692167 -0.076468
v -0.340806 0.693073 -0.076468
v -0.346442 0.694535 -0.076468
v -0.351715 0.696511 -0.076468
v -0.356571 0.698961 -0.076468
v -0.360956 0.701846 -0.076468
v -0.364815 0.705125 -0.076468
v -0.368094 0.708757 -0.076468
v -0.370739 0.712703 -0.076468
v -0.372696 0.716921 -0.076468
v -0.373910 0.721373 -0.076468
v -0.374326 0.726017 -0.076468
v -0.373910 0.730661 -0.076468
v -0.372696 0.735112 -0.076468
v -0.370739 0.739331 -0.076468
v -0.368094 0.743276 -0.076468
v -0.364815 0.746909 -0.076468
v -0.360956 0.750187 -0.076468
v -0.356571 0.753072 -0.076468
v -0.351715 0.755522 -0.076468
v -0.346442 0.757499 -0.076468
v -0.340806 0.758960 -0.076468
v -0.334862 0.759866 -0.076468
v -0.241987 0.712846 -0.076468
v -0.241565 0.710910 -0.076468
v -0.240904 0.709232 -0.076468
v -0.240039 0.707796 -0.076468
v -0.239002 0.706588 -0.076468
v -0.237830 0.705591 -0.076468
v -0.236556 0.704790 -0.076468
v -0.235214 0.704170 -0.076468
v -0.233838 0.703714 -0.076468
v -0.232464 0.703408 -0.076468
v -0.231125 0.703236 -0.076468
v -0.229856 0.703182 -0.076468
v -0.228566 0.703236 -0.076468
v -0.227214 0.703408 -0.076468
v -0.225833 0.703714 -0.076468
v -0.224455 0.704170 -0.076468
v -0.223115 0.704790 -0.076468
v -0.221846 0.705591 -0.076468
v -0.220680 0.706588 -0.076468
v -0.219652 0.707796 -0.076468
v -0.218794 0.709232 -0.076468
v -0.218140 0.710910 -0.076468
v -0.217723 0.712846 -0.076468
v -0.217723 0.739003 -0.076468
v -0.218140 0.740934 -0.076468
v -0.218794 0.742605 -0.076468
v -0.219652 0.744031 -0.076468
v -0.220680 0.745228 -0.076468
v -0.221846 0.746214 -0.076468
v -0.223115 0.747003 -0.076468
v -0.224455 0.747613 -0.076468
v -0.225833 0.748059 -0.076468
v -0.227214 0.748358 -0.076468
v -0.229856 0.748577 -0.076468
v -0.231121 0.748523 -0.076468
v -0.232450 0.748352 -0.076468
v -0.233810 0.748046 -0.076468
v -0.235168 0.747593 -0.076468
v -0.236490 0.746976 -0.076468
v -0.237746 0.746180 -0.076468
v -0.238902 0.745190 -0.076468
v -0.239925 0.743990 -0.076468
v -0.240783 0.742566 -0.076468
v -0.241443 0.740902 -0.076468
v -0.241872 0.738984 -0.076468
v -0.221030 0.758533 -0.076468
v -0.215898 0.758196 -0.076468
v -0.211028 0.757225 -0.076468
v -0.206456 0.755683 -0.076468
v -0.202217 0.753635 -0.076468
v -0.198346 0.751142 -0.076468
v -0.194877 0.748269 -0.076468
v -0.191846 0.745078 -0.076468
v -0.189288 0.741632 -0.076468
v -0.187237 0.737995 -0.076468
v -0.185729 0.734229 -0.076468
v -0.184799 0.730398 -0.076468
v -0.184481 0.726565 -0.076468
v -0.184849 0.721543 -0.076468
v -0.185872 0.717057 -0.076468
v -0.187432 0.713082 -0.076468
v -0.189409 0.709596 -0.076468
v -0.191683 0.706574 -0.076468
v -0.194134 0.703993 -0.076468
v -0.196643 0.701828 -0.076468
v -0.199091 0.700056 -0.076468
v -0.203323 0.697596 -0.076468
v -0.207038 0.695941 -0.076468
v -0.210688 0.694748 -0.076468
v -0.215864 0.693744 -0.076468
v -0.221318 0.693409 -0.076468
v -0.228133 0.693970 -0.076468
v -0.235032 0.695709 -0.076468
v -0.241847 0.698706 -0.076468
v -0.241847 0.695144 -0.076468
v -0.272832 0.695144 -0.076468
v -0.272832 0.786666 -0.076468
v -0.241847 0.786666 -0.076468
v -0.241847 0.752962 -0.076468
v -0.234320 0.756223 -0.076468
v -0.230936 0.757270 -0.076468
v -0.227251 0.758048 -0.076468
v -0.114260 0.749673 -0.076468
v -0.114260 0.756067 -0.076468
v -0.083179 0.756067 -0.076468
v -0.083275 0.695144 -0.076468
v -0.114260 0.695144 -0.076468
v -0.114164 0.735151 -0.076468
v -0.114294 0.736484 -0.076468
v -0.114673 0.737822 -0.076468
v -0.115287 0.739141 -0.076468
v -0.116122 0.740418 -0.076468
v -0.117163 0.741630 -0.076468
v -0.118397 0.742755 -0.076468
v -0.119809 0.743769 -0.076468
v -0.121384 0.744650 -0.076468
v -0.123108 0.745375 -0.076468
v -0.124968 0.745921 -0.076468
v -0.126947 0.746265 -0.076468
v -0.129033 0.746385 -0.076468
v -0.131108 0.746265 -0.076468
v -0.133057 0.745921 -0.076468
v -0.134869 0.745375 -0.076468
v -0.136534 0.744650 -0.076468
v -0.138042 0.743769 -0.076468
v -0.139382 0.742755 -0.076468
v -0.140544 0.741630 -0.076468
v -0.141518 0.740418 -0.076468
v -0.142294 0.739141 -0.076468
v -0.142861 0.737822 -0.076468
v -0.143209 0.736484 -0.076468
v -0.143327 0.695144 -0.076468
v -0.174312 0.695144 -0.076468
v -0.173880 0.733851 -0.076468
v -0.172614 0.738742 -0.076468
v -0.170630 0.743008 -0.076468
v -0.168045 0.746683 -0.076468
v -0.164977 0.749799 -0.076468
v -0.161542 0.752391 -0.076468
v -0.157857 0.754491 -0.076468
v -0.154039 0.756135 -0.076468
v -0.150205 0.757354 -0.076468
v -0.146473 0.758184 -0.076468
v -0.142958 0.758657 -0.076468
v -0.139778 0.758807 -0.076468
v -0.134570 0.758480 -0.076468
v -0.129708 0.757556 -0.076468
v -0.125220 0.756124 -0.076468
v -0.121132 0.754274 -0.076468
v -0.117469 0.752094 -0.076468
v -0.040874 0.716426 -0.076468
v -0.040881 0.716390 -0.076468
v -0.040803 0.710164 -0.076468
v -0.040330 0.707895 -0.076468
v -0.039594 0.705945 -0.076468
v -0.038635 0.704292 -0.076468
v -0.037497 0.702913 -0.076468
v -0.036221 0.701789 -0.076468
v -0.034849 0.700897 -0.076468
v -0.033423 0.700215 -0.076468
v -0.031985 0.699722 -0.076468
v -0.030577 0.699397 -0.076468
v -0.029241 0.699218 -0.076468
v -0.028019 0.699163 -0.076468
v -0.026795 0.699218 -0.076468
v -0.025454 0.699397 -0.076468
v -0.024038 0.699722 -0.076468
v -0.022590 0.700215 -0.076468
v -0.021153 0.700897 -0.076468
v -0.019769 0.701789 -0.076468
v -0.018481 0.702913 -0.076468
v -0.017332 0.704292 -0.076468
v -0.016364 0.705945 -0.076468
v -0.015619 0.707895 -0.076468
v -0.015141 0.710164 -0.076468
v -0.014973 0.725286 -0.076468
v -0.073778 0.725286 -0.076468
v -0.073357 0.729937 -0.076468
v -0.072132 0.734408 -0.076468
v -0.070158 0.738657 -0.076468
v -0.067489 0.742640 -0.076468
v -0.064181 0.746315 -0.076468
v -0.060288 0.749639 -0.076468
v -0.055865 0.752569 -0.076468
v -0.050968 0.755062 -0.076468
v -0.045651 0.757076 -0.076468
v -0.039969 0.758568 -0.076468
v -0.033978 0.759494 -0.076468
v -0.027731 0.759812 -0.076468
v -0.021487 0.759501 -0.076468
v -0.015501 0.758595 -0.076468
v -0.009827 0.757133 -0.076468
v -0.004520 0.755157 -0.076468
v 0.000366 0.752707 -0.076468
v 0.004777 0.749822 -0.076468
v 0.008658 0.746543 -0.076468
v 0.011955 0.742911 -0.076468
v 0.014614 0.738965 -0.076468
v 0.016581 0.734747 -0.076468
v 0.017801 0.730295 -0.076468
v 0.018219 0.725651 -0.076468
v 0.017801 0.721007 -0.076468
v 0.016581 0.716556 -0.076468
v 0.014614 0.712337 -0.076468
v 0.011955 0.708392 -0.076468
v 0.008658 0.704759 -0.076468
v 0.004777 0.701481 -0.076468
v 0.000366 0.698596 -0.076468
v -0.004520 0.696145 -0.076468
v -0.009827 0.694169 -0.076468
v -0.015501 0.692708 -0.076468
v -0.021487 0.691802 -0.076468
v -0.027731 0.691491 -0.076468
v -0.032932 0.691707 -0.076468
v -0.037962 0.692342 -0.076468
v -0.042791 0.693370 -0.076468
v -0.047386 0.694769 -0.076468
v -0.051718 0.696513 -0.076468
v -0.055755 0.698581 -0.076468
v -0.059466 0.700947 -0.076468
v -0.062820 0.703588 -0.076468
v -0.065787 0.706480 -0.076468
v -0.068335 0.709600 -0.076468
v -0.070433 0.712923 -0.076468
v -0.072051 0.716426 -0.076468
v -0.040985 0.736763 -0.076468
v -0.041066 0.734785 -0.076468
v -0.014973 0.734785 -0.076468
v -0.015141 0.741321 -0.076468
v -0.015619 0.743590 -0.076468
v -0.016364 0.745540 -0.076468
v -0.017332 0.747194 -0.076468
v -0.018481 0.748572 -0.076468
v -0.019769 0.749696 -0.076468
v -0.021153 0.750589 -0.076468
v -0.022590 0.751270 -0.076468
v -0.024038 0.751763 -0.076468
v -0.025454 0.752088 -0.076468
v -0.026795 0.752267 -0.076468
v -0.028019 0.752322 -0.076468
v -0.029241 0.752267 -0.076468
v -0.030577 0.752088 -0.076468
v -0.031985 0.751763 -0.076468
v -0.033423 0.751270 -0.076468
v -0.034849 0.750589 -0.076468
v -0.036221 0.749696 -0.076468
v -0.037497 0.748572 -0.076468
v -0.038635 0.747194 -0.076468
v -0.039594 0.745540 -0.076468
v -0.040330 0.743590 -0.076468
v -0.040803 0.741321 -0.076468
v 0.076449 0.695144 -0.076468
v 0.045176 0.695144 -0.076468
v 0.045176 0.755884 -0.076468
v 0.028388 0.755884 -0.076468
v 0.028388 0.764927 -0.076468
v 0.045176 0.764927 -0.076468
v 0.045176 0.777258 -0.076468
v 0.076449 0.777258 -0.076468
v 0.076449 0.764927 -0.076468
v 0.093332 0.764927 -0.076468
v 0.093332 0.755884 -0.076468
v 0.076449 0.755884 -0.076468
v 0.163553 0.749673 -0.076468
v 0.163553 0.756067 -0.076468
v 0.194634 0.756067 -0.076468
v 0.194539 0.695144 -0.076468
v 0.163553 0.695144 -0.076468
v 0.163649 0.735151 -0.076468
v 0.163520 0.736484 -0.076468
v 0.163141 0.737822 -0.076468
v 0.162526 0.739141 -0.076468
v 0.161691 0.740418 -0.076468
v 0.160650 0.741630 -0.076468
v 0.159416 0.742755 -0.076468
v 0.158005 0.743769 -0.076468
v 0.156429 0.744650 -0.076468
v 0.154705 0.745375 -0.076468
v 0.152846 0.745921 -0.076468
v 0.150866 0.746265 -0.076468
v 0.148780 0.746385 -0.076468
v 0.146705 0.746265 -0.076468
v 0.144757 0.745921 -0.076468
v 0.142945 0.745375 -0.076468
v 0.141280 0.744650 -0.076468
v 0.139772 0.743769 -0.076468
v 0.138432 0.742755 -0.076468
v 0.137269 0.741630 -0.076468
v 0.136295 0.740418 -0.076468
v 0.135519 0.739141 -0.076468
v 0.134952 0.737822 -0.076468
v 0.134605 0.736484 -0.076468
v 0.134486 0.695144 -0.076468
v 0.103501 0.695144 -0.076468
v 0.103933 0.733851 -0.076468
v 0.105200 0.738742 -0.076468
v 0.107184 0.743008 -0.076468
v 0.109768 0.746683 -0.076468
v 0.112837 0.749799 -0.076468
v 0.116272 0.752391 -0.076468
v 0.119956 0.754491 -0.076468
v 0.123774 0.756135 -0.076468
v 0.127608 0.757354 -0.076468
v 0.131341 0.758184 -0.076468
v 0.134856 0.758657 -0.076468
v 0.138036 0.758807 -0.076468
v 0.143244 0.758480 -0.076468
v 0.148105 0.757556 -0.076468
v 0.152593 0.756124 -0.076468
v 0.156682 0.754274 -0.076468
v 0.160344 0.752094 -0.076468
v 0.242983 0.695144 -0.076468
v 0.211806 0.695144 -0.076468
v 0.211806 0.755976 -0.076468
v 0.242983 0.755976 -0.076468
v 0.243079 0.768033 -0.076468
v 0.211806 0.768033 -0.076468
v 0.211806 0.786666 -0.076468
v 0.243079 0.786666 -0.076468
v 0.370091 0.695144 -0.076468
v 0.338050 0.695144 -0.076468
v 0.338050 0.758990 -0.076468
v 0.292963 0.695144 -0.076468
v 0.260922 0.695144 -0.076468
v 0.260922 0.786666 -0.076468
v 0.292963 0.786666 -0.076468
v 0.292963 0.722820 -0.076468
v 0.337954 0.786666 -0.076468
v 0.370091 0.786666 -0.076468
v -0.164977 0.749799 -0.080000
v -0.170630 0.743008 -0.080000
v -0.168045 0.746683 -0.080000
v -0.187237 0.737995 -0.080000
v -0.172614 0.738742 -0.080000
v -0.173880 0.733851 -0.080000
v -0.184799 0.730398 -0.080000
v -0.185729 0.734229 -0.080000
v -0.184481 0.726565 -0.080000
v -0.185872 0.717057 -0.080000
v -0.184849 0.721543 -0.080000
v -0.189409 0.709596 -0.080000
v -0.174312 0.695144 -0.080000
v -0.187432 0.713082 -0.080000
v -0.161542 0.752391 -0.080000
v 0.045176 0.777258 -0.080000
v 0.076449 0.777258 -0.080000
v 0.045176 0.764927 -0.080000
v 0.028388 0.764927 -0.080000
v 0.076449 0.764927 -0.080000
v 0.093332 0.764927 -0.080000
v -0.033978 0.759494 -0.080000
v -0.027731 0.759812 -0.080000
v -0.021487 0.759501 -0.080000
v -0.146473 0.758184 -0.080000
v -0.142958 0.758657 -0.080000
v -0.139778 0.758807 -0.080000
v -0.134570 0.758480 -0.080000
v -0.129708 0.757556 -0.080000
v -0.039969 0.758568 -0.080000
v -0.015501 0.758595 -0.080000
v 0.131341 0.758184 -0.080000
v 0.134856 0.758657 -0.080000
v 0.138036 0.758807 -0.080000
v 0.143244 0.758480 -0.080000
v -0.125220 0.756124 -0.080000
v -0.114260 0.756067 -0.080000
v -0.083179 0.756067 -0.080000
v -0.045651 0.757076 -0.080000
v -0.028019 0.752322 -0.080000
v -0.029241 0.752267 -0.080000
v -0.121132 0.754274 -0.080000
v -0.055865 0.752569 -0.080000
v -0.050968 0.755062 -0.080000
v -0.157857 0.754491 -0.080000
v -0.154039 0.756135 -0.080000
v -0.150205 0.757354 -0.080000
v -0.026795 0.752267 -0.080000
v -0.009827 0.757133 -0.080000
v -0.004520 0.755157 -0.080000
v 0.000366 0.752707 -0.080000
v 0.028388 0.755884 -0.080000
v 0.045176 0.755884 -0.080000
v 0.076449 0.755884 -0.080000
v 0.093332 0.755884 -0.080000
v 0.116272 0.752391 -0.080000
v 0.119956 0.754491 -0.080000
v 0.123774 0.756135 -0.080000
v 0.127608 0.757354 -0.080000
v 0.148105 0.757556 -0.080000
v -0.024038 0.751763 -0.080000
v -0.031985 0.751763 -0.080000
v -0.025454 0.752088 -0.080000
v -0.021153 0.750589 -0.080000
v -0.034849 0.750589 -0.080000
v -0.033423 0.751270 -0.080000
v -0.022590 0.751270 -0.080000
v -0.129033 0.746385 -0.080000
v -0.038635 0.747194 -0.080000
v -0.037497 0.748572 -0.080000
v -0.018481 0.748572 -0.080000
v -0.036221 0.749696 -0.080000
v -0.019769 0.749696 -0.080000
v -0.133057 0.745921 -0.080000
v 0.144757 0.745921 -0.080000
v -0.123108 0.745375 -0.080000
v -0.134869 0.745375 -0.080000
v -0.124968 0.745921 -0.080000
v 0.142945 0.745375 -0.080000
v -0.138042 0.743769 -0.080000
v -0.119809 0.743769 -0.080000
v 0.139772 0.743769 -0.080000
v -0.136534 0.744650 -0.080000
v -0.121384 0.744650 -0.080000
v -0.040330 0.743590 -0.080000
v -0.016364 0.745540 -0.080000
v 0.141280 0.744650 -0.080000
v -0.131108 0.746265 -0.080000
v -0.126947 0.746265 -0.080000
v -0.117469 0.752094 -0.080000
v -0.114260 0.749673 -0.080000
v -0.118397 0.742755 -0.080000
v -0.039594 0.745540 -0.080000
v -0.017332 0.747194 -0.080000
v 0.109768 0.746683 -0.080000
v -0.139382 0.742755 -0.080000
v -0.067489 0.742640 -0.080000
v -0.064181 0.746315 -0.080000
v -0.060288 0.749639 -0.080000
v -0.030577 0.752088 -0.080000
v -0.015619 0.743590 -0.080000
v 0.004777 0.749822 -0.080000
v 0.008658 0.746543 -0.080000
v 0.011955 0.742911 -0.080000
v 0.107184 0.743008 -0.080000
v 0.112837 0.749799 -0.080000
v 0.138432 0.742755 -0.080000
v -0.140544 0.741630 -0.080000
v -0.116122 0.740418 -0.080000
v 0.136295 0.740418 -0.080000
v -0.141518 0.740418 -0.080000
v -0.117163 0.741630 -0.080000
v 0.137269 0.741630 -0.080000
v -0.142861 0.737822 -0.080000
v -0.114673 0.737822 -0.080000
v 0.134952 0.737822 -0.080000
v -0.142294 0.739141 -0.080000
v -0.143209 0.736484 -0.080000
v -0.115287 0.739141 -0.080000
v 0.135519 0.739141 -0.080000
v 0.134605 0.736484 -0.080000
v -0.073357 0.729937 -0.080000
v -0.083219 0.730263 -0.080000
v -0.073778 0.725286 -0.080000
v -0.014973 0.725286 -0.080000
v 0.018219 0.725651 -0.080000
v -0.114164 0.735151 -0.080000
v -0.072132 0.734408 -0.080000
v -0.041066 0.734785 -0.080000
v -0.014973 0.734785 -0.080000
v 0.017801 0.730295 -0.080000
v 0.103933 0.733851 -0.080000
v -0.040881 0.716390 -0.080000
v -0.040874 0.716426 -0.080000
v 0.016581 0.716556 -0.080000
v -0.040803 0.710164 -0.080000
v -0.015141 0.710164 -0.080000
v 0.014614 0.712337 -0.080000
v -0.072051 0.716426 -0.080000
v -0.070433 0.712923 -0.080000
v -0.068335 0.709600 -0.080000
v 0.017801 0.721007 -0.080000
v -0.114294 0.736484 -0.080000
v -0.070158 0.738657 -0.080000
v -0.040985 0.736763 -0.080000
v -0.040803 0.741321 -0.080000
v -0.015141 0.741321 -0.080000
v 0.014614 0.738965 -0.080000
v 0.016581 0.734747 -0.080000
v 0.105200 0.738742 -0.080000
v -0.040330 0.707895 -0.080000
v -0.015619 0.707895 -0.080000
v -0.038635 0.704292 -0.080000
v -0.017332 0.704292 -0.080000
v -0.039594 0.705945 -0.080000
v -0.016364 0.705945 -0.080000
v -0.036221 0.701789 -0.080000
v -0.019769 0.701789 -0.080000
v -0.031985 0.699722 -0.080000
v -0.033423 0.700215 -0.080000
v -0.022590 0.700215 -0.080000
v -0.034849 0.700897 -0.080000
v -0.021153 0.700897 -0.080000
v -0.037497 0.702913 -0.080000
v -0.018481 0.702913 -0.080000
v -0.028019 0.699163 -0.080000
v -0.026795 0.699218 -0.080000
v -0.029241 0.699218 -0.080000
v -0.025454 0.699397 -0.080000
v -0.047386 0.694769 -0.080000
v -0.083275 0.695144 -0.080000
v -0.009827 0.694169 -0.080000
v 0.045176 0.695144 -0.080000
v -0.027731 0.691491 -0.080000
v -0.032932 0.691707 -0.080000
v -0.021487 0.691802 -0.080000
v -0.037962 0.692342 -0.080000
v -0.042791 0.693370 -0.080000
v -0.015501 0.692708 -0.080000
v 0.076449 0.695144 -0.080000
v 0.103501 0.695144 -0.080000
v -0.143327 0.695144 -0.080000
v -0.114260 0.695144 -0.080000
v -0.055755 0.698581 -0.080000
v -0.051718 0.696513 -0.080000
v -0.030577 0.699397 -0.080000
v -0.004520 0.696145 -0.080000
v 0.000366 0.698596 -0.080000
v -0.065787 0.706480 -0.080000
v -0.062820 0.703588 -0.080000
v -0.059466 0.700947 -0.080000
v -0.024038 0.699722 -0.080000
v 0.004777 0.701481 -0.080000
v 0.008658 0.704759 -0.080000
v 0.011955 0.708392 -0.080000
v 0.152593 0.756124 -0.080000
v 0.163553 0.756067 -0.080000
v 0.160344 0.752094 -0.080000
v 0.156682 0.754274 -0.080000
v 0.148780 0.746385 -0.080000
v 0.154705 0.745375 -0.080000
v 0.152846 0.745921 -0.080000
v 0.146705 0.746265 -0.080000
v 0.150866 0.746265 -0.080000
v 0.163553 0.749673 -0.080000
v 0.159416 0.742755 -0.080000
v 0.158005 0.743769 -0.080000
v 0.162526 0.739141 -0.080000
v 0.161691 0.740418 -0.080000
v 0.160650 0.741630 -0.080000
v 0.163520 0.736484 -0.080000
v 0.134486 0.695144 -0.080000
v 0.163553 0.695144 -0.080000
v 0.163649 0.735151 -0.080000
v 0.163141 0.737822 -0.080000
v 0.156429 0.744650 -0.080000
v 0.194634 0.756067 -0.080000
v 0.176718 0.756067 -0.080000
v 0.194539 0.695144 -0.080000
v -0.272832 0.786666 -0.080000
v -0.241847 0.786666 -0.080000
v -0.340806 0.758960 -0.080000
v -0.334862 0.759866 -0.080000
v -0.328664 0.760177 -0.080000
v -0.322465 0.759866 -0.080000
v -0.316521 0.758960 -0.080000
v -0.351715 0.755522 -0.080000
v -0.346442 0.757499 -0.080000
v -0.310885 0.757499 -0.080000
v -0.234320 0.756223 -0.080000
v -0.230936 0.757270 -0.080000
v -0.227251 0.758048 -0.080000
v -0.221030 0.758533 -0.080000
v -0.328472 0.752596 -0.080000
v -0.330033 0.752513 -0.080000
v -0.326911 0.752512 -0.080000
v -0.333096 0.751831 -0.080000
v -0.323848 0.751818 -0.080000
v -0.334551 0.751219 -0.080000
v -0.322393 0.751199 -0.080000
v -0.331582 0.752261 -0.080000
v -0.325362 0.752254 -0.080000
v -0.360956 0.750187 -0.080000
v -0.356571 0.753072 -0.080000
v -0.335923 0.750418 -0.080000
v -0.321020 0.750391 -0.080000
v -0.305612 0.755522 -0.080000
v -0.300756 0.753072 -0.080000
v -0.241847 0.752962 -0.080000
v -0.337189 0.749422 -0.080000
v -0.231121 0.748523 -0.080000
v -0.229856 0.748577 -0.080000
v -0.319754 0.749388 -0.080000
v -0.235168 0.747593 -0.080000
v -0.224455 0.747613 -0.080000
v -0.233810 0.748046 -0.080000
v -0.225833 0.748059 -0.080000
v -0.338326 0.748224 -0.080000
v -0.318618 0.748185 -0.080000
v -0.232450 0.748352 -0.080000
v -0.227214 0.748358 -0.080000
v -0.237746 0.746180 -0.080000
v -0.239925 0.743990 -0.080000
v -0.341099 0.741288 -0.080000
v -0.315845 0.741269 -0.080000
v -0.289233 0.743276 -0.080000
v -0.340719 0.743357 -0.080000
v -0.316225 0.743325 -0.080000
v -0.240783 0.742566 -0.080000
v -0.364815 0.746909 -0.080000
v -0.340114 0.745198 -0.080000
v -0.316830 0.745159 -0.080000
v -0.292512 0.746909 -0.080000
v -0.238902 0.745190 -0.080000
v -0.339308 0.746818 -0.080000
v -0.317635 0.746778 -0.080000
v -0.296371 0.750187 -0.080000
v -0.236490 0.746976 -0.080000
v -0.368094 0.743276 -0.080000
v -0.272832 0.733909 -0.080000
v -0.372696 0.735112 -0.080000
v -0.284631 0.735112 -0.080000
v -0.283418 0.730661 -0.080000
v -0.370739 0.739331 -0.080000
v -0.286588 0.739331 -0.080000
v -0.241443 0.740902 -0.080000
v -0.241872 0.738984 -0.080000
v -0.283001 0.726017 -0.080000
v -0.373910 0.721373 -0.080000
v -0.374326 0.726017 -0.080000
v -0.283418 0.721373 -0.080000
v -0.373910 0.730661 -0.080000
v -0.315751 0.710834 -0.080000
v -0.341099 0.710834 -0.080000
v -0.370739 0.712703 -0.080000
v -0.241565 0.710910 -0.080000
v -0.241987 0.712846 -0.080000
v -0.339308 0.705283 -0.080000
v -0.340114 0.706913 -0.080000
v -0.316749 0.706913 -0.080000
v -0.368094 0.708757 -0.080000
v -0.364815 0.705125 -0.080000
v -0.340719 0.708761 -0.080000
v -0.316136 0.708761 -0.080000
v -0.292512 0.705125 -0.080000
v -0.372696 0.716921 -0.080000
v -0.289233 0.708757 -0.080000
v -0.286588 0.712703 -0.080000
v -0.284631 0.716921 -0.080000
v -0.318558 0.703866 -0.080000
v -0.337189 0.702657 -0.080000
v -0.319706 0.702657 -0.080000
v -0.334551 0.700838 -0.080000
v -0.322368 0.700838 -0.080000
v -0.331582 0.699780 -0.080000
v -0.333096 0.700216 -0.080000
v -0.323833 0.700216 -0.080000
v -0.335923 0.701649 -0.080000
v -0.320984 0.701649 -0.080000
v -0.328472 0.699437 -0.080000
v -0.326909 0.699522 -0.080000
v -0.305612 0.696511 -0.080000
v -0.272832 0.695144 -0.080000
v -0.300756 0.698961 -0.080000
v -0.328664 0.691856 -0.080000
v -0.334862 0.692167 -0.080000
v -0.322465 0.692167 -0.080000
v -0.346442 0.694535 -0.080000
v -0.340806 0.693073 -0.080000
v -0.356571 0.698961 -0.080000
v -0.351715 0.696511 -0.080000
v -0.330033 0.699522 -0.080000
v -0.310885 0.694535 -0.080000
v -0.316521 0.693073 -0.080000
v -0.360956 0.701846 -0.080000
v -0.338326 0.703866 -0.080000
v -0.325355 0.699780 -0.080000
v -0.296371 0.701846 -0.080000
v -0.317564 0.705283 -0.080000
v -0.215898 0.758196 -0.080000
v -0.211028 0.757225 -0.080000
v -0.206456 0.755683 -0.080000
v -0.202217 0.753635 -0.080000
v -0.198346 0.751142 -0.080000
v -0.220680 0.745228 -0.080000
v -0.221846 0.746214 -0.080000
v -0.223115 0.747003 -0.080000
v -0.194877 0.748269 -0.080000
v -0.218140 0.740934 -0.080000
v -0.218794 0.742605 -0.080000
v -0.217723 0.712846 -0.080000
v -0.240904 0.709232 -0.080000
v -0.218794 0.709232 -0.080000
v -0.240039 0.707796 -0.080000
v -0.219652 0.707796 -0.080000
v -0.218140 0.710910 -0.080000
v -0.217723 0.739003 -0.080000
v -0.219652 0.744031 -0.080000
v -0.237830 0.705591 -0.080000
v -0.221846 0.705591 -0.080000
v -0.236556 0.704790 -0.080000
v -0.223115 0.704790 -0.080000
v -0.233838 0.703714 -0.080000
v -0.225833 0.703714 -0.080000
v -0.232464 0.703408 -0.080000
v -0.227214 0.703408 -0.080000
v -0.235214 0.704170 -0.080000
v -0.224455 0.704170 -0.080000
v -0.229856 0.703182 -0.080000
v -0.241847 0.698706 -0.080000
v -0.221318 0.693409 -0.080000
v -0.228133 0.693970 -0.080000
v -0.215864 0.693744 -0.080000
v -0.241847 0.695144 -0.080000
v -0.210688 0.694748 -0.080000
v -0.235032 0.695709 -0.080000
v -0.207038 0.695941 -0.080000
v -0.203323 0.697596 -0.080000
v -0.231125 0.703236 -0.080000
v -0.228566 0.703236 -0.080000
v -0.239002 0.706588 -0.080000
v -0.220680 0.706588 -0.080000
v -0.191846 0.745078 -0.080000
v -0.189288 0.741632 -0.080000
v -0.194134 0.703993 -0.080000
v -0.199091 0.700056 -0.080000
v -0.196643 0.701828 -0.080000
v -0.191683 0.706574 -0.080000
v 0.211806 0.695144 -0.080000
v 0.211806 0.786666 -0.080000
v 0.243079 0.786666 -0.080000
v 0.260922 0.786666 -0.080000
v 0.292963 0.786666 -0.080000
v 0.337954 0.786666 -0.080000
v 0.211806 0.768033 -0.080000
v 0.211806 0.755976 -0.080000
v 0.243079 0.768033 -0.080000
v 0.338050 0.758990 -0.080000
v 0.370091 0.786666 -0.080000
v 0.242983 0.755976 -0.080000
v 0.292963 0.722820 -0.080000
v 0.370091 0.695144 -0.080000
v 0.338050 0.695144 -0.080000
v 0.292963 0.695144 -0.080000
v 0.242983 0.695144 -0.080000
v 0.260922 0.695144 -0.080000
vn -0.0000 -0.0000 1.0000
vn 0.0501 0.9987 -0.0000
vn -0.0501 0.9987 -0.0000
vn -0.1507 0.9886 -0.0000
vn 0.1507 0.9886 -0.0000
vn -0.2510 0.9680 -0.0000
vn 0.2510 0.9680 -0.0000
vn -0.3509 0.9364 -0.0000
vn 0.3509 0.9364 -0.0000
vn -0.4505 0.8928 -0.0000
vn 0.4505 0.8928 -0.0000
vn 0.0530 -0.9986 -0.0000
vn -0.5496 0.8354 -0.0000
vn 0.5496 0.8354 -0.0000
vn -0.0541 -0.9985 -0.0000
vn 0.1611 -0.9869 -0.0000
vn -0.1639 -0.9865 -0.0000
vn 0.2728 -0.9621 -0.0000
vn -0.2766 -0.9610 -0.0000
vn 0.3877 -0.9218 -0.0000
vn -0.3916 -0.9201 -0.0000
vn 0.5040 -0.8637 -0.0000
vn -0.5075 -0.8616 -0.0000
vn 0.6184 -0.7859 -0.0000
vn -0.6209 -0.7839 -0.0000
vn -0.6208 -0.7839 -0.0000
vn -0.6475 0.7621 -0.0000
vn 0.6475 0.7621 -0.0000
vn 0.7255 -0.6882 -0.0000
vn 0.7256 -0.6882 -0.0000
vn -0.7269 -0.6868 -0.0000
vn -0.7268 -0.6868 -0.0000
vn 0.8197 -0.5728 -0.0000
vn -0.8200 -0.5724 -0.0000
vn -0.7423 0.6701 -0.0000
vn 0.7423 0.6701 -0.0000
vn 0.8955 -0.4452 -0.0000
vn 0.8955 -0.4451 -0.0000
vn -0.8952 -0.4456 -0.0000
vn 0.9501 -0.3120 -0.0000
vn -0.9497 -0.3130 -0.0000
vn 0.9835 -0.1808 -0.0000
vn -0.9833 -0.1818 -0.0000
vn -0.8306 0.5568 -0.0000
vn 0.8306 0.5568 -0.0000
vn -0.9072 0.4207 -0.0000
vn 0.9072 0.4207 -0.0000
vn 0.9648 0.2631 -0.0000
vn -0.9648 0.2631 -0.0000
vn 0.9960 0.0893 -0.0000
vn 0.9960 0.0894 -0.0000
vn -0.9960 0.0894 -0.0000
vn 0.9960 -0.0894 -0.0000
vn 0.9960 -0.0893 -0.0000
vn -0.9960 -0.0894 -0.0000
vn 0.9648 -0.2631 -0.0000
vn -0.9648 -0.2631 -0.0000
vn 0.9072 -0.4207 -0.0000
vn -0.9072 -0.4207 -0.0000
vn -1.0000 -0.0031 -0.0000
vn 1.0000 -0.0000 -0.0000
vn 0.8306 -0.5568 -0.0000
vn -0.8306 -0.5568 -0.0000
vn 0.9836 0.1804 -0.0000
vn -0.9832 0.1828 -0.0000
vn 0.9504 0.3109 -0.0000
vn 0.9505 0.3109 -0.0000
vn -0.9492 0.3145 -0.0000
vn -0.7423 -0.6701 -0.0000
vn 0.7423 -0.6701 -0.0000
vn 0.8965 0.4431 -0.0000
vn -0.8943 0.4474 -0.0000
vn 0.8217 0.5699 -0.0000
vn 0.8217 0.5700 -0.0000
vn -0.8186 0.5743 -0.0000
vn -0.6475 -0.7621 -0.0000
vn 0.6475 -0.7621 -0.0000
vn 0.7288 0.6847 -0.0000
vn -0.7252 0.6885 -0.0000
vn 0.6227 0.7825 -0.0000
vn -0.6191 0.7853 -0.0000
vn -0.5496 -0.8354 -0.0000
vn 0.5496 -0.8354 -0.0000
vn 0.5090 0.8608 -0.0000
vn -0.5060 0.8626 -0.0000
vn -0.5060 0.8625 -0.0000
vn 0.3927 0.9197 -0.0000
vn -0.3905 0.9206 -0.0000
vn 0.2772 0.9608 -0.0000
vn -0.2758 0.9612 -0.0000
vn 0.1642 0.9864 -0.0000
vn -0.1636 0.9865 -0.0000
vn 0.0541 0.9985 -0.0000
vn -0.0541 0.9985 -0.0000
vn -0.4505 -0.8928 -0.0000
vn 0.4505 -0.8928 -0.0000
vn -0.3509 -0.9364 -0.0000
vn 0.3509 -0.9364 -0.0000
vn -0.2510 -0.9680 -0.0000
vn 0.2510 -0.9680 -0.0000
vn -0.1507 -0.9886 -0.0000
vn 0.1507 -0.9886 -0.0000
vn 0.0501 -0.9987 -0.0000
vn -0.0501 -0.9987 -0.0000
vn -0.0000 1.0000 -0.0000
vn -1.0000 -0.0000 -0.0000
vn 0.0656 0.9978 -0.0000
vn -0.0778 0.9970 -0.0000
vn 0.1956 0.9807 -0.0000
vn -0.2066 0.9784 -0.0000
vn 0.3195 0.9476 -0.0000
vn -0.2956 0.9553 -0.0000
vn 0.4351 0.9004 -0.0000
vn -0.3976 0.9176 -0.0000
vn 0.5413 0.8408 -0.0000
vn 0.1283 -0.9917 -0.0000
vn 0.2189 -0.9757 -0.0000
vn 0.3169 -0.9485 -0.0000
vn 0.4227 -0.9062 -0.0000
vn 0.5354 -0.8446 -0.0000
vn 0.6506 -0.7594 -0.0000
vn 0.7608 -0.6490 -0.0000
vn 0.6379 0.7701 -0.0000
vn 0.0426 -0.9991 -0.0000
vn -0.0828 -0.9966 -0.0000
vn -0.2113 -0.9774 -0.0000
vn 0.7251 0.6887 -0.0000
vn -0.3081 -0.9514 -0.0000
vn -0.4141 -0.9102 -0.0000
vn -0.5282 -0.8491 -0.0000
vn -0.6456 -0.7636 -0.0000
vn -0.7587 -0.6514 -0.0000
vn 0.8029 0.5961 -0.0000
vn -0.8569 -0.5155 -0.0000
vn 0.8565 -0.5161 -0.0000
vn -0.9312 -0.3645 -0.0000
vn 0.9295 -0.3687 -0.0000
vn 0.8711 0.4911 -0.0000
vn -0.9775 -0.2110 -0.0000
vn 0.9758 -0.2185 -0.0000
vn 0.9283 0.3718 -0.0000
vn 0.9717 0.2360 -0.0000
vn 0.9966 0.0826 -0.0000
vn 0.9973 -0.0730 -0.0000
vn 0.9973 -0.0731 -0.0000
vn 0.9749 -0.2224 -0.0000
vn 0.9749 -0.2225 -0.0000
vn 0.9309 -0.3654 -0.0000
vn 1.0000 -0.0044 -0.0000
vn 0.8699 -0.4932 -0.0000
vn 0.9771 0.2128 -0.0000
vn -0.9776 0.2105 -0.0000
vn -0.9317 0.3631 -0.0000
vn -0.9318 0.3631 -0.0000
vn 0.9305 0.3664 -0.0000
vn 0.7991 -0.6012 -0.0000
vn -0.8584 0.5129 -0.0000
vn -0.8584 0.5130 -0.0000
vn 0.8564 0.5164 -0.0000
vn -0.7616 0.6481 -0.0000
vn 0.7591 0.6510 -0.0000
vn -0.6500 0.7600 -0.0000
vn 0.6478 0.7618 -0.0000
vn 0.7252 -0.6886 -0.0000
vn -0.5335 0.8458 -0.0000
vn 0.5320 0.8467 -0.0000
vn -0.4201 0.9075 -0.0000
vn 0.4197 0.9077 -0.0000
vn -0.3140 0.9494 -0.0000
vn 0.3144 0.9493 -0.0000
vn 0.6532 -0.7572 -0.0000
vn -0.2163 0.9763 -0.0000
vn 0.2174 0.9761 -0.0000
vn -0.1264 0.9920 -0.0000
vn 0.1276 0.9918 -0.0000
vn 0.0425 0.9991 -0.0000
vn -0.0418 0.9991 -0.0000
vn 0.5864 -0.8100 -0.0000
vn -0.0000 -1.0000 -0.0000
vn 0.5025 -0.8646 -0.0000
vn 0.4069 -0.9135 -0.0000
vn -0.4026 -0.9154 -0.0000
vn 0.3108 -0.9505 -0.0000
vn 0.3107 -0.9505 -0.0000
vn -0.2444 -0.9697 -0.0000
vn 0.1905 -0.9817 -0.0000
vn 0.0613 -0.9981 -0.0000
vn -0.0821 -0.9966 -0.0000
vn -0.0472 0.9989 -0.0000
vn 0.0628 0.9980 -0.0000
vn -0.1334 0.9911 -0.0000
vn -0.2169 0.9762 -0.0000
vn 0.1867 0.9824 -0.0000
vn -0.3032 0.9529 -0.0000
vn 0.3038 0.9527 -0.0000
vn -0.3954 0.9185 -0.0000
vn 1.0000 -0.0016 -0.0000
vn 0.4123 0.9111 -0.0000
vn -0.4953 0.8687 -0.0000
vn 0.5115 0.8593 -0.0000
vn -0.6023 0.7983 -0.0000
vn 0.6022 0.7983 -0.0000
vn -0.7126 0.7016 -0.0000
vn -0.7585 -0.6517 -0.0000
vn -0.6737 -0.7390 -0.0000
vn -0.5835 -0.8121 -0.0000
vn -0.4882 -0.8728 -0.0000
vn -0.3876 -0.9218 -0.0000
vn -0.2818 -0.9595 -0.0000
vn -0.1714 -0.9852 -0.0000
vn -0.0574 -0.9984 -0.0000
vn 0.0577 -0.9983 -0.0000
vn -0.8179 0.5753 -0.0000
vn 0.1740 -0.9847 -0.0000
vn 0.2886 -0.9575 -0.0000
vn 0.3992 -0.9169 -0.0000
vn 0.5045 -0.8634 -0.0000
vn 0.6034 -0.7974 -0.0000
vn -0.9067 0.4217 -0.0000
vn 0.6953 -0.7187 -0.0000
vn 0.7795 -0.6265 -0.0000
vn 0.7795 -0.6264 -0.0000
vn -0.8369 -0.5473 -0.0000
vn 0.8546 -0.5192 -0.0000
vn 0.9187 -0.3949 -0.0000
vn -0.9065 -0.4222 -0.0000
vn -0.9681 0.2507 -0.0000
vn 0.9678 -0.2516 -0.0000
vn 0.9679 -0.2515 -0.0000
vn -0.9621 -0.2726 -0.0000
vn -0.9953 -0.0966 -0.0000
vn 1.0000 -0.0029 -0.0000
vn -0.9999 0.0112 -0.0000
vn -1.0000 0.0024 -0.0000
vn 0.0498 0.9988 -0.0000
vn -0.0509 0.9987 -0.0000
vn 0.1497 0.9887 -0.0000
vn -0.1528 0.9883 -0.0000
vn 0.2494 0.9684 -0.0000
vn -0.2539 0.9672 -0.0000
vn 0.3490 0.9371 -0.0000
vn -0.3542 0.9352 -0.0000
vn 0.4483 0.8939 -0.0000
vn -0.4537 0.8912 -0.0000
vn 0.5473 0.8369 -0.0000
vn -0.0449 -0.9990 -0.0000
vn 0.0450 -0.9990 -0.0000
vn -0.5523 0.8336 -0.0000
vn 0.1330 -0.9911 -0.0000
vn -0.1325 -0.9912 -0.0000
vn 0.2250 -0.9743 -0.0000
vn 0.2251 -0.9743 -0.0000
vn -0.2239 -0.9746 -0.0000
vn 0.3241 -0.9460 -0.0000
vn -0.3221 -0.9467 -0.0000
vn 0.4313 -0.9022 -0.0000
vn -0.4285 -0.9035 -0.0000
vn 0.5452 -0.8383 -0.0000
vn -0.5419 -0.8405 -0.0000
vn 0.6453 0.7639 -0.0000
vn 0.6611 -0.7503 -0.0000
vn -0.6576 -0.7533 -0.0000
vn -0.6493 0.7605 -0.0000
vn 0.7710 -0.6368 -0.0000
vn -0.7680 -0.6405 -0.0000
vn 0.8652 -0.5015 -0.0000
vn -0.8629 -0.5053 -0.0000
vn 0.7404 0.6721 -0.0000
vn -0.7432 0.6691 -0.0000
vn 0.9355 -0.3533 -0.0000
vn -0.9343 -0.3566 -0.0000
vn 0.9790 -0.2040 -0.0000
vn -0.9785 -0.2061 -0.0000
vn 0.8293 0.5589 -0.0000
vn -0.8308 0.5566 -0.0000
vn 0.9064 0.4225 -0.0000
vn -0.9997 -0.0258 -0.0000
vn -0.9069 0.4214 -0.0000
vn 0.9992 -0.0399 -0.0000
vn 0.9992 -0.0409 -0.0000
vn 0.9644 0.2643 -0.0000
vn -0.9645 0.2642 -0.0000
vn 0.9960 0.0898 -0.0000
vn -0.9959 0.0900 -0.0000
vn 0.9960 -0.0898 -0.0000
vn 0.9644 -0.2643 -0.0000
vn 0.9064 -0.4225 -0.0000
vn -0.9079 -0.4192 -0.0000
vn -0.9079 -0.4193 -0.0000
vn 0.9809 -0.1943 -0.0000
vn -0.8456 -0.5339 -0.0000
vn 0.9999 0.0125 -0.0000
vn 0.8293 -0.5589 -0.0000
vn -0.9785 0.2061 -0.0000
vn 0.9790 0.2040 -0.0000
vn -0.7745 -0.6326 -0.0000
vn 0.7404 -0.6721 -0.0000
vn -0.9343 0.3566 -0.0000
vn 0.9355 0.3533 -0.0000
vn -0.6981 -0.7160 -0.0000
vn -0.8629 0.5053 -0.0000
vn 0.8652 0.5015 -0.0000
vn 0.6453 -0.7639 -0.0000
vn -0.7680 0.6405 -0.0000
vn -0.7679 0.6405 -0.0000
vn 0.7710 0.6368 -0.0000
vn -0.6186 -0.7857 -0.0000
vn -0.6577 0.7533 -0.0000
vn 0.6611 0.7503 -0.0000
vn -0.5419 0.8405 -0.0000
vn 0.5452 0.8383 -0.0000
vn 0.5474 -0.8369 -0.0000
vn -0.5376 -0.8432 -0.0000
vn -0.4285 0.9035 -0.0000
vn 0.4313 0.9022 -0.0000
vn -0.3221 0.9467 -0.0000
vn 0.3241 0.9460 -0.0000
vn -0.2239 0.9746 -0.0000
vn 0.2251 0.9743 -0.0000
vn -0.1325 0.9912 -0.0000
vn 0.1330 0.9911 -0.0000
vn -0.0448 0.9990 -0.0000
vn 0.0449 0.9990 -0.0000
vn 0.4483 -0.8939 -0.0000
vn -0.4558 -0.8901 -0.0000
vn -0.3736 -0.9276 -0.0000
vn 0.3489 -0.9371 -0.0000
vn -0.2911 -0.9567 -0.0000
vn 0.2494 -0.9684 -0.0000
vn -0.2083 -0.9781 -0.0000
vn 0.1497 -0.9887 -0.0000
vn -0.1251 -0.9921 -0.0000
vn 0.0498 -0.9988 -0.0000
vn -0.0416 -0.9991 -0.0000
vn 0.1741 -0.9847 -0.0000
vn 0.7794 -0.6265 -0.0000
vn 0.9678 -0.2515 -0.0000
vn -0.8174 0.5760 -0.0000
vn 0.8168 -0.5769 -0.0000
vn 0.8169 -0.5768 -0.0000
s 0
usemtl suite_shell
f 82//7 81//7 80//7
f 80//7 79//7 78//7
f 78//7 77//7 108//7
f 108//7 107//7 109//7
f 109//7 110//7 111//7
f 111//7 112//7 113//7
f 113//7 114//7 115//7
f 115//7 116//7 98//7
f 98//7 97//7 99//7
f 99//7 100//7 101//7
f 101//7 102//7 103//7
f 103//7 104//7 105//7
f 105//7 106//7 88//7
f 88//7 87//7 89//7
f 89//7 90//7 91//7
f 91//7 92//7 93//7
f 93//7 94//7 95//7
f 95//7 96//7 118//7
f 117//7 86//7 85//7
f 95//7 118//7 117//7
f 91//7 93//7 95//7
f 88//7 89//7 91//7
f 103//7 105//7 88//7
f 99//7 101//7 103//7
f 115//7 98//7 99//7
f 111//7 113//7 115//7
f 108//7 109//7 111//7
f 80//7 78//7 108//7
f 83//7 82//7 80//7
f 85//7 84//7 83//7
f 95//7 117//7 85//7
f 88//7 91//7 95//7
f 99//7 103//7 88//7
f 111//7 115//7 99//7
f 80//7 108//7 111//7
f 85//7 83//7 80//7
f 88//7 95//7 85//7
f 111//7 99//7 88//7
f 85//7 80//7 111//7
f 111//7 88//7 85//7
f 132//7 207//7 133//7
f 207//7 209//7 208//7
f 209//7 211//7 210//7
f 211//7 165//7 212//7
f 165//7 167//7 166//7
f 167//7 169//7 168//7
f 169//7 171//7 170//7
f 171//7 173//7 172//7
f 173//7 175//7 174//7
f 175//7 177//7 176//7
f 177//7 179//7 178//7
f 179//7 181//7 180//7
f 181//7 183//7 182//7
f 183//7 185//7 184//7
f 185//7 187//7 186//7
f 187//7 189//7 188//7
f 189//7 191//7 190//7
f 191//7 193//7 192//7
f 193//7 195//7 194//7
f 195//7 197//7 196//7
f 197//7 199//7 198//7
f 199//7 201//7 200//7
f 201//7 203//7 202//7
f 203//7 205//7 204//7
f 205//7 136//7 206//7
f 205//7 137//7 136//7
f 201//7 205//7 203//7
f 197//7 201//7 199//7
f 193//7 197//7 195//7
f 189//7 193//7 191//7
f 185//7 189//7 187//7
f 181//7 185//7 183//7
f 177//7 181//7 179//7
f 173//7 177//7 175//7
f 169//7 173//7 171//7
f 165//7 169//7 167//7
f 209//7 165//7 211//7
f 132//7 209//7 207//7
f 131//7 209//7 132//7
f 209//7 169//7 165//7
f 169//7 177//7 173//7
f 177//7 185//7 181//7
f 185//7 193//7 189//7
f 193//7 201//7 197//7
f 201//7 137//7 205//7
f 201//7 138//7 137//7
f 169//7 185//7 177//7
f 131//7 169//7 209//7
f 130//7 169//7 131//7
f 201//7 139//7 138//7
f 201//7 140//7 139//7
f 129//7 169//7 130//7
f 128//7 169//7 129//7
f 193//7 140//7 201//7
f 193//7 141//7 140//7
f 127//7 169//7 128//7
f 126//7 169//7 127//7
f 193//7 142//7 141//7
f 193//7 143//7 142//7
f 125//7 169//7 126//7
f 124//7 169//7 125//7
f 193//7 144//7 143//7
f 193//7 145//7 144//7
f 123//7 169//7 124//7
f 122//7 169//7 123//7
f 193//7 146//7 145//7
f 193//7 147//7 146//7
f 121//7 169//7 122//7
f 120//7 169//7 121//7
f 193//7 148//7 147//7
f 193//7 149//7 148//7
f 120//7 185//7 169//7
f 119//7 185//7 120//7
f 193//7 150//7 149//7
f 193//7 151//7 150//7
f 164//7 185//7 119//7
f 163//7 185//7 164//7
f 193//7 152//7 151//7
f 193//7 153//7 152//7
f 162//7 185//7 163//7
f 161//7 185//7 162//7
f 185//7 153//7 193//7
f 185//7 154//7 153//7
f 160//7 185//7 161//7
f 159//7 185//7 160//7
f 185//7 155//7 154//7
f 185//7 156//7 155//7
f 158//7 185//7 159//7
f 185//7 157//7 156//7
f 157//7 185//7 158//7
f 224//7 277//7 225//7
f 277//7 279//7 278//7
f 279//7 281//7 280//7
f 281//7 283//7 282//7
f 283//7 285//7 284//7
f 286//7 288//7 287//7
f 283//7 286//7 285//7
f 279//7 283//7 281//7
f 224//7 279//7 277//7
f 223//7 279//7 224//7
f 279//7 286//7 283//7
f 286//7 289//7 288//7
f 289//7 291//7 290//7
f 291//7 248//7 247//7
f 291//7 249//7 248//7
f 223//7 286//7 279//7
f 222//7 286//7 223//7
f 291//7 250//7 249//7
f 291//7 251//7 250//7
f 221//7 286//7 222//7
f 220//7 286//7 221//7
f 289//7 251//7 291//7
f 289//7 252//7 251//7
f 219//7 286//7 220//7
f 218//7 286//7 219//7
f 289//7 253//7 252//7
f 289//7 254//7 253//7
f 217//7 286//7 218//7
f 216//7 286//7 217//7
f 289//7 255//7 254//7
f 289//7 256//7 255//7
f 215//7 286//7 216//7
f 214//7 286//7 215//7
f 289//7 257//7 256//7
f 213//7 286//7 214//7
f 289//7 213//7 257//7
f 213//7 289//7 286//7
f 504//7 506//7 505//7
f 504//7 507//7 506//7
f 371//7 373//7 372//7
f 373//7 375//7 374//7
f 375//7 377//7 376//7
f 377//7 379//7 378//7
f 379//7 381//7 380//7
f 381//7 383//7 382//7
f 383//7 385//7 384//7
f 385//7 387//7 386//7
f 387//7 389//7 388//7
f 389//7 391//7 390//7
f 391//7 420//7 419//7
f 391//7 421//7 420//7
f 387//7 391//7 389//7
f 383//7 387//7 385//7
f 379//7 383//7 381//7
f 375//7 379//7 377//7
f 371//7 375//7 373//7
f 443//7 371//7 418//7
f 442//7 371//7 443//7
f 371//7 379//7 375//7
f 379//7 387//7 383//7
f 387//7 421//7 391//7
f 387//7 422//7 421//7
f 442//7 379//7 371//7
f 441//7 379//7 442//7
f 387//7 423//7 422//7
f 387//7 424//7 423//7
f 440//7 379//7 441//7
f 439//7 379//7 440//7
f 387//7 425//7 424//7
f 387//7 426//7 425//7
f 438//7 379//7 439//7
f 437//7 379//7 438//7
f 387//7 427//7 426//7
f 387//7 428//7 427//7
f 436//7 379//7 437//7
f 435//7 379//7 436//7
f 379//7 428//7 387//7
f 379//7 429//7 428//7
f 434//7 379//7 435//7
f 433//7 379//7 434//7
f 379//7 430//7 429//7
f 379//7 431//7 430//7
f 432//7 379//7 433//7
f 379//7 432//7 431//7
f 295//7 297//7 296//7
f 297//7 299//7 298//7
f 297//7 300//7 299//7
f 341//7 295//7 342//7
f 295//7 300//7 297//7
f 295//7 301//7 300//7
f 340//7 295//7 341//7
f 338//7 340//7 339//7
f 336//7 338//7 337//7
f 334//7 336//7 335//7
f 332//7 334//7 333//7
f 330//7 332//7 331//7
f 328//7 330//7 329//7
f 326//7 328//7 327//7
f 324//7 326//7 325//7
f 323//7 326//7 324//7
f 326//7 330//7 328//7
f 330//7 334//7 332//7
f 334//7 338//7 336//7
f 338//7 295//7 340//7
f 295//7 302//7 301//7
f 295//7 303//7 302//7
f 334//7 295//7 338//7
f 326//7 334//7 330//7
f 322//7 326//7 323//7
f 321//7 326//7 322//7
f 295//7 304//7 303//7
f 295//7 305//7 304//7
f 321//7 334//7 326//7
f 320//7 334//7 321//7
f 295//7 306//7 305//7
f 295//7 307//7 306//7
f 319//7 334//7 320//7
f 318//7 334//7 319//7
f 295//7 308//7 307//7
f 295//7 309//7 308//7
f 317//7 334//7 318//7
f 316//7 334//7 317//7
f 334//7 309//7 295//7
f 334//7 310//7 309//7
f 315//7 334//7 316//7
f 314//7 334//7 315//7
f 334//7 311//7 310//7
f 334//7 312//7 311//7
f 313//7 334//7 314//7
f 312//7 334//7 313//7
f 135//7 206//7 136//7
f 206//7 133//7 207//7
f 134//7 206//7 135//7
f 134//7 133//7 206//7
f 417//7 344//7 343//7
f 417//7 345//7 344//7
f 415//7 417//7 416//7
f 413//7 415//7 414//7
f 411//7 413//7 412//7
f 409//7 411//7 410//7
f 407//7 409//7 408//7
f 405//7 407//7 406//7
f 403//7 405//7 404//7
f 401//7 403//7 402//7
f 399//7 401//7 400//7
f 397//7 399//7 398//7
f 395//7 397//7 396//7
f 393//7 395//7 394//7
f 391//7 393//7 392//7
f 371//7 419//7 418//7
f 419//7 393//7 391//7
f 393//7 397//7 395//7
f 397//7 401//7 399//7
f 401//7 405//7 403//7
f 405//7 409//7 407//7
f 409//7 413//7 411//7
f 413//7 417//7 415//7
f 417//7 346//7 345//7
f 417//7 347//7 346//7
f 409//7 417//7 413//7
f 401//7 409//7 405//7
f 393//7 401//7 397//7
f 371//7 393//7 419//7
f 369//7 371//7 370//7
f 368//7 371//7 369//7
f 409//7 347//7 417//7
f 409//7 348//7 347//7
f 368//7 393//7 371//7
f 367//7 393//7 368//7
f 409//7 349//7 348//7
f 409//7 350//7 349//7
f 367//7 401//7 393//7
f 366//7 401//7 367//7
f 409//7 351//7 350//7
f 409//7 352//7 351//7
f 365//7 401//7 366//7
f 364//7 401//7 365//7
f 409//7 353//7 352//7
f 409//7 354//7 353//7
f 363//7 401//7 364//7
f 362//7 401//7 363//7
f 409//7 355//7 354//7
f 409//7 356//7 355//7
f 361//7 401//7 362//7
f 360//7 401//7 361//7
f 401//7 356//7 409//7
f 401//7 357//7 356//7
f 359//7 401//7 360//7
f 401//7 358//7 357//7
f 358//7 401//7 359//7
f 444//7 446//7 445//7
f 444//7 455//7 446//7
f 514//7 516//7 515//7
f 516//7 518//7 517//7
f 519//7 521//7 520//7
f 516//7 519//7 518//7
f 512//7 514//7 513//7
f 514//7 519//7 516//7
f 521//7 514//7 512//7
f 514//7 521//7 519//7
f 456//7 458//7 457//7
f 458//7 460//7 459//7
f 458//7 461//7 460//7
f 502//7 456//7 503//7
f 456//7 461//7 458//7
f 456//7 462//7 461//7
f 501//7 456//7 502//7
f 499//7 501//7 500//7
f 497//7 499//7 498//7
f 495//7 497//7 496//7
f 493//7 495//7 494//7
f 491//7 493//7 492//7
f 489//7 491//7 490//7
f 487//7 489//7 488//7
f 485//7 487//7 486//7
f 484//7 487//7 485//7
f 487//7 491//7 489//7
f 491//7 495//7 493//7
f 495//7 499//7 497//7
f 499//7 456//7 501//7
f 456//7 463//7 462//7
f 456//7 464//7 463//7
f 495//7 456//7 499//7
f 487//7 495//7 491//7
f 483//7 487//7 484//7
f 482//7 487//7 483//7
f 456//7 465//7 464//7
f 456//7 466//7 465//7
f 482//7 495//7 487//7
f 481//7 495//7 482//7
f 456//7 467//7 466//7
f 456//7 468//7 467//7
f 480//7 495//7 481//7
f 479//7 495//7 480//7
f 456//7 469//7 468//7
f 456//7 470//7 469//7
f 478//7 495//7 479//7
f 477//7 495//7 478//7
f 495//7 470//7 456//7
f 495//7 471//7 470//7
f 476//7 495//7 477//7
f 475//7 495//7 476//7
f 495//7 472//7 471//7
f 495//7 473//7 472//7
f 474//7 495//7 475//7
f 473//7 495//7 474//7
f 294//7 259//7 258//7
f 259//7 261//7 260//7
f 261//7 263//7 262//7
f 263//7 265//7 264//7
f 265//7 267//7 266//7
f 267//7 269//7 268//7
f 269//7 271//7 270//7
f 271//7 273//7 272//7
f 273//7 275//7 274//7
f 275//7 277//7 276//7
f 277//7 226//7 225//7
f 277//7 227//7 226//7
f 273//7 277//7 275//7
f 269//7 273//7 271//7
f 265//7 269//7 267//7
f 261//7 265//7 263//7
f 294//7 261//7 259//7
f 292//7 294//7 293//7
f 247//7 292//7 291//7
f 246//7 292//7 247//7
f 292//7 261//7 294//7
f 261//7 269//7 265//7
f 269//7 277//7 273//7
f 277//7 228//7 227//7
f 277//7 229//7 228//7
f 261//7 277//7 269//7
f 246//7 261//7 292//7
f 245//7 261//7 246//7
f 277//7 230//7 229//7
f 277//7 231//7 230//7
f 244//7 261//7 245//7
f 243//7 261//7 244//7
f 277//7 232//7 231//7
f 277//7 233//7 232//7
f 242//7 261//7 243//7
f 241//7 261//7 242//7
f 277//7 234//7 233//7
f 277//7 235//7 234//7
f 240//7 261//7 241//7
f 239//7 261//7 240//7
f 261//7 235//7 277//7
f 261//7 236//7 235//7
f 238//7 261//7 239//7
f 261//7 237//7 236//7
f 261//7 238//7 237//7
f 454//7 448//7 447//7
f 449//7 451//7 450//7
f 454//7 449//7 448//7
f 452//7 454//7 453//7
f 449//7 452//7 451//7
f 449//7 454//7 452//7
f 508//7 510//7 509//7
f 508//7 511//7 510//7
f 746//8 165//8 166//8
f 746//8 745//8 165//8
f 745//9 212//9 165//9
f 745//9 744//9 212//9
f 744//10 211//10 212//10
f 744//10 743//10 211//10
f 747//11 166//11 167//11
f 747//11 746//11 166//11
f 743//12 210//12 211//12
f 743//12 749//12 210//12
f 750//13 167//13 168//13
f 750//13 747//13 167//13
f 749//14 209//14 210//14
f 749//14 748//14 209//14
f 768//15 168//15 169//15
f 768//15 750//15 168//15
f 748//16 208//16 209//16
f 748//16 765//16 208//16
f 769//17 169//17 170//17
f 769//17 768//17 169//17
f 756//18 130//18 131//18
f 756//18 755//18 130//18
f 765//19 207//19 208//19
f 765//19 764//19 207//19
f 798//20 170//20 171//20
f 798//20 769//20 170//20
f 755//21 129//21 130//21
f 755//21 757//21 129//21
f 762//22 131//22 132//22
f 762//22 756//22 131//22
f 757//23 128//23 129//23
f 757//23 763//23 128//23
f 758//24 132//24 133//24
f 758//24 762//24 132//24
f 763//25 127//25 128//25
f 763//25 759//25 127//25
f 760//26 133//26 134//26
f 760//26 758//26 133//26
f 759//27 126//27 127//27
f 759//27 761//27 126//27
f 766//28 134//28 135//28
f 766//28 760//28 134//28
f 761//29 125//29 126//29
f 761//29 767//29 125//29
f 771//30 135//30 136//30
f 771//30 766//30 135//30
f 767//31 124//31 125//31
f 767//32 774//32 124//32
f 764//33 206//33 207//33
f 764//33 791//33 206//33
f 794//34 171//34 172//34
f 794//34 798//34 171//34
f 779//35 136//35 137//35
f 779//36 771//36 136//36
f 774//37 123//37 124//37
f 774//38 780//38 123//38
f 796//39 137//39 138//39
f 796//39 779//39 137//39
f 780//40 122//40 123//40
f 780//40 797//40 122//40
f 791//41 205//41 206//41
f 791//41 800//41 205//41
f 787//42 172//42 173//42
f 787//42 794//42 172//42
f 792//43 138//43 139//43
f 792//44 796//44 138//44
f 797//45 121//45 122//45
f 797//45 793//45 121//45
f 788//46 139//46 140//46
f 788//46 792//46 139//46
f 793//47 120//47 121//47
f 793//47 789//47 120//47
f 785//48 140//48 141//48
f 785//48 788//48 140//48
f 789//49 119//49 120//49
f 789//49 786//49 119//49
f 800//50 204//50 205//50
f 800//50 805//50 204//50
f 806//51 173//51 174//51
f 806//51 787//51 173//51
f 805//52 203//52 204//52
f 805//52 802//52 203//52
f 803//53 174//53 175//53
f 803//53 806//53 174//53
f 804//54 175//54 176//54
f 804//54 803//54 175//54
f 802//55 202//55 203//55
f 802//55 813//55 202//55
f 809//56 176//56 177//56
f 809//57 804//57 176//57
f 813//58 201//58 202//58
f 813//58 811//58 201//58
f 812//59 177//59 178//59
f 812//60 809//60 177//60
f 811//61 200//61 201//61
f 811//61 810//61 200//61
f 830//62 178//62 179//62
f 830//62 812//62 178//62
f 810//63 199//63 200//63
f 810//63 827//63 199//63
f 829//64 179//64 180//64
f 829//64 830//64 179//64
f 827//65 198//65 199//65
f 827//65 816//65 198//65
f 786//66 164//66 119//66
f 786//66 814//66 164//66
f 815//67 141//67 142//67
f 815//67 785//67 141//67
f 828//68 180//68 181//68
f 828//68 829//68 180//68
f 816//69 197//69 198//69
f 816//69 822//69 197//69
f 824//70 142//70 143//70
f 824//70 815//70 142//70
f 814//71 163//71 164//71
f 814//71 825//71 163//71
f 820//72 143//72 144//72
f 820//73 824//73 143//73
f 825//74 162//74 163//74
f 825//74 821//74 162//74
f 822//75 196//75 197//75
f 822//75 823//75 196//75
f 826//76 181//76 182//76
f 826//76 828//76 181//76
f 819//77 144//77 145//77
f 819//77 820//77 144//77
f 821//78 161//78 162//78
f 821//78 860//78 161//78
f 857//79 145//79 146//79
f 857//80 819//80 145//80
f 860//81 160//81 161//81
f 860//81 831//81 160//81
f 823//82 195//82 196//82
f 823//82 856//82 195//82
f 859//83 182//83 183//83
f 859//83 826//83 182//83
f 832//84 146//84 147//84
f 832//84 857//84 146//84
f 831//85 159//85 160//85
f 831//85 833//85 159//85
f 839//86 147//86 148//86
f 839//86 832//86 147//86
f 833//87 158//87 159//87
f 833//87 840//87 158//87
f 856//88 194//88 195//88
f 856//88 851//88 194//88
f 845//89 183//89 184//89
f 845//89 859//89 183//89
f 834//90 148//90 149//90
f 834//90 839//90 148//90
f 840//91 157//91 158//91
f 840//92 835//92 157//92
f 837//93 149//93 150//93
f 837//93 834//93 149//93
f 835//94 156//94 157//94
f 835//94 838//94 156//94
f 836//95 150//95 151//95
f 836//95 837//95 150//95
f 838//96 155//96 156//96
f 838//96 858//96 155//96
f 853//97 151//97 152//97
f 853//97 836//97 151//97
f 858//98 154//98 155//98
f 858//98 842//98 154//98
f 841//99 152//99 153//99
f 841//99 853//99 152//99
f 842//100 153//100 154//100
f 842//100 841//100 153//100
f 851//101 193//101 194//101
f 851//101 852//101 193//101
f 843//102 184//102 185//102
f 843//102 845//102 184//102
f 852//103 192//103 193//103
f 852//103 849//103 192//103
f 854//104 185//104 186//104
f 854//104 843//104 185//104
f 849//105 191//105 192//105
f 849//105 850//105 191//105
f 855//106 186//106 187//106
f 855//106 854//106 186//106
f 850//107 190//107 191//107
f 850//107 847//107 190//107
f 848//108 187//108 188//108
f 848//108 855//108 187//108
f 846//109 188//109 189//109
f 846//109 848//109 188//109
f 847//110 189//110 190//110
f 847//110 846//110 189//110
f 770//67 290//67 291//67
f 770//67 742//67 290//67
f 742//111 289//111 290//111
f 742//111 741//111 289//111
f 801//112 289//112 741//112
f 289//112 844//112 288//112
f 801//112 844//112 289//112
f 861//113 258//113 259//113
f 861//113 754//113 258//113
f 754//114 294//114 258//114
f 754//114 753//114 294//114
f 862//115 259//115 260//115
f 862//115 861//115 259//115
f 753//116 293//116 294//116
f 753//116 752//116 293//116
f 863//117 260//117 261//117
f 863//117 862//117 260//117
f 752//118 292//118 293//118
f 752//118 751//118 292//118
f 864//119 261//119 262//119
f 864//119 863//119 261//119
f 751//120 291//120 292//120
f 751//120 770//120 291//120
f 865//121 262//121 263//121
f 865//121 864//121 262//121
f 781//122 247//122 248//122
f 781//122 772//122 247//122
f 777//123 248//123 249//123
f 777//123 781//123 248//123
f 775//124 249//124 250//124
f 775//124 777//124 249//124
f 799//125 250//125 251//125
f 799//125 775//125 250//125
f 783//126 251//126 252//126
f 783//126 799//126 251//126
f 795//127 252//127 253//127
f 795//127 783//127 252//127
f 784//128 253//128 254//128
f 784//128 795//128 253//128
f 869//129 263//129 264//129
f 869//129 865//129 263//129
f 772//130 246//130 247//130
f 772//130 773//130 246//130
f 773//131 245//131 246//131
f 773//131 782//131 245//131
f 782//132 244//132 245//132
f 782//132 778//132 244//132
f 904//133 264//133 265//133
f 904//133 869//133 264//133
f 778//134 243//134 244//134
f 778//134 776//134 243//134
f 243//135 868//135 242//135
f 243//135 776//135 868//135
f 868//136 241//136 242//136
f 868//136 867//136 241//136
f 867//137 240//137 241//137
f 867//137 866//137 240//137
f 866//138 239//138 240//138
f 866//138 879//138 239//138
f 905//139 265//139 266//139
f 905//139 904//139 265//139
f 879//140 238//140 239//140
f 879//140 871//140 238//140
f 790//141 254//141 255//141
f 790//141 784//141 254//141
f 871//142 237//142 238//142
f 871//142 870//142 237//142
f 807//143 255//143 256//143
f 807//143 790//143 255//143
f 525//144 266//144 267//144
f 525//144 905//144 266//144
f 870//145 236//145 237//145
f 870//145 878//145 236//145
f 808//146 256//146 257//146
f 808//146 807//146 256//146
f 529//147 267//147 268//147
f 529//147 525//147 267//147
f 528//148 268//148 269//148
f 528//148 529//148 268//148
f 530//149 269//149 270//149
f 530//149 528//149 269//149
f 532//150 270//150 271//150
f 532//151 530//151 270//151
f 531//152 271//152 272//152
f 531//153 532//153 271//153
f 535//154 272//154 273//154
f 535//154 531//154 272//154
f 878//112 235//112 236//112
f 878//112 872//112 235//112
f 818//155 257//155 213//155
f 818//155 808//155 257//155
f 533//156 273//156 274//156
f 533//156 535//156 273//156
f 817//157 213//157 214//157
f 817//157 818//157 213//157
f 872//158 234//158 235//158
f 872//158 877//158 234//158
f 877//159 233//159 234//159
f 877//160 874//160 233//160
f 873//161 214//161 215//161
f 873//161 817//161 214//161
f 909//162 274//162 275//162
f 909//162 533//162 274//162
f 874//163 232//163 233//163
f 874//164 876//164 232//164
f 875//165 215//165 216//165
f 875//165 873//165 215//165
f 876//166 231//166 232//166
f 876//166 903//166 231//166
f 902//167 216//167 217//167
f 902//167 875//167 216//167
f 903//168 230//168 231//168
f 903//168 881//168 230//168
f 880//169 217//169 218//169
f 880//169 902//169 217//169
f 906//170 275//170 276//170
f 906//170 909//170 275//170
f 881//171 229//171 230//171
f 881//171 883//171 229//171
f 882//172 218//172 219//172
f 882//172 880//172 218//172
f 883//173 228//173 229//173
f 883//173 889//173 228//173
f 888//174 219//174 220//174
f 888//174 882//174 219//174
f 889//175 227//175 228//175
f 889//175 885//175 227//175
f 884//176 220//176 221//176
f 884//176 888//176 220//176
f 908//177 276//177 277//177
f 908//177 906//177 276//177
f 885//178 226//178 227//178
f 885//178 887//178 226//178
f 886//179 221//179 222//179
f 886//179 884//179 221//179
f 887//180 225//180 226//180
f 887//180 901//180 225//180
f 900//181 222//181 223//181
f 900//181 886//181 222//181
f 890//182 223//182 224//182
f 890//182 900//182 223//182
f 901//183 224//183 225//183
f 901//183 890//183 224//183
f 907//184 277//184 278//184
f 907//184 908//184 277//184
f 895//67 286//67 287//67
f 895//67 891//67 286//67
f 844//185 287//185 288//185
f 844//185 895//185 287//185
f 899//186 278//186 279//186
f 899//186 907//186 278//186
f 898//187 279//187 280//187
f 898//187 899//187 279//187
f 891//188 285//188 286//188
f 891//188 897//188 285//188
f 896//189 280//189 281//189
f 896//190 898//190 280//190
f 897//191 284//191 285//191
f 897//191 893//191 284//191
f 894//192 281//192 282//192
f 894//192 896//192 281//192
f 892//193 282//193 283//193
f 892//193 894//193 282//193
f 893//194 283//194 284//194
f 893//194 892//194 283//194
f 548//195 336//195 337//195
f 548//195 547//195 336//195
f 549//196 337//196 338//196
f 549//196 548//196 337//196
f 547//197 335//197 336//197
f 547//197 546//197 335//197
f 546//198 334//198 335//198
f 546//198 568//198 334//198
f 550//199 338//199 339//199
f 550//199 549//199 338//199
f 568//200 333//200 334//200
f 568//200 567//200 333//200
f 557//201 339//201 340//201
f 557//201 550//201 339//201
f 567//202 332//202 333//202
f 567//202 566//202 332//202
f 644//203 298//203 692//203
f 298//203 559//203 297//203
f 298//203 644//203 559//203
f 559//111 296//111 297//111
f 559//111 558//111 296//111
f 558//112 295//112 296//112
f 558//112 612//112 295//112
f 563//204 340//204 341//204
f 563//204 557//204 340//204
f 566//205 331//205 332//205
f 566//205 536//205 331//205
f 611//206 341//206 342//206
f 611//206 563//206 341//206
f 536//207 330//207 331//207
f 536//207 522//207 330//207
f 612//208 342//208 295//208
f 612//208 611//208 342//208
f 522//209 329//209 330//209
f 522//209 524//209 329//209
f 633//210 304//210 305//210
f 633//210 630//210 304//210
f 613//211 305//211 306//211
f 613//211 633//211 305//211
f 602//212 306//212 307//212
f 602//212 613//212 306//212
f 605//213 307//213 308//213
f 605//213 602//213 307//213
f 597//214 308//214 309//214
f 597//214 605//214 308//214
f 599//215 309//215 310//215
f 599//215 597//215 309//215
f 610//216 310//216 311//216
f 610//216 599//216 310//216
f 589//217 311//217 312//217
f 589//217 610//217 311//217
f 609//218 312//218 313//218
f 609//218 589//218 312//218
f 524//219 328//219 329//219
f 524//219 523//219 328//219
f 595//220 313//220 314//220
f 595//220 609//220 313//220
f 598//221 314//221 315//221
f 598//221 595//221 314//221
f 604//222 315//222 316//222
f 604//222 598//222 315//222
f 601//223 316//223 317//223
f 601//223 604//223 316//223
f 617//224 317//224 318//224
f 617//224 601//224 317//224
f 523//225 327//225 328//225
f 523//225 526//225 327//225
f 629//226 318//226 319//226
f 629//226 617//226 318//226
f 632//227 319//227 320//227
f 632//228 629//228 319//228
f 630//229 303//229 304//229
f 630//229 640//229 303//229
f 638//230 320//230 321//230
f 638//230 632//230 320//230
f 635//231 321//231 322//231
f 635//231 638//231 321//231
f 640//232 302//232 303//232
f 640//232 636//232 302//232
f 526//233 326//233 327//233
f 526//233 527//233 326//233
f 639//234 322//234 323//234
f 639//235 635//235 322//235
f 636//236 301//236 302//236
f 636//236 664//236 301//236
f 664//237 300//237 301//237
f 664//237 648//237 300//237
f 703//238 323//238 324//238
f 703//238 639//238 323//238
f 325//185 703//185 324//185
f 325//185 534//185 703//185
f 527//239 325//239 326//239
f 527//239 534//239 325//239
f 704//185 298//185 299//185
f 704//185 692//185 298//185
f 648//240 299//240 300//240
f 648//240 704//240 299//240
f 545//241 381//241 382//241
f 545//241 544//241 381//241
f 544//242 380//242 381//242
f 544//242 543//242 380//242
f 552//243 382//243 383//243
f 552//243 545//243 382//243
f 543//244 379//244 380//244
f 543//244 551//244 379//244
f 570//245 383//245 384//245
f 570//245 552//245 383//245
f 551//246 378//246 379//246
f 551//246 560//246 378//246
f 571//247 384//247 385//247
f 571//247 570//247 384//247
f 560//248 377//248 378//248
f 560//248 565//248 377//248
f 572//249 385//249 386//249
f 572//249 571//249 385//249
f 565//250 376//250 377//250
f 565//250 564//250 376//250
f 623//251 386//251 387//251
f 623//251 572//251 386//251
f 561//252 431//252 432//252
f 561//252 569//252 431//252
f 562//253 432//253 433//253
f 562//253 561//253 432//253
f 564//254 375//254 376//254
f 564//254 620//254 375//254
f 621//255 433//255 434//255
f 621//255 562//255 433//255
f 569//256 430//256 431//256
f 569//256 584//256 430//256
f 583//257 434//257 435//257
f 583//258 621//258 434//258
f 584//259 429//259 430//259
f 584//259 582//259 429//259
f 587//260 435//260 436//260
f 587//260 583//260 435//260
f 582//261 428//261 429//261
f 582//261 588//261 428//261
f 586//262 436//262 437//262
f 586//262 587//262 436//262
f 588//263 427//263 428//263
f 588//263 585//263 427//263
f 593//264 437//264 438//264
f 593//264 586//264 437//264
f 585//265 426//265 427//265
f 585//265 594//265 426//265
f 624//266 387//266 388//266
f 624//266 623//266 387//266
f 591//267 438//267 439//267
f 591//267 593//267 438//267
f 594//268 425//268 426//268
f 594//268 592//268 425//268
f 620//269 374//269 375//269
f 620//269 619//269 374//269
f 590//270 439//270 440//270
f 590//270 591//270 439//270
f 592//271 424//271 425//271
f 592//271 615//271 424//271
f 614//272 440//272 441//272
f 614//272 590//272 440//272
f 615//273 423//273 424//273
f 615//273 607//273 423//273
f 625//274 388//274 389//274
f 625//274 624//274 388//274
f 619//275 373//275 374//275
f 619//275 618//275 373//275
f 606//276 441//276 442//276
f 606//276 614//276 441//276
f 607//277 422//277 423//277
f 607//277 622//277 422//277
f 667//278 442//278 443//278
f 667//278 606//278 442//278
f 622//279 421//279 422//279
f 622//279 668//279 421//279
f 669//280 389//280 390//280
f 669//280 625//280 389//280
f 618//281 372//281 373//281
f 618//281 665//281 372//281
f 670//282 390//282 391//282
f 670//282 669//282 390//282
f 668//283 420//283 421//283
f 668//283 651//283 420//283
f 665//284 371//284 372//284
f 665//284 649//284 371//284
f 666//285 443//285 418//285
f 666//285 667//285 443//285
f 650//286 418//286 419//286
f 650//286 666//286 418//286
f 651//111 419//111 420//111
f 651//111 650//111 419//111
f 652//287 391//287 392//287
f 652//287 670//287 391//287
f 649//288 370//288 371//288
f 649//288 643//288 370//288
f 647//289 392//289 393//289
f 647//289 652//289 392//289
f 643//290 369//290 370//290
f 643//290 645//290 369//290
f 663//291 393//291 394//291
f 663//291 647//291 393//291
f 645//185 368//185 369//185
f 645//185 646//185 368//185
f 656//292 394//292 395//292
f 656//292 663//292 394//292
f 659//293 395//293 396//293
f 659//293 656//293 395//293
f 655//111 417//111 343//111
f 655//111 660//111 417//111
f 660//294 416//294 417//294
f 660//295 661//295 416//295
f 654//296 343//296 344//296
f 654//296 655//296 343//296
f 661//297 415//297 416//297
f 661//297 662//297 415//297
f 646//239 367//239 368//239
f 646//239 658//239 367//239
f 657//298 344//298 345//298
f 657//298 654//298 344//298
f 716//299 396//299 397//299
f 716//299 659//299 396//299
f 658//300 366//300 367//300
f 658//300 673//300 366//300
f 672//301 345//301 346//301
f 672//301 657//301 345//301
f 662//302 414//302 415//302
f 662//302 710//302 414//302
f 715//303 397//303 398//303
f 715//303 716//303 397//303
f 673//304 365//304 366//304
f 673//304 677//304 365//304
f 676//305 346//305 347//305
f 676//305 672//305 346//305
f 710//306 413//306 414//306
f 710//306 711//306 413//306
f 677//307 364//307 365//307
f 677//307 675//307 364//307
f 674//308 347//308 348//308
f 674//308 676//308 347//308
f 714//309 398//309 399//309
f 714//309 715//309 398//309
f 675//310 363//310 364//310
f 675//311 686//311 363//311
f 685//312 348//312 349//312
f 685//312 674//312 348//312
f 711//313 412//313 413//313
f 711//313 712//313 412//313
f 686//314 362//314 363//314
f 686//314 679//314 362//314
f 678//315 349//315 350//315
f 678//315 685//315 349//315
f 679//316 361//316 362//316
f 679//316 684//316 361//316
f 683//317 350//317 351//317
f 683//317 678//317 350//317
f 709//318 399//318 400//318
f 709//318 714//318 399//318
f 712//319 411//319 412//319
f 712//319 705//319 411//319
f 684//320 360//320 361//320
f 684//320 682//320 360//320
f 681//321 351//321 352//321
f 681//321 683//321 351//321
f 682//322 359//322 360//322
f 682//322 713//322 359//322
f 680//323 352//323 353//323
f 680//323 681//323 352//323
f 713//324 358//324 359//324
f 713//324 690//324 358//324
f 707//325 353//325 354//325
f 707//325 680//325 353//325
f 690//326 357//326 358//326
f 690//326 688//326 357//326
f 689//327 354//327 355//327
f 689//327 707//327 354//327
f 688//328 356//328 357//328
f 688//328 687//328 356//328
f 687//329 355//329 356//329
f 687//329 689//329 355//329
f 708//330 400//330 401//330
f 708//330 709//330 400//330
f 705//331 410//331 411//331
f 705//331 706//331 410//331
f 706//332 409//332 410//332
f 706//332 691//332 409//332
f 693//333 401//333 402//333
f 693//333 708//333 401//333
f 691//334 408//334 409//334
f 691//334 699//334 408//334
f 700//335 402//335 403//335
f 700//335 693//335 402//335
f 699//336 407//336 408//336
f 699//336 698//336 407//336
f 697//337 403//337 404//337
f 697//337 700//337 403//337
f 698//338 406//338 407//338
f 698//338 696//338 406//338
f 695//339 404//339 405//339
f 695//339 697//339 404//339
f 696//340 405//340 406//340
f 696//340 695//340 405//340
f 541//67 451//67 452//67
f 541//67 538//67 451//67
f 538//111 450//111 451//111
f 538//111 537//111 450//111
f 537//112 449//112 450//112
f 537//112 539//112 449//112
f 576//67 453//67 454//67
f 576//67 542//67 453//67
f 542//111 452//111 453//111
f 542//111 541//111 452//111
f 539//111 448//111 449//111
f 539//111 540//111 448//111
f 540//112 447//112 448//112
f 540//112 573//112 447//112
f 575//185 454//185 455//185
f 575//185 576//185 454//185
f 701//67 455//67 444//67
f 701//67 575//67 455//67
f 573//185 446//185 447//185
f 573//185 574//185 446//185
f 694//185 444//185 445//185
f 694//185 701//185 444//185
f 574//112 445//112 446//112
f 574//112 694//112 445//112
f 555//195 497//195 498//195
f 555//195 554//195 497//195
f 556//196 498//196 499//196
f 556//196 555//196 498//196
f 554//197 496//197 497//197
f 554//197 553//197 496//197
f 553//198 495//198 496//198
f 553//198 580//198 495//198
f 581//199 499//199 500//199
f 581//199 556//199 499//199
f 580//200 494//200 495//200
f 580//200 579//200 494//200
f 717//201 500//201 501//201
f 717//201 581//201 500//201
f 579//202 493//202 494//202
f 579//202 578//202 493//202
f 740//203 458//203 459//203
f 740//203 738//203 458//203
f 739//111 458//111 738//111
f 458//111 718//111 457//111
f 458//111 739//111 718//111
f 718//112 456//112 457//112
f 718//112 726//112 456//112
f 720//204 501//204 502//204
f 720//204 717//204 501//204
f 578//205 492//205 493//205
f 578//205 577//205 492//205
f 719//206 502//206 503//206
f 719//206 720//206 502//206
f 577//207 491//207 492//207
f 577//207 627//207 491//207
f 726//208 503//208 456//208
f 726//208 719//208 503//208
f 627//209 490//209 491//209
f 627//209 616//209 490//209
f 731//210 465//210 466//210
f 731//210 730//210 465//210
f 727//211 466//211 467//211
f 727//211 731//211 466//211
f 728//212 467//212 468//212
f 728//212 727//212 467//212
f 737//213 468//213 469//213
f 737//213 728//213 468//213
f 722//214 469//214 470//214
f 722//214 737//214 469//214
f 723//215 470//215 471//215
f 723//215 722//215 470//215
f 725//216 471//216 472//216
f 725//216 723//216 471//216
f 721//217 472//217 473//217
f 721//217 725//217 472//217
f 724//218 473//218 474//218
f 724//218 721//218 473//218
f 616//219 489//219 490//219
f 616//219 626//219 489//219
f 475//341 724//341 474//341
f 475//341 596//341 724//341
f 600//221 475//221 476//221
f 600//221 596//221 475//221
f 608//222 476//222 477//222
f 608//222 600//222 476//222
f 603//223 477//223 478//223
f 603//223 608//223 477//223
f 628//224 478//224 479//224
f 628//224 603//224 478//224
f 626//225 488//225 489//225
f 626//225 671//225 488//225
f 634//226 479//226 480//226
f 634//226 628//226 479//226
f 631//342 480//342 481//342
f 631//227 634//227 480//227
f 730//229 464//229 465//229
f 730//229 729//229 464//229
f 641//230 481//230 482//230
f 641//230 631//230 481//230
f 637//231 482//231 483//231
f 637//231 641//231 482//231
f 729//232 463//232 464//232
f 729//232 736//232 463//232
f 671//233 487//233 488//233
f 671//233 653//233 487//233
f 642//234 483//234 484//234
f 642//343 637//343 483//343
f 736//236 462//236 463//236
f 736//236 732//236 462//236
f 732//237 461//237 462//237
f 732//237 735//237 461//237
f 733//238 484//238 485//238
f 733//238 642//238 484//238
f 702//185 485//185 486//185
f 702//185 733//185 485//185
f 653//239 486//239 487//239
f 653//239 702//239 486//239
f 460//185 740//185 459//185
f 460//185 734//185 740//185
f 735//240 460//240 461//240
f 735//240 734//240 460//240
f 918//67 511//67 508//67
f 918//67 912//67 511//67
f 912//111 510//111 511//111
f 912//111 911//111 510//111
f 916//185 508//185 509//185
f 916//185 918//185 508//185
f 911//112 509//112 510//112
f 911//112 916//112 509//112
f 926//67 507//67 504//67
f 926//67 921//67 507//67
f 921//111 506//111 507//111
f 921//111 917//111 506//111
f 505//185 926//185 504//185
f 505//185 910//185 926//185
f 917//112 505//112 506//112
f 917//112 910//112 505//112
f 923//67 521//67 512//67
f 923//67 920//67 521//67
f 920//111 520//111 521//111
f 920//111 915//111 520//111
f 915//344 519//344 520//344
f 915//344 922//344 519//344
f 922//67 518//67 519//67
f 922//67 914//67 518//67
f 914//111 517//111 518//111
f 914//111 913//111 517//111
f 913//112 516//112 517//112
f 913//112 927//112 516//112
f 924//185 512//185 513//185
f 924//185 923//185 512//185
f 919//112 513//112 514//112
f 919//112 924//112 513//112
f 925//345 514//345 515//345
f 925//346 919//346 514//346
f 927//185 515//185 516//185
f 927//185 925//185 515//185
o shell_Object_12
v -0.520541 0.925000 -0.080000
v -0.176198 0.853736 -0.076671
v -0.176248 0.864912 -0.076671
v -0.604392 0.887771 -0.080000
v -0.590900 0.900617 -0.080000
v -0.575271 0.911037 -0.080000
v 0.176202 0.853736 -0.076671
v -0.557978 0.918715 -0.080000
v -0.539548 0.923417 -0.080000
v -0.519016 0.848570 0.079338
v -0.534664 0.065341 -0.063829
v -0.546440 0.054129 -0.063829
v -0.595079 0.776148 0.079338
v 0.569653 -0.684627 -0.024083
v 0.569653 -0.700719 -0.024083
v -0.533461 0.847367 0.079338
v 0.176290 0.864912 -0.076671
v -0.538303 0.064793 -0.063829
v -0.545989 0.844171 0.079338
v -0.541586 0.063200 -0.063829
v -0.557743 0.838952 0.079338
v -0.544191 0.060720 -0.063829
v -0.545864 0.057594 -0.063829
v -0.568368 0.831869 0.079338
v -0.577538 0.823137 0.079338
v -0.584978 0.813022 0.079338
v -0.590459 0.801830 0.079338
v -0.593816 0.789902 0.079338
v 0.520541 0.925000 -0.080000
v 0.630000 0.820780 -0.080000
v 0.539549 0.923417 -0.080000
v -0.287374 0.054129 -0.063829
v -0.299150 0.065341 -0.063829
v 0.368324 0.065341 -0.063829
v 0.557978 0.918715 -0.080000
v -0.287951 0.057594 -0.063829
v 0.356548 0.054129 -0.063829
v -0.289623 0.060720 -0.063829
v 0.364685 0.064793 -0.063829
v -0.292228 0.063200 -0.063829
v -0.295511 0.064793 -0.063829
v 0.575271 0.911037 -0.080000
v 0.590900 0.900617 -0.080000
v 0.361402 0.063200 -0.063829
v 0.604392 0.887771 -0.080000
v 0.358797 0.060720 -0.063829
v 0.615335 0.872890 -0.080000
v 0.357125 0.057594 -0.063829
v 0.623399 0.856425 -0.080000
v 0.628337 0.838877 -0.080000
v 0.595079 0.776148 0.079338
v 0.519017 0.848570 0.079338
v 0.593816 0.789902 0.079338
v 0.590459 0.801830 0.079338
v 0.584978 0.813022 0.079338
v 0.544959 0.054129 -0.063829
v 0.577539 0.823137 0.079338
v 0.533184 0.065341 -0.063829
v 0.544383 0.057594 -0.063829
v 0.568368 0.831869 0.079338
v 0.542711 0.060720 -0.063829
v 0.557743 0.838952 0.079338
v 0.540105 0.063200 -0.063829
v 0.545989 0.844171 0.079338
v 0.536823 0.064793 -0.063829
v 0.533461 0.847367 0.079338
v -0.575271 -0.911037 -0.080000
v -0.590900 -0.900617 -0.080000
v -0.604392 -0.887771 -0.080000
v 0.161072 0.065341 -0.063829
v 0.149296 0.054129 -0.063829
v 0.157433 0.064793 -0.063829
v 0.154150 0.063200 -0.063829
v -0.595079 -0.671255 0.079338
v 0.151545 0.060720 -0.063829
v -0.519016 -0.743678 0.079338
v 0.149872 0.057594 -0.063829
v -0.593816 -0.685009 0.079338
v -0.590459 -0.696937 0.079338
v -0.584978 -0.708129 0.079338
v -0.577538 -0.718245 0.079338
v -0.568368 -0.726977 0.079338
v -0.557743 -0.734060 0.079338
v 0.337707 0.054129 -0.063829
v -0.545989 -0.739279 0.079338
v -0.533461 -0.742475 0.079338
v 0.325931 0.065341 -0.063829
v 0.630000 -0.791623 -0.080000
v 0.337131 0.057594 -0.063829
v 0.335458 0.060720 -0.063829
v 0.581428 -0.573627 -0.024083
v 0.581428 -0.814041 -0.024083
v 0.569653 -0.574860 -0.024083
v 0.581428 -0.599810 -0.024083
v 0.577789 -0.573687 -0.024083
v 0.332853 0.063200 -0.063829
v 0.574507 -0.573862 -0.024083
v 0.569653 -0.600931 -0.024083
v 0.571902 -0.574135 -0.024083
v 0.569653 -0.825253 -0.024083
v 0.329570 0.064793 -0.063829
v 0.570229 -0.574479 -0.024083
v 0.577789 -0.599865 -0.024083
v 0.574507 -0.600024 -0.024083
v 0.577789 -0.814590 -0.024083
v 0.571902 -0.600272 -0.024083
v 0.574507 -0.816182 -0.024083
v 0.571902 -0.818663 -0.024083
v 0.570229 -0.600584 -0.024083
v 0.570229 -0.821788 -0.024083
v -0.046181 0.065342 -0.063829
v 0.519017 -0.743678 0.079338
v -0.057956 0.054129 -0.063829
v 0.595079 -0.671255 0.079338
v -0.049820 0.064793 -0.063829
v 0.533461 -0.742475 0.079338
v -0.053102 0.063200 -0.063829
v 0.545989 -0.739279 0.079338
v 0.557743 -0.734060 0.079338
v -0.055707 0.060720 -0.063829
v 0.568368 -0.726977 0.079338
v -0.057380 0.057594 -0.063829
v 0.577539 -0.718245 0.079338
v 0.584978 -0.708129 0.079338
v 0.590459 -0.696937 0.079338
v 0.593816 -0.685009 0.079338
v -0.630000 0.820780 0.079338
v -0.628337 0.838877 0.079338
v -0.623399 0.856425 0.079338
v 0.130455 0.054129 -0.063829
v 0.118679 0.065342 -0.063829
v -0.615335 0.872890 0.079338
v 0.129878 0.057594 -0.063829
v -0.604392 0.887771 0.079338
v 0.128206 0.060720 -0.063829
v -0.590900 0.900617 0.079338
v 0.125601 0.063200 -0.063829
v -0.575271 0.911037 0.079338
v 0.122318 0.064793 -0.063829
v -0.557978 0.918715 0.079338
v -0.539548 0.923417 0.079338
v -0.520541 0.925000 0.079338
v 0.628337 0.838877 0.079338
v 0.630000 0.820780 0.079338
v 0.623399 0.856425 0.079338
v 0.615335 0.872890 0.079338
v -0.253433 0.065342 -0.063829
v 0.604392 0.887771 0.079338
v 0.590900 0.900617 0.079338
v -0.265209 0.054129 -0.063829
v -0.257072 0.064793 -0.063829
v 0.575271 0.911037 0.079338
v -0.260355 0.063200 -0.063829
v 0.557978 0.918715 0.079338
v -0.262960 0.060720 -0.063829
v 0.539549 0.923417 0.079338
v -0.264632 0.057594 -0.063829
v 0.520541 0.925000 0.079338
v 0.539549 -0.923417 0.079338
v 0.520541 -0.925000 0.079338
v 0.557978 -0.918715 0.079338
v 0.575271 -0.911037 0.079338
v 0.590900 -0.900617 0.079338
v 0.604392 -0.887771 0.079338
v 0.615335 -0.872890 0.079338
v -0.076798 0.054129 -0.063829
v 0.623399 -0.856425 0.079338
v -0.088573 0.065342 -0.063829
v 0.628337 -0.838877 0.079338
v -0.077374 0.057594 -0.063829
v 0.630000 -0.833817 0.079338
v -0.079046 0.060720 -0.063829
v -0.628337 -0.838877 0.079338
v -0.081652 0.063200 -0.063829
v -0.630000 -0.820780 0.079338
v -0.084934 0.064793 -0.063829
v -0.623399 -0.856425 0.079338
v -0.615335 -0.872890 0.079338
v -0.604392 -0.887771 0.079338
v -0.590900 -0.900617 0.079338
v -0.575271 -0.911037 0.079338
v -0.557978 -0.918715 0.079338
v -0.539548 -0.923417 0.079338
v -0.520541 -0.925000 0.079338
v -0.595079 0.776148 0.075914
v -0.593816 0.789902 0.075914
v -0.590459 0.801830 0.075914
v -0.584978 0.813022 0.075914
v -0.577538 0.823137 0.075914
v -0.568368 0.831869 0.075914
v -0.557743 0.838952 0.075914
v -0.545989 0.844171 0.075914
v -0.533461 0.847367 0.075914
v -0.519016 0.848570 0.075914
v 0.593816 0.789902 0.075914
v 0.595079 0.776148 0.075914
v 0.590459 0.801830 0.075914
v 0.584978 0.813022 0.075914
v 0.577539 0.823137 0.075914
v 0.568368 0.831869 0.075914
v 0.557743 0.838952 0.075914
v 0.545989 0.844171 0.075914
v 0.533461 0.847367 0.075914
v 0.519017 0.848570 0.075914
v 0.533461 -0.742475 0.075914
v 0.519017 -0.743678 0.075914
v 0.545989 -0.739279 0.075914
v 0.557743 -0.734060 0.075914
v 0.568368 -0.726977 0.075914
v 0.577539 -0.718245 0.075914
v 0.584978 -0.708129 0.075914
v 0.590459 -0.696937 0.075914
v 0.593816 -0.685009 0.075914
v 0.595079 -0.671255 0.075914
v -0.593816 -0.685009 0.075914
v -0.595079 -0.671255 0.075914
v -0.590459 -0.696937 0.075914
v -0.584978 -0.708129 0.075914
v -0.577538 -0.718245 0.075914
v -0.568368 -0.726977 0.075914
v -0.557743 -0.734060 0.075914
v -0.545989 -0.739279 0.075914
v -0.533461 -0.742475 0.075914
v -0.519016 -0.743678 0.075914
v -0.176519 0.925000 -0.080000
v -0.176519 0.925000 0.079338
v -0.176175 0.848570 0.079338
v -0.176175 0.848570 0.075914
v 0.176764 0.925000 -0.080000
v 0.176764 0.925000 0.079338
v 0.176161 0.848570 0.079338
v 0.176161 0.848570 0.075914
v -0.597439 0.779164 0.079338
v -0.596149 0.793212 0.079338
v -0.592685 0.805520 0.079338
v -0.587029 0.817068 0.079338
v -0.579353 0.827506 0.079338
v -0.569890 0.836516 0.079338
v -0.558928 0.843824 0.079338
v -0.546799 0.849209 0.079338
v -0.533873 0.852507 0.079338
v -0.519119 0.853736 0.079338
v 0.596149 0.793212 0.079338
v 0.597439 0.779164 0.079338
v 0.592685 0.805520 0.079338
v 0.587029 0.817068 0.079338
v 0.579353 0.827506 0.079338
v 0.569891 0.836516 0.079338
v 0.558928 0.843824 0.079338
v 0.546799 0.849209 0.079338
v 0.533873 0.852507 0.079338
v 0.519120 0.853736 0.079338
v 0.533873 -0.754704 0.079338
v 0.519120 -0.755933 0.079338
v 0.546799 -0.751406 0.079338
v 0.558928 -0.746021 0.079338
v 0.569891 -0.738713 0.079338
v 0.579353 -0.729703 0.079338
v 0.587029 -0.719265 0.079338
v 0.592685 -0.707717 0.079338
v 0.596149 -0.695409 0.079338
v 0.597439 -0.684213 0.079338
v -0.596149 -0.695409 0.079338
v -0.597439 -0.681362 0.079338
v -0.592685 -0.707717 0.079338
v -0.587029 -0.719265 0.079338
v -0.579353 -0.729703 0.079338
v -0.569890 -0.738713 0.079338
v -0.558928 -0.746021 0.079338
v -0.546799 -0.751406 0.079338
v -0.533873 -0.754704 0.079338
v -0.519119 -0.755933 0.079338
v -0.176198 0.853736 0.079338
v 0.176202 0.853736 0.079338
v -0.601197 0.800373 0.079338
v -0.597502 0.813503 0.079338
v -0.591468 0.825822 0.079338
v -0.583280 0.836957 0.079338
v -0.573185 0.846568 0.079338
v -0.561491 0.854365 0.079338
v -0.548552 0.860109 0.079338
v -0.534763 0.863627 0.079338
v -0.519342 0.864912 0.079338
v 0.602546 0.785691 0.079338
v 0.519343 -0.782447 0.079338
v -0.602546 -0.703225 0.079338
v -0.176248 0.864912 0.079338
v 0.176290 0.864912 0.079338
v -0.602546 0.785691 0.079338
v 0.601197 0.800373 0.079338
v 0.597502 0.813503 0.079338
v 0.591468 0.825822 0.079338
v 0.583280 0.836957 0.079338
v 0.573185 0.846568 0.079338
v 0.561491 0.854365 0.079338
v 0.548553 0.860109 0.079338
v 0.534763 0.863627 0.079338
v 0.519343 0.864912 0.079338
v 0.534763 -0.781162 0.079338
v 0.548553 -0.777644 0.079338
v 0.561491 -0.771899 0.079338
v 0.573185 -0.764103 0.079338
v 0.583280 -0.754491 0.079338
v 0.591468 -0.743357 0.079338
v 0.597502 -0.731037 0.079338
v 0.601197 -0.717908 0.079338
v 0.602546 -0.712247 0.079338
v -0.601197 -0.717908 0.079338
v -0.597502 -0.731037 0.079338
v -0.591468 -0.743357 0.079338
v -0.583280 -0.754491 0.079338
v -0.573185 -0.764103 0.079338
v -0.561491 -0.771899 0.079338
v -0.548552 -0.777644 0.079338
v -0.534763 -0.781162 0.079338
v -0.519342 -0.782447 0.079338
v 0.176202 0.853736 0.076115
v -0.176198 0.853736 0.076115
v -0.176248 0.864912 0.076115
v 0.176290 0.864912 0.076115
v 0.520541 -0.925000 -0.063829
v -0.265209 -0.925000 -0.063829
v -0.057956 -0.925000 -0.063829
v -0.076798 -0.925000 -0.063829
v 0.149296 -0.925000 -0.063829
v 0.130455 -0.925000 -0.063829
v 0.356548 -0.925000 -0.063829
v 0.337707 -0.925000 -0.063829
v 0.539549 -0.923417 -0.063829
v 0.544959 -0.922036 -0.063829
v 0.118679 0.065342 -0.080000
v 0.161072 0.065341 -0.080000
v 0.325931 0.065341 -0.080000
v 0.368324 0.065341 -0.080000
v 0.122318 0.064793 -0.080000
v 0.157433 0.064793 -0.080000
v 0.329570 0.064793 -0.080000
v 0.364685 0.064793 -0.080000
v 0.533184 0.065341 -0.080000
v 0.125601 0.063200 -0.080000
v 0.154150 0.063200 -0.080000
v 0.332853 0.063200 -0.080000
v 0.361402 0.063200 -0.080000
v 0.128206 0.060720 -0.080000
v 0.151545 0.060720 -0.080000
v 0.335458 0.060720 -0.080000
v 0.358797 0.060720 -0.080000
v 0.540105 0.063200 -0.080000
v 0.536823 0.064793 -0.080000
v 0.129878 0.057594 -0.080000
v 0.149872 0.057594 -0.080000
v 0.337131 0.057594 -0.080000
v 0.357125 0.057594 -0.080000
v 0.130455 0.054129 -0.080000
v 0.149296 0.054129 -0.080000
v 0.337707 0.054129 -0.080000
v 0.356548 0.054129 -0.080000
v 0.544383 0.057594 -0.080000
v 0.544959 0.054129 -0.080000
v 0.542711 0.060720 -0.080000
v -0.253433 0.065342 -0.080000
v -0.088573 0.065342 -0.080000
v -0.046181 0.065342 -0.080000
v -0.049820 0.064793 -0.080000
v -0.084934 0.064793 -0.080000
v -0.053102 0.063200 -0.080000
v -0.081652 0.063200 -0.080000
v -0.260355 0.063200 -0.080000
v -0.257072 0.064793 -0.080000
v -0.079046 0.060720 -0.080000
v -0.055707 0.060720 -0.080000
v -0.077374 0.057594 -0.080000
v -0.057380 0.057594 -0.080000
v -0.264632 0.057594 -0.080000
v -0.076798 0.054129 -0.080000
v -0.057956 0.054129 -0.080000
v -0.265209 0.054129 -0.080000
v -0.262960 0.060720 -0.080000
v -0.520541 -0.925000 -0.063829
v -0.287374 -0.925000 -0.063829
v -0.546440 -0.921659 -0.063829
v -0.539548 -0.923417 -0.063829
v -0.534664 0.065341 -0.080000
v -0.538303 0.064793 -0.080000
v -0.299150 0.065341 -0.080000
v -0.541586 0.063200 -0.080000
v -0.292228 0.063200 -0.080000
v -0.295511 0.064793 -0.080000
v -0.545864 0.057594 -0.080000
v -0.287374 0.054129 -0.080000
v -0.546440 0.054129 -0.080000
v -0.287951 0.057594 -0.080000
v -0.289623 0.060720 -0.080000
v -0.544191 0.060720 -0.080000
v 0.569653 -0.913532 -0.024083
v 0.575271 -0.911037 -0.024083
v 0.590900 -0.900617 -0.024083
v 0.604392 -0.887771 -0.024083
v 0.615335 -0.872890 -0.024083
v 0.623399 -0.856425 -0.024083
v 0.628337 -0.838877 -0.024083
v 0.629211 -0.814041 -0.024083
v 0.629211 -0.814041 -0.080000
v 0.581428 -0.814041 -0.080000
v 0.577789 -0.814590 -0.080000
v 0.574507 -0.816182 -0.080000
v 0.571902 -0.818663 -0.080000
v 0.569653 -0.825253 -0.080000
v 0.570229 -0.821788 -0.080000
v 0.630000 -0.599810 -0.024083
v 0.630000 -0.700719 -0.024083
v 0.630000 -0.700719 -0.080000
v 0.569653 -0.700719 -0.080000
v 0.569653 -0.600931 -0.080000
v 0.630000 -0.573627 -0.080000
v 0.630000 -0.573627 -0.024083
v 0.630000 -0.684627 -0.024083
v 0.577789 -0.573687 -0.080000
v 0.581428 -0.573627 -0.080000
v 0.570229 -0.574479 -0.080000
v 0.569653 -0.574860 -0.080000
v 0.571902 -0.574135 -0.080000
v 0.574507 -0.573862 -0.080000
v 0.569653 -0.684627 -0.080000
v 0.569653 -0.634782 -0.080000
v 0.579276 -0.684627 -0.024083
v 0.569745 -0.684627 -0.024083
v 0.570951 -0.684627 -0.024083
v 0.584572 -0.675772 -0.024083
v 0.571016 -0.683818 -0.024083
v 0.569745 -0.684572 -0.024083
v 0.569653 -0.622081 -0.068148
v -0.176248 0.864912 -0.080000
v -0.176198 0.853736 -0.080000
v 0.176290 0.864912 -0.080000
v 0.176202 0.853736 -0.080000
v -0.265209 -0.925000 -0.064138
v -0.265209 -0.909373 -0.080000
v -0.265209 -0.924608 -0.067667
v -0.265209 -0.923452 -0.071020
v -0.265209 -0.921591 -0.074028
v -0.265209 -0.919116 -0.076539
v -0.265209 -0.916153 -0.078429
v -0.265209 -0.912851 -0.079602
v -0.076798 -0.909373 -0.080000
v -0.076798 -0.925000 -0.064138
v -0.076798 -0.912851 -0.079602
v -0.076798 -0.916153 -0.078429
v -0.076798 -0.919116 -0.076539
v -0.076798 -0.921591 -0.074028
v -0.076798 -0.923452 -0.071020
v -0.076798 -0.924608 -0.067667
v -0.057956 -0.925000 -0.064138
v -0.057956 -0.909373 -0.080000
v -0.057956 -0.924608 -0.067667
v -0.057956 -0.923452 -0.071020
v -0.057956 -0.921591 -0.074028
v -0.057956 -0.919116 -0.076539
v -0.057956 -0.916153 -0.078429
v -0.057956 -0.912851 -0.079602
v 0.130455 -0.909373 -0.080000
v 0.130455 -0.925000 -0.064138
v 0.130455 -0.912851 -0.079602
v 0.130455 -0.916153 -0.078429
v 0.130455 -0.919116 -0.076539
v 0.130455 -0.921591 -0.074028
v 0.130455 -0.923452 -0.071020
v 0.130455 -0.924608 -0.067667
v 0.149296 -0.925000 -0.064138
v 0.149296 -0.909373 -0.080000
v 0.149296 -0.924608 -0.067667
v 0.149296 -0.923452 -0.071020
v 0.149296 -0.921591 -0.074028
v 0.149296 -0.919116 -0.076539
v 0.149296 -0.916153 -0.078429
v 0.149296 -0.912851 -0.079602
v 0.337707 -0.909373 -0.080000
v 0.337707 -0.925000 -0.064138
v 0.337707 -0.912851 -0.079602
v 0.337707 -0.916153 -0.078429
v 0.337707 -0.919116 -0.076539
v 0.337707 -0.921591 -0.074028
v 0.337707 -0.923452 -0.071020
v 0.337707 -0.924608 -0.067667
v 0.356548 -0.925000 -0.064138
v 0.356548 -0.909373 -0.080000
v 0.356548 -0.924608 -0.067667
v 0.356548 -0.923452 -0.071020
v 0.356548 -0.921591 -0.074028
v 0.356548 -0.919116 -0.076539
v 0.356548 -0.916153 -0.078429
v 0.356548 -0.912851 -0.079602
v -0.287374 -0.909373 -0.080000
v -0.287374 -0.925000 -0.064138
v -0.287374 -0.912851 -0.079602
v -0.287374 -0.916153 -0.078429
v -0.287374 -0.919116 -0.076539
v -0.287374 -0.921591 -0.074028
v -0.287374 -0.923452 -0.071020
v -0.287374 -0.924608 -0.067667
v -0.557978 -0.918715 -0.067150
v -0.568653 -0.913975 -0.079022
v -0.563043 -0.916466 -0.076236
v -0.559295 -0.918130 -0.072068
v -0.546440 -0.921659 -0.067150
v -0.546440 -0.908553 -0.080000
v -0.546440 -0.920661 -0.072068
v -0.546440 -0.917820 -0.076236
v -0.546440 -0.913568 -0.079022
v 0.552761 -0.905066 -0.080000
v 0.557978 -0.918715 -0.065312
v 0.553922 -0.908103 -0.079632
v 0.555025 -0.910988 -0.078545
v 0.556014 -0.913576 -0.076796
v 0.556840 -0.915737 -0.074470
v 0.557462 -0.917363 -0.071685
v 0.557847 -0.918373 -0.068581
v 0.544959 -0.907057 -0.080000
v 0.544959 -0.922036 -0.065312
v 0.544959 -0.910390 -0.079632
v 0.544959 -0.913556 -0.078545
v 0.544959 -0.916396 -0.076796
v 0.544959 -0.918768 -0.074470
v 0.544959 -0.920553 -0.071685
v 0.544959 -0.921661 -0.068581
v 0.569653 -0.913532 -0.065312
v 0.569653 -0.897566 -0.080000
v 0.569653 -0.913131 -0.068581
v 0.569653 -0.911950 -0.071685
v 0.569653 -0.910048 -0.074470
v 0.569653 -0.907520 -0.076796
v 0.569653 -0.904493 -0.078545
v 0.569653 -0.901119 -0.079632
v -0.630000 -0.820780 -0.064012
v -0.630000 0.820780 -0.064012
v -0.628337 0.838877 -0.064012
v -0.623399 0.856425 -0.064012
v -0.615335 0.872890 -0.064012
v -0.611067 0.878694 -0.080000
v -0.611067 0.878694 -0.064012
v -0.628337 -0.838877 -0.064012
v -0.623399 -0.856425 -0.064012
v -0.615335 -0.872890 -0.064012
v -0.611067 -0.878694 -0.080000
v -0.611067 -0.878694 -0.064012
v -0.164977 0.749799 -0.080000
v -0.170630 0.743008 -0.080000
v -0.168045 0.746683 -0.080000
v -0.187237 0.737995 -0.080000
v -0.172614 0.738742 -0.080000
v -0.173880 0.733851 -0.080000
v -0.184799 0.730398 -0.080000
v -0.185729 0.734229 -0.080000
v -0.184481 0.726565 -0.080000
v -0.185872 0.717057 -0.080000
v -0.184849 0.721543 -0.080000
v -0.189409 0.709596 -0.080000
v -0.174312 0.695144 -0.080000
v -0.187432 0.713082 -0.080000
v -0.161542 0.752391 -0.080000
v 0.045176 0.777258 -0.080000
v 0.076449 0.777258 -0.080000
v 0.045176 0.764927 -0.080000
v 0.028388 0.764927 -0.080000
v 0.076449 0.764927 -0.080000
v 0.093332 0.764927 -0.080000
v -0.033978 0.759494 -0.080000
v -0.027731 0.759812 -0.080000
v -0.021487 0.759501 -0.080000
v -0.146473 0.758184 -0.080000
v -0.142958 0.758657 -0.080000
v -0.139778 0.758807 -0.080000
v -0.134570 0.758480 -0.080000
v -0.129708 0.757556 -0.080000
v -0.039969 0.758568 -0.080000
v -0.015501 0.758595 -0.080000
v 0.131341 0.758184 -0.080000
v 0.134856 0.758657 -0.080000
v 0.138036 0.758807 -0.080000
v 0.143244 0.758480 -0.080000
v -0.125220 0.756124 -0.080000
v -0.114260 0.756067 -0.080000
v -0.083179 0.756067 -0.080000
v -0.045651 0.757076 -0.080000
v -0.028019 0.752322 -0.080000
v -0.029241 0.752267 -0.080000
v -0.121132 0.754274 -0.080000
v -0.055865 0.752569 -0.080000
v -0.050968 0.755062 -0.080000
v -0.157857 0.754491 -0.080000
v -0.154039 0.756135 -0.080000
v -0.150205 0.757354 -0.080000
v -0.026795 0.752267 -0.080000
v -0.009827 0.757133 -0.080000
v -0.004520 0.755157 -0.080000
v 0.000366 0.752707 -0.080000
v 0.028388 0.755884 -0.080000
v 0.045176 0.755884 -0.080000
v 0.076449 0.755884 -0.080000
v 0.093332 0.755884 -0.080000
v 0.116272 0.752391 -0.080000
v 0.119956 0.754491 -0.080000
v 0.123774 0.756135 -0.080000
v 0.127608 0.757354 -0.080000
v 0.148105 0.757556 -0.080000
v -0.024038 0.751763 -0.080000
v -0.031985 0.751763 -0.080000
v -0.025454 0.752088 -0.080000
v -0.021153 0.750589 -0.080000
v -0.034849 0.750589 -0.080000
v -0.033423 0.751270 -0.080000
v -0.022590 0.751270 -0.080000
v -0.129033 0.746385 -0.080000
v -0.038635 0.747194 -0.080000
v -0.037497 0.748572 -0.080000
v -0.018481 0.748572 -0.080000
v -0.036221 0.749696 -0.080000
v -0.019769 0.749696 -0.080000
v -0.133057 0.745921 -0.080000
v 0.144757 0.745921 -0.080000
v -0.123108 0.745375 -0.080000
v -0.134869 0.745375 -0.080000
v -0.124968 0.745921 -0.080000
v 0.142945 0.745375 -0.080000
v -0.138042 0.743769 -0.080000
v -0.119809 0.743769 -0.080000
v 0.139772 0.743769 -0.080000
v -0.136534 0.744650 -0.080000
v -0.121384 0.744650 -0.080000
v -0.040330 0.743590 -0.080000
v -0.016364 0.745540 -0.080000
v 0.141280 0.744650 -0.080000
v -0.131108 0.746265 -0.080000
v -0.126947 0.746265 -0.080000
v -0.117469 0.752094 -0.080000
v -0.114260 0.749673 -0.080000
v -0.118397 0.742755 -0.080000
v -0.039594 0.745540 -0.080000
v -0.017332 0.747194 -0.080000
v 0.109768 0.746683 -0.080000
v -0.139382 0.742755 -0.080000
v -0.067489 0.742640 -0.080000
v -0.064181 0.746315 -0.080000
v -0.060288 0.749639 -0.080000
v -0.030577 0.752088 -0.080000
v -0.015619 0.743590 -0.080000
v 0.004777 0.749822 -0.080000
v 0.008658 0.746543 -0.080000
v 0.011955 0.742911 -0.080000
v 0.107184 0.743008 -0.080000
v 0.112837 0.749799 -0.080000
v 0.138432 0.742755 -0.080000
v -0.140544 0.741630 -0.080000
v -0.116122 0.740418 -0.080000
v 0.136295 0.740418 -0.080000
v -0.141518 0.740418 -0.080000
v -0.117163 0.741630 -0.080000
v 0.137269 0.741630 -0.080000
v -0.142861 0.737822 -0.080000
v -0.114673 0.737822 -0.080000
v 0.134952 0.737822 -0.080000
v -0.142294 0.739141 -0.080000
v -0.143209 0.736484 -0.080000
v -0.115287 0.739141 -0.080000
v 0.135519 0.739141 -0.080000
v 0.134605 0.736484 -0.080000
v -0.073357 0.729937 -0.080000
v -0.083219 0.730263 -0.080000
v -0.073778 0.725286 -0.080000
v -0.014973 0.725286 -0.080000
v 0.018219 0.725651 -0.080000
v -0.114164 0.735151 -0.080000
v -0.072132 0.734408 -0.080000
v -0.041066 0.734785 -0.080000
v -0.014973 0.734785 -0.080000
v 0.017801 0.730295 -0.080000
v 0.103933 0.733851 -0.080000
v -0.040881 0.716390 -0.080000
v -0.040874 0.716426 -0.080000
v 0.016581 0.716556 -0.080000
v -0.040803 0.710164 -0.080000
v -0.015141 0.710164 -0.080000
v 0.014614 0.712337 -0.080000
v -0.072051 0.716426 -0.080000
v -0.070433 0.712923 -0.080000
v -0.068335 0.709600 -0.080000
v 0.017801 0.721007 -0.080000
v -0.114294 0.736484 -0.080000
v -0.070158 0.738657 -0.080000
v -0.040985 0.736763 -0.080000
v -0.040803 0.741321 -0.080000
v -0.015141 0.741321 -0.080000
v 0.014614 0.738965 -0.080000
v 0.016581 0.734747 -0.080000
v 0.105200 0.738742 -0.080000
v -0.040330 0.707895 -0.080000
v -0.015619 0.707895 -0.080000
v -0.038635 0.704292 -0.080000
v -0.017332 0.704292 -0.080000
v -0.039594 0.705945 -0.080000
v -0.016364 0.705945 -0.080000
v -0.036221 0.701789 -0.080000
v -0.019769 0.701789 -0.080000
v -0.031985 0.699722 -0.080000
v -0.033423 0.700215 -0.080000
v -0.022590 0.700215 -0.080000
v -0.034849 0.700897 -0.080000
v -0.021153 0.700897 -0.080000
v -0.037497 0.702913 -0.080000
v -0.018481 0.702913 -0.080000
v -0.028019 0.699163 -0.080000
v -0.026795 0.699218 -0.080000
v -0.029241 0.699218 -0.080000
v -0.025454 0.699397 -0.080000
v -0.047386 0.694769 -0.080000
v -0.083275 0.695144 -0.080000
v -0.009827 0.694169 -0.080000
v 0.045176 0.695144 -0.080000
v -0.027731 0.691491 -0.080000
v -0.032932 0.691707 -0.080000
v -0.021487 0.691802 -0.080000
v -0.037962 0.692342 -0.080000
v -0.042791 0.693370 -0.080000
v -0.015501 0.692708 -0.080000
v 0.076449 0.695144 -0.080000
v 0.103501 0.695144 -0.080000
v -0.143327 0.695144 -0.080000
v -0.114260 0.695144 -0.080000
v -0.055755 0.698581 -0.080000
v -0.051718 0.696513 -0.080000
v -0.030577 0.699397 -0.080000
v -0.004520 0.696145 -0.080000
v 0.000366 0.698596 -0.080000
v -0.065787 0.706480 -0.080000
v -0.062820 0.703588 -0.080000
v -0.059466 0.700947 -0.080000
v -0.024038 0.699722 -0.080000
v 0.004777 0.701481 -0.080000
v 0.008658 0.704759 -0.080000
v 0.011955 0.708392 -0.080000
v 0.152593 0.756124 -0.080000
v 0.163553 0.756067 -0.080000
v 0.160344 0.752094 -0.080000
v 0.156682 0.754274 -0.080000
v 0.148780 0.746385 -0.080000
v 0.154705 0.745375 -0.080000
v 0.152846 0.745921 -0.080000
v 0.146705 0.746265 -0.080000
v 0.150866 0.746265 -0.080000
v 0.163553 0.749673 -0.080000
v 0.159416 0.742755 -0.080000
v 0.158005 0.743769 -0.080000
v 0.162526 0.739141 -0.080000
v 0.161691 0.740418 -0.080000
v 0.160650 0.741630 -0.080000
v 0.163520 0.736484 -0.080000
v 0.134486 0.695144 -0.080000
v 0.163553 0.695144 -0.080000
v 0.163649 0.735151 -0.080000
v 0.163141 0.737822 -0.080000
v 0.156429 0.744650 -0.080000
v 0.194634 0.756067 -0.080000
v 0.176718 0.756067 -0.080000
v 0.194539 0.695144 -0.080000
v -0.272832 0.786666 -0.080000
v -0.241847 0.786666 -0.080000
v -0.340806 0.758960 -0.080000
v -0.334862 0.759866 -0.080000
v -0.328664 0.760177 -0.080000
v -0.322465 0.759866 -0.080000
v -0.316521 0.758960 -0.080000
v -0.351715 0.755522 -0.080000
v -0.346442 0.757499 -0.080000
v -0.310885 0.757499 -0.080000
v -0.234320 0.756223 -0.080000
v -0.230936 0.757270 -0.080000
v -0.227251 0.758048 -0.080000
v -0.221030 0.758533 -0.080000
v -0.328472 0.752596 -0.080000
v -0.330033 0.752513 -0.080000
v -0.326911 0.752512 -0.080000
v -0.333096 0.751831 -0.080000
v -0.323848 0.751818 -0.080000
v -0.334551 0.751219 -0.080000
v -0.322393 0.751199 -0.080000
v -0.331582 0.752261 -0.080000
v -0.325362 0.752254 -0.080000
v -0.360956 0.750187 -0.080000
v -0.356571 0.753072 -0.080000
v -0.335923 0.750418 -0.080000
v -0.321020 0.750391 -0.080000
v -0.305612 0.755522 -0.080000
v -0.300756 0.753072 -0.080000
v -0.241847 0.752962 -0.080000
v -0.337189 0.749422 -0.080000
v -0.231121 0.748523 -0.080000
v -0.229856 0.748577 -0.080000
v -0.319754 0.749388 -0.080000
v -0.235168 0.747593 -0.080000
v -0.224455 0.747613 -0.080000
v -0.233810 0.748046 -0.080000
v -0.225833 0.748059 -0.080000
v -0.338326 0.748224 -0.080000
v -0.318618 0.748185 -0.080000
v -0.232450 0.748352 -0.080000
v -0.227214 0.748358 -0.080000
v -0.237746 0.746180 -0.080000
v -0.239925 0.743990 -0.080000
v -0.341099 0.741288 -0.080000
v -0.315845 0.741269 -0.080000
v -0.289233 0.743276 -0.080000
v -0.340719 0.743357 -0.080000
v -0.316225 0.743325 -0.080000
v -0.240783 0.742566 -0.080000
v -0.364815 0.746909 -0.080000
v -0.340114 0.745198 -0.080000
v -0.316830 0.745159 -0.080000
v -0.292512 0.746909 -0.080000
v -0.238902 0.745190 -0.080000
v -0.339308 0.746818 -0.080000
v -0.317635 0.746778 -0.080000
v -0.296371 0.750187 -0.080000
v -0.236490 0.746976 -0.080000
v -0.368094 0.743276 -0.080000
v -0.272832 0.733909 -0.080000
v -0.372696 0.735112 -0.080000
v -0.284631 0.735112 -0.080000
v -0.283418 0.730661 -0.080000
v -0.370739 0.739331 -0.080000
v -0.286588 0.739331 -0.080000
v -0.241443 0.740902 -0.080000
v -0.241872 0.738984 -0.080000
v -0.283001 0.726017 -0.080000
v -0.373910 0.721373 -0.080000
v -0.374326 0.726017 -0.080000
v -0.283418 0.721373 -0.080000
v -0.373910 0.730661 -0.080000
v -0.315751 0.710834 -0.080000
v -0.341099 0.710834 -0.080000
v -0.370739 0.712703 -0.080000
v -0.241565 0.710910 -0.080000
v -0.241987 0.712846 -0.080000
v -0.339308 0.705283 -0.080000
v -0.340114 0.706913 -0.080000
v -0.316749 0.706913 -0.080000
v -0.368094 0.708757 -0.080000
v -0.364815 0.705125 -0.080000
v -0.340719 0.708761 -0.080000
v -0.316136 0.708761 -0.080000
v -0.292512 0.705125 -0.080000
v -0.372696 0.716921 -0.080000
v -0.289233 0.708757 -0.080000
v -0.286588 0.712703 -0.080000
v -0.284631 0.716921 -0.080000
v -0.318558 0.703866 -0.080000
v -0.337189 0.702657 -0.080000
v -0.319706 0.702657 -0.080000
v -0.334551 0.700838 -0.080000
v -0.322368 0.700838 -0.080000
v -0.331582 0.699780 -0.080000
v -0.333096 0.700216 -0.080000
v -0.323833 0.700216 -0.080000
v -0.335923 0.701649 -0.080000
v -0.320984 0.701649 -0.080000
v -0.328472 0.699437 -0.080000
v -0.326909 0.699522 -0.080000
v -0.305612 0.696511 -0.080000
v -0.272832 0.695144 -0.080000
v -0.300756 0.698961 -0.080000
v -0.328664 0.691856 -0.080000
v -0.334862 0.692167 -0.080000
v -0.322465 0.692167 -0.080000
v -0.346442 0.694535 -0.080000
v -0.340806 0.693073 -0.080000
v -0.356571 0.698961 -0.080000
v -0.351715 0.696511 -0.080000
v -0.330033 0.699522 -0.080000
v -0.310885 0.694535 -0.080000
v -0.316521 0.693073 -0.080000
v -0.360956 0.701846 -0.080000
v -0.338326 0.703866 -0.080000
v -0.325355 0.699780 -0.080000
v -0.296371 0.701846 -0.080000
v -0.317564 0.705283 -0.080000
v -0.215898 0.758196 -0.080000
v -0.211028 0.757225 -0.080000
v -0.206456 0.755683 -0.080000
v -0.202217 0.753635 -0.080000
v -0.198346 0.751142 -0.080000
v -0.220680 0.745228 -0.080000
v -0.221846 0.746214 -0.080000
v -0.223115 0.747003 -0.080000
v -0.194877 0.748269 -0.080000
v -0.218140 0.740934 -0.080000
v -0.218794 0.742605 -0.080000
v -0.217723 0.712846 -0.080000
v -0.240904 0.709232 -0.080000
v -0.218794 0.709232 -0.080000
v -0.240039 0.707796 -0.080000
v -0.219652 0.707796 -0.080000
v -0.218140 0.710910 -0.080000
v -0.217723 0.739003 -0.080000
v -0.219652 0.744031 -0.080000
v -0.237830 0.705591 -0.080000
v -0.221846 0.705591 -0.080000
v -0.236556 0.704790 -0.080000
v -0.223115 0.704790 -0.080000
v -0.233838 0.703714 -0.080000
v -0.225833 0.703714 -0.080000
v -0.232464 0.703408 -0.080000
v -0.227214 0.703408 -0.080000
v -0.235214 0.704170 -0.080000
v -0.224455 0.704170 -0.080000
v -0.229856 0.703182 -0.080000
v -0.241847 0.698706 -0.080000
v -0.221318 0.693409 -0.080000
v -0.228133 0.693970 -0.080000
v -0.215864 0.693744 -0.080000
v -0.241847 0.695144 -0.080000
v -0.210688 0.694748 -0.080000
v -0.235032 0.695709 -0.080000
v -0.207038 0.695941 -0.080000
v -0.203323 0.697596 -0.080000
v -0.231125 0.703236 -0.080000
v -0.228566 0.703236 -0.080000
v -0.239002 0.706588 -0.080000
v -0.220680 0.706588 -0.080000
v -0.191846 0.745078 -0.080000
v -0.189288 0.741632 -0.080000
v -0.194134 0.703993 -0.080000
v -0.199091 0.700056 -0.080000
v -0.196643 0.701828 -0.080000
v -0.191683 0.706574 -0.080000
v 0.211806 0.695144 -0.080000
v 0.211806 0.786666 -0.080000
v 0.243079 0.786666 -0.080000
v 0.260922 0.786666 -0.080000
v 0.292963 0.786666 -0.080000
v 0.337954 0.786666 -0.080000
v 0.211806 0.768033 -0.080000
v 0.211806 0.755976 -0.080000
v 0.243079 0.768033 -0.080000
v 0.338050 0.758990 -0.080000
v 0.370091 0.786666 -0.080000
v 0.242983 0.755976 -0.080000
v 0.292963 0.722820 -0.080000
v 0.370091 0.695144 -0.080000
v 0.338050 0.695144 -0.080000
v 0.292963 0.695144 -0.080000
v 0.242983 0.695144 -0.080000
v 0.260922 0.695144 -0.080000
vn -1.0000 -0.0000 -0.0000
vn 1.0000 -0.0000 -0.0000
vn -0.0830 -0.9965 -0.0000
vn -0.0000 1.0000 -0.0000
vn -0.9958 0.0915 -0.0000
vn -0.9626 0.2709 -0.0000
vn -0.8981 0.4398 -0.0000
vn -0.8056 0.5924 -0.0000
vn -0.8056 0.5925 -0.0000
vn -0.6896 0.7242 -0.0000
vn -0.5547 0.8320 -0.0000
vn -0.4058 0.9140 -0.0000
vn -0.2472 0.9690 -0.0000
vn -0.0830 0.9965 -0.0000
vn 0.9958 0.0915 -0.0000
vn 0.9626 0.2709 -0.0000
vn 0.8981 0.4398 -0.0000
vn 0.8056 0.5925 -0.0000
vn 0.8056 0.5924 -0.0000
vn 0.6896 0.7242 -0.0000
vn 0.5547 0.8320 -0.0000
vn 0.4058 0.9140 -0.0000
vn 0.2472 0.9690 -0.0000
vn 0.0830 0.9965 -0.0000
vn 0.0830 -0.9965 -0.0000
vn 0.4058 -0.9140 -0.0000
vn -1.0000 -0.0001 -0.0000
vn 0.5547 -0.8320 -0.0000
vn 0.6896 -0.7242 -0.0000
vn 0.8056 -0.5925 -0.0000
vn 0.8056 -0.5924 -0.0000
vn 0.8981 -0.4398 -0.0000
vn 0.9626 -0.2709 -0.0000
vn 0.9994 -0.0352 -0.0000
vn 0.9468 -0.3111 -0.0824
vn -0.9958 -0.0915 -0.0000
vn -0.9626 -0.2709 -0.0000
vn -0.8981 -0.4398 -0.0000
vn -0.8056 -0.5924 -0.0000
vn -0.8056 -0.5925 -0.0000
vn -0.6896 -0.7242 -0.0000
vn -0.5547 -0.8320 -0.0000
vn -0.2472 -0.9690 -0.0000
vn -0.0000 -0.0000 -1.0000
vn -0.0000 -1.0000 -0.0000
vn -0.0000 -0.0000 1.0000
vn 0.2472 -0.9690 -0.0000
vn 0.9958 -0.0915 -0.0000
vn -0.4058 -0.9140 -0.0000
vn -1.0000 0.0079 -0.0000
vn 1.0000 0.0045 -0.0000
vn -1.0000 0.0001 -0.0000
vn 1.0000 0.0001 -0.0000
vn 0.9864 -0.1641 -0.0000
vn 0.8817 -0.4718 -0.0000
vn 0.4365 -0.8997 -0.0000
vn 0.1491 -0.9888 -0.0000
vn -0.9864 -0.1641 -0.0000
vn -0.8817 -0.4718 -0.0000
vn -0.4365 -0.8997 -0.0000
vn -0.1491 -0.9888 -0.0000
vn 0.1240 -0.0000 0.9923
vn 0.5515 -0.8342 -0.0000
vn 0.5516 -0.8341 -0.0000
vn 0.2014 -0.9795 -0.0000
vn 0.1042 -0.9946 -0.0000
vn 0.0533 -0.9986 -0.0000
vn 0.0166 -0.9999 -0.0000
vn -0.0000 -0.1136 -0.9935
vn -0.0000 -0.3347 -0.9423
vn -0.0000 -0.5377 -0.8431
vn -0.0000 -0.5378 -0.8431
vn -0.0000 -0.7124 -0.7018
vn -0.0000 -0.8503 -0.5263
vn -0.0000 -0.9454 -0.3259
vn -0.0000 -0.9939 -0.1103
vn -0.0000 -0.9939 -0.1104
vn -0.0000 -0.8503 -0.5264
vn 0.0165 -0.1914 -0.9814
vn 0.0056 -0.3045 -0.9525
vn 0.0100 -0.5480 -0.8364
vn -0.0657 -0.8060 -0.5883
vn -0.0672 -0.8245 -0.5619
vn -0.1887 -0.9586 -0.2130
vn -0.1894 -0.9623 -0.1952
vn -0.2469 -0.9678 -0.0489
vn 0.2457 -0.9630 -0.1107
vn 0.2336 -0.9158 -0.3268
vn 0.2100 -0.8232 -0.5275
vn 0.1758 -0.6892 -0.7029
vn 0.1326 -0.5199 -0.8439
vn 0.0825 -0.3234 -0.9427
vn 0.0280 -0.1098 -0.9936
vn 0.0457 -0.1030 -0.9936
vn 0.1348 -0.3036 -0.9432
vn 0.2169 -0.4886 -0.8451
vn 0.2169 -0.4885 -0.8451
vn 0.2879 -0.6484 -0.7048
vn 0.3442 -0.7753 -0.5295
vn 0.3833 -0.8633 -0.3283
vn 0.3833 -0.8633 -0.3284
vn 0.4033 -0.9083 -0.1112
vn -0.0004 -0.0000 -1.0000
vn 0.0001 -0.0000 -1.0000
vn -0.0002 -0.0000 -1.0000
vn -0.2323 -0.0000 -0.9727
vn -0.0001 -0.0000 -1.0000
s 0
usemtl suite_shell
f 1461//347 1102//347 1054//347
f 1461//347 1054//347 1462//347
f 1370//348 1371//348 1365//348
f 1365//348 1304//348 1077//348
f 1077//348 1249//348 1364//348
f 1364//348 1366//348 1367//348
f 1367//348 1368//348 1369//348
f 1369//348 1370//348 1365//348
f 1365//348 1077//348 1364//348
f 1364//348 1367//348 1369//348
f 1365//348 1364//348 1369//348
f 993//349 979//349 1131//349
f 993//349 1131//349 1130//349
f 1156//350 1157//350 1085//350
f 1156//350 1085//350 956//350
f 1343//348 1342//348 957//348
f 957//348 1071//348 1098//348
f 1098//348 1015//348 1339//348
f 1098//348 1339//348 1338//348
f 1343//348 957//348 1098//348
f 1337//348 1343//348 1098//348
f 1098//348 1338//348 1344//348
f 1098//348 1344//348 1337//348
f 1462//351 1054//351 1055//351
f 1462//351 1055//351 1463//351
f 1463//352 1055//352 1056//352
f 1463//352 1056//352 1464//352
f 1464//353 1056//353 1059//353
f 1464//353 1059//353 1465//353
f 1467//354 1465//354 1059//354
f 1059//354 1061//354 931//354
f 931//354 1466//354 1467//354
f 1467//355 1059//355 931//355
f 931//356 1061//356 1063//356
f 931//356 1063//356 932//356
f 932//357 1063//357 1065//357
f 932//357 1065//357 933//357
f 933//358 1065//358 1067//358
f 933//358 1067//358 935//358
f 935//359 1067//359 1068//359
f 935//359 1068//359 936//359
f 936//360 1068//360 1069//360
f 936//360 1069//360 928//360
f 1071//361 957//361 977//361
f 1071//361 977//361 1070//361
f 1070//362 977//362 976//362
f 1070//362 976//362 1072//362
f 1072//363 976//363 974//363
f 1072//363 974//363 1073//363
f 1073//364 974//364 972//364
f 1073//365 972//365 1075//365
f 1075//366 972//366 970//366
f 1075//366 970//366 1076//366
f 1076//367 970//367 969//367
f 1076//367 969//367 1079//367
f 1079//368 969//368 962//368
f 1079//368 962//368 1081//368
f 1081//369 962//369 958//369
f 1081//369 958//369 1083//369
f 1083//370 958//370 956//370
f 1083//370 956//370 1085//370
f 1256//371 1086//371 1087//371
f 1256//371 1087//371 1248//371
f 1322//372 1323//372 1089//372
f 1089//372 1088//372 1438//372
f 1438//372 1453//372 1322//372
f 1322//372 1089//372 1438//372
f 1451//373 1452//373 1446//373
f 1446//347 1257//347 983//347
f 983//347 1286//347 1445//347
f 1445//347 1447//347 1448//347
f 1448//347 1449//347 1450//347
f 1450//373 1451//373 1446//373
f 1446//347 983//347 1445//347
f 1445//347 1448//347 1450//347
f 1446//347 1445//347 1450//347
f 1324//374 1090//374 1089//374
f 1324//374 1089//374 1323//374
f 1325//375 1091//375 1090//375
f 1325//375 1090//375 1324//375
f 1326//376 1092//376 1091//376
f 1326//377 1091//377 1325//377
f 1327//378 1094//378 1092//378
f 1327//378 1092//378 1326//378
f 1328//379 1096//379 1094//379
f 1328//379 1094//379 1327//379
f 1329//380 1330//380 1015//380
f 1015//381 1098//381 1096//381
f 1096//380 1328//380 1329//380
f 1329//380 1015//380 1096//380
f 1468//382 1100//382 1102//382
f 1468//382 1102//382 1461//382
f 1469//383 1104//383 1100//383
f 1469//383 1100//383 1468//383
f 1470//384 1105//384 1104//384
f 1470//384 1104//384 1469//384
f 1472//385 1471//385 996//385
f 996//385 1106//385 1105//385
f 1105//385 1470//385 1472//385
f 1472//386 996//386 1105//386
f 1106//387 996//387 995//387
f 1106//387 995//387 1107//387
f 1107//388 995//388 994//388
f 1107//388 994//388 1108//388
f 1308//389 1309//389 1110//389
f 1110//389 1109//389 1428//389
f 1428//389 1432//389 1308//389
f 1308//389 1110//389 1428//389
f 1435//348 1436//348 1433//348
f 1433//348 1318//348 939//348
f 939//348 1308//348 1432//348
f 1432//348 1434//348 1435//348
f 1435//348 1433//348 939//348
f 939//348 1432//348 1435//348
f 1306//349 1111//349 1110//349
f 1306//349 1110//349 1309//349
f 1152//390 1156//390 1362//390
f 1152//390 1362//390 1360//390
f 1255//391 1405//391 1412//391
f 1254//391 1248//391 1087//391
f 1255//391 1412//391 1254//391
f 1389//391 1396//391 1252//391
f 1255//391 1254//391 1087//391
f 1253//391 1389//391 1252//391
f 1252//391 1255//391 1087//391
f 1087//391 1111//391 1306//391
f 1307//391 1421//391 1364//391
f 1087//391 1306//391 1307//391
f 1253//391 1252//391 1087//391
f 1373//391 1380//391 1250//391
f 1250//391 1253//391 1087//391
f 1307//391 1364//391 1249//391
f 1251//391 1373//391 1250//391
f 1087//391 1307//391 1249//391
f 1251//391 1250//391 1087//391
f 1087//391 1249//391 1251//391
f 1216//392 1202//392 1055//392
f 1216//392 1055//392 1054//392
f 1202//392 1203//392 1056//392
f 1202//392 1056//392 1055//392
f 1203//392 1204//392 1059//392
f 1203//392 1059//392 1056//392
f 1204//392 1205//392 1061//392
f 1204//392 1061//392 1059//392
f 1205//392 1206//392 1063//392
f 1205//392 1063//392 1061//392
f 1206//392 1207//392 1065//392
f 1206//392 1065//392 1063//392
f 1207//392 1208//392 1067//392
f 1207//392 1067//392 1065//392
f 1208//392 1209//392 1068//392
f 1208//392 1068//392 1067//392
f 1209//392 1210//392 1069//392
f 1209//392 1069//392 1068//392
f 1217//392 1211//392 1071//392
f 1217//392 1071//392 1070//392
f 1218//392 1217//392 1070//392
f 1218//392 1070//392 1072//392
f 1219//392 1218//392 1072//392
f 1219//392 1072//392 1073//392
f 1220//392 1219//392 1073//392
f 1220//392 1073//392 1075//392
f 1221//392 1220//392 1075//392
f 1221//392 1075//392 1076//392
f 1222//392 1221//392 1076//392
f 1222//392 1076//392 1079//392
f 1223//392 1222//392 1079//392
f 1223//392 1079//392 1081//392
f 1224//392 1223//392 1081//392
f 1224//392 1081//392 1083//392
f 1225//392 1224//392 1083//392
f 1225//392 1083//392 1085//392
f 1226//392 1212//392 1087//392
f 1226//392 1087//392 1086//392
f 1227//392 1226//392 1086//392
f 1227//392 1086//392 1088//392
f 1228//392 1227//392 1088//392
f 1228//392 1088//392 1089//392
f 1229//392 1228//392 1089//392
f 1229//392 1089//392 1090//392
f 1230//392 1229//392 1090//392
f 1230//392 1090//392 1091//392
f 1231//392 1230//392 1091//392
f 1231//392 1091//392 1092//392
f 1232//392 1231//392 1092//392
f 1232//392 1092//392 1094//392
f 1233//392 1232//392 1094//392
f 1233//392 1094//392 1096//392
f 1234//392 1233//392 1096//392
f 1234//392 1096//392 1098//392
f 1235//392 1213//392 1102//392
f 1235//392 1102//392 1100//392
f 1236//392 1235//392 1100//392
f 1236//392 1100//392 1104//392
f 1237//392 1236//392 1104//392
f 1237//392 1104//392 1105//392
f 1238//392 1237//392 1105//392
f 1238//392 1105//392 1106//392
f 1239//392 1238//392 1106//392
f 1239//392 1106//392 1107//392
f 1240//392 1239//392 1107//392
f 1240//392 1107//392 1108//392
f 1241//392 1240//392 1108//392
f 1241//392 1108//392 1109//392
f 1242//392 1241//392 1109//392
f 1242//392 1109//392 1110//392
f 1243//392 1242//392 1110//392
f 1243//392 1110//392 1111//392
f 1215//392 1225//392 1085//392
f 1215//392 1085//392 1157//392
f 1213//392 1216//392 1054//392
f 1213//392 1054//392 1102//392
f 1212//392 1243//392 1111//392
f 1212//392 1111//392 1087//392
f 1211//392 1234//392 1098//392
f 1211//392 1098//392 1071//392
f 951//375 952//375 1116//375
f 951//375 1116//375 1117//375
f 1008//366 1009//366 1147//366
f 1008//366 1147//366 1146//366
f 1039//360 1043//360 1132//360
f 1039//360 1132//360 1133//360
f 948//374 951//374 1117//374
f 948//374 1117//374 1118//374
f 1009//367 1010//367 1148//367
f 1009//367 1148//367 1147//367
f 1043//359 1045//359 1134//359
f 1043//359 1134//359 1132//359
f 946//372 948//372 1118//372
f 946//372 1118//372 1119//372
f 1010//368 1012//368 1149//368
f 1010//368 1149//368 1148//368
f 1045//358 1046//358 1135//358
f 1045//358 1135//358 1134//358
f 943//393 946//393 1119//393
f 943//393 1119//393 1120//393
f 1012//369 1013//369 1150//369
f 1012//369 1150//369 1149//369
f 1046//357 1048//357 1136//357
f 1046//357 1136//357 1135//357
f 937//371 943//371 1120//371
f 937//371 1120//371 1121//371
f 1013//370 1003//370 1151//370
f 1013//370 1151//370 1150//370
f 1048//356 1050//356 1137//356
f 1048//356 1137//356 1136//356
f 978//382 980//382 1122//382
f 978//382 1122//382 1123//382
f 1154//391 937//391 1121//391
f 1154//391 1121//391 1155//391
f 1050//355 1051//355 1138//355
f 1050//354 1138//354 1137//354
f 980//383 981//383 1124//383
f 980//383 1124//383 1122//383
f 940//348 1001//348 1143//348
f 940//348 1143//348 1112//348
f 1051//353 1052//353 1139//353
f 1051//353 1139//353 1138//353
f 981//384 982//384 1125//384
f 981//384 1125//384 1124//384
f 1003//350 1039//350 1133//350
f 1003//350 1133//350 1151//350
f 1052//352 1053//352 1140//352
f 1052//352 1140//352 1139//352
f 982//385 984//385 1126//385
f 982//386 1126//386 1125//386
f 1041//347 978//347 1123//347
f 1041//347 1123//347 1141//347
f 1053//351 1041//351 1141//351
f 1053//351 1141//351 1140//351
f 984//387 987//387 1127//387
f 984//387 1127//387 1126//387
f 955//394 940//394 1112//394
f 955//394 1112//394 1113//394
f 1001//361 1005//361 1142//361
f 1001//361 1142//361 1143//361
f 987//388 989//388 1128//388
f 987//388 1128//388 1127//388
f 954//379 955//379 1113//379
f 954//379 1113//379 1114//379
f 1005//362 1006//362 1144//362
f 1005//362 1144//362 1142//362
f 989//395 991//395 1129//395
f 989//395 1129//395 1128//395
f 953//378 954//378 1114//378
f 953//378 1114//378 1115//378
f 1006//363 1007//363 1145//363
f 1006//363 1145//363 1144//363
f 991//389 993//389 1130//389
f 991//389 1130//389 1129//389
f 952//377 953//377 1115//377
f 952//377 1115//377 1116//377
f 1007//365 1008//365 1146//365
f 1007//365 1146//365 1145//365
f 1158//391 1154//391 1155//391
f 1158//391 1155//391 1159//391
f 1210//392 1214//392 1153//392
f 1210//392 1153//392 1069//392
f 928//350 1069//350 1153//350
f 928//350 1153//350 1152//350
f 979//391 1158//391 1159//391
f 979//391 1159//391 1131//391
f 1214//392 1215//392 1157//392
f 1214//392 1157//392 1153//392
f 1152//350 1153//350 1157//350
f 1152//350 1157//350 1156//350
f 1154//392 1158//392 1201//392
f 1154//392 1201//392 1200//392
f 937//392 1154//392 1200//392
f 937//392 1200//392 1169//392
f 978//392 1041//392 1189//392
f 978//392 1189//392 1171//392
f 1039//392 1003//392 1199//392
f 1039//392 1199//392 1181//392
f 1001//392 940//392 1160//392
f 1001//392 1160//392 1191//392
f 1158//392 979//392 1179//392
f 1158//392 1179//392 1201//392
f 1003//392 1013//392 1198//392
f 1003//392 1198//392 1199//392
f 1013//392 1012//392 1197//392
f 1013//392 1197//392 1198//392
f 1012//392 1010//392 1196//392
f 1012//392 1196//392 1197//392
f 1010//392 1009//392 1195//392
f 1010//392 1195//392 1196//392
f 1009//392 1008//392 1194//392
f 1009//392 1194//392 1195//392
f 1008//392 1007//392 1193//392
f 1008//392 1193//392 1194//392
f 1007//392 1006//392 1192//392
f 1007//392 1192//392 1193//392
f 1006//392 1005//392 1190//392
f 1006//392 1190//392 1192//392
f 1005//392 1001//392 1191//392
f 1005//392 1191//392 1190//392
f 1041//392 1053//392 1188//392
f 1041//392 1188//392 1189//392
f 1053//392 1052//392 1187//392
f 1053//392 1187//392 1188//392
f 1052//392 1051//392 1186//392
f 1052//392 1186//392 1187//392
f 1051//392 1050//392 1185//392
f 1051//392 1185//392 1186//392
f 1050//392 1048//392 1184//392
f 1050//392 1184//392 1185//392
f 1048//392 1046//392 1183//392
f 1048//392 1183//392 1184//392
f 1046//392 1045//392 1182//392
f 1046//392 1182//392 1183//392
f 1045//392 1043//392 1180//392
f 1045//392 1180//392 1182//392
f 1043//392 1039//392 1181//392
f 1043//392 1181//392 1180//392
f 979//392 993//392 1178//392
f 979//392 1178//392 1179//392
f 993//392 991//392 1177//392
f 993//392 1177//392 1178//392
f 991//392 989//392 1176//392
f 991//392 1176//392 1177//392
f 989//392 987//392 1175//392
f 989//392 1175//392 1176//392
f 987//392 984//392 1174//392
f 987//392 1174//392 1175//392
f 984//392 982//392 1173//392
f 984//392 1173//392 1174//392
f 982//392 981//392 1172//392
f 982//392 1172//392 1173//392
f 981//392 980//392 1170//392
f 981//392 1170//392 1172//392
f 980//392 978//392 1171//392
f 980//392 1171//392 1170//392
f 943//392 937//392 1169//392
f 943//392 1169//392 1168//392
f 946//392 943//392 1168//392
f 946//392 1168//392 1167//392
f 948//392 946//392 1167//392
f 948//392 1167//392 1166//392
f 951//392 948//392 1166//392
f 951//392 1166//392 1165//392
f 952//392 951//392 1165//392
f 952//392 1165//392 1164//392
f 953//392 952//392 1164//392
f 953//392 1164//392 1163//392
f 954//392 953//392 1163//392
f 954//392 1163//392 1162//392
f 955//392 954//392 1162//392
f 955//392 1162//392 1161//392
f 940//392 955//392 1161//392
f 940//392 1161//392 1160//392
f 1200//350 1201//350 1244//350
f 1200//350 1244//350 1245//350
f 1169//392 1200//392 1214//392
f 1169//392 1214//392 1210//392
f 1171//392 1189//392 1234//392
f 1171//392 1234//392 1211//392
f 1181//392 1199//392 1243//392
f 1181//392 1243//392 1212//392
f 1191//392 1160//392 1216//392
f 1191//392 1216//392 1213//392
f 1201//392 1179//392 1225//392
f 1201//392 1225//392 1215//392
f 1199//392 1198//392 1242//392
f 1199//392 1242//392 1243//392
f 1198//392 1197//392 1241//392
f 1198//392 1241//392 1242//392
f 1197//392 1196//392 1240//392
f 1197//392 1240//392 1241//392
f 1196//392 1195//392 1239//392
f 1196//392 1239//392 1240//392
f 1195//392 1194//392 1238//392
f 1195//392 1238//392 1239//392
f 1194//392 1193//392 1237//392
f 1194//392 1237//392 1238//392
f 1193//392 1192//392 1236//392
f 1193//392 1236//392 1237//392
f 1192//392 1190//392 1235//392
f 1192//392 1235//392 1236//392
f 1190//392 1191//392 1213//392
f 1190//392 1213//392 1235//392
f 1189//392 1188//392 1233//392
f 1189//392 1233//392 1234//392
f 1188//392 1187//392 1232//392
f 1188//392 1232//392 1233//392
f 1187//392 1186//392 1231//392
f 1187//392 1231//392 1232//392
f 1186//392 1185//392 1230//392
f 1186//392 1230//392 1231//392
f 1185//392 1184//392 1229//392
f 1185//392 1229//392 1230//392
f 1184//392 1183//392 1228//392
f 1184//392 1228//392 1229//392
f 1183//392 1182//392 1227//392
f 1183//392 1227//392 1228//392
f 1182//392 1180//392 1226//392
f 1182//392 1226//392 1227//392
f 1180//392 1181//392 1212//392
f 1180//392 1212//392 1226//392
f 1179//392 1178//392 1224//392
f 1179//392 1224//392 1225//392
f 1178//392 1177//392 1223//392
f 1178//392 1223//392 1224//392
f 1177//392 1176//392 1222//392
f 1177//392 1222//392 1223//392
f 1176//392 1175//392 1221//392
f 1176//392 1221//392 1222//392
f 1175//392 1174//392 1220//392
f 1175//392 1220//392 1221//392
f 1174//392 1173//392 1219//392
f 1174//392 1219//392 1220//392
f 1173//392 1172//392 1218//392
f 1173//392 1218//392 1219//392
f 1172//392 1170//392 1217//392
f 1172//392 1217//392 1218//392
f 1170//392 1171//392 1211//392
f 1170//392 1211//392 1217//392
f 1168//392 1169//392 1210//392
f 1168//392 1210//392 1209//392
f 1167//392 1168//392 1209//392
f 1167//392 1209//392 1208//392
f 1166//392 1167//392 1208//392
f 1166//392 1208//392 1207//392
f 1165//392 1166//392 1207//392
f 1165//392 1207//392 1206//392
f 1164//392 1165//392 1206//392
f 1164//392 1206//392 1205//392
f 1163//392 1164//392 1205//392
f 1163//392 1205//392 1204//392
f 1162//392 1163//392 1204//392
f 1162//392 1204//392 1203//392
f 1161//392 1162//392 1203//392
f 1161//392 1203//392 1202//392
f 1160//392 1161//392 1202//392
f 1160//392 1202//392 1216//392
f 1201//396 1215//396 1247//396
f 1201//396 1247//396 1244//396
f 1215//391 1214//391 1246//391
f 1215//391 1246//391 1247//391
f 1214//397 1200//397 1245//397
f 1214//397 1245//397 1246//397
f 1426//398 1427//398 1421//398
f 1421//347 1307//347 959//347
f 959//347 1317//347 1420//347
f 1420//347 1422//347 1423//347
f 1423//347 1424//347 1425//347
f 1425//347 1426//347 1421//347
f 1421//347 959//347 1420//347
f 1420//347 1423//347 1425//347
f 1421//347 1420//347 1425//347
f 975//390 973//390 971//390
f 971//390 966//390 961//390
f 961//390 985//390 992//390
f 992//390 990//390 988//390
f 988//390 986//390 983//390
f 983//390 1257//390 1256//390
f 1256//390 1248//390 1254//390
f 1254//390 964//390 975//390
f 975//390 971//390 961//390
f 961//390 992//390 988//390
f 988//390 983//390 1256//390
f 1256//390 1254//390 975//390
f 975//390 961//390 988//390
f 988//390 1256//390 975//390
f 1266//391 985//391 961//391
f 1266//391 961//391 1261//391
f 1459//348 1460//348 1454//348
f 1454//348 1335//348 1027//348
f 1027//348 1322//348 1453//348
f 1453//348 1455//348 1456//348
f 1456//399 1457//399 1458//399
f 1458//348 1459//348 1454//348
f 1454//348 1027//348 1453//348
f 1453//348 1456//348 1458//348
f 1454//348 1453//348 1458//348
f 1410//347 1411//347 1405//347
f 1405//347 1255//347 1011//347
f 1011//347 1283//347 1404//347
f 1404//347 1406//347 1407//347
f 1407//347 1408//347 1409//347
f 1409//347 1410//347 1405//347
f 1405//347 1011//347 1404//347
f 1404//347 1407//347 1409//347
f 1405//347 1404//347 1409//347
f 1028//390 1023//390 1017//390
f 1017//390 1016//390 1011//390
f 1011//390 1255//390 1252//390
f 1252//390 998//390 1004//390
f 1004//390 1002//390 1000//390
f 1000//390 999//390 997//390
f 997//390 1014//390 1028//390
f 1028//390 1017//390 1011//390
f 1011//390 1252//390 1004//390
f 1004//390 1000//390 997//390
f 997//390 1028//390 1011//390
f 1011//390 1004//390 997//390
f 1260//391 1014//391 997//391
f 1260//391 997//391 1259//391
f 1418//348 1419//348 1413//348
f 1413//348 1284//348 964//348
f 964//348 1254//348 1412//348
f 1412//399 1414//399 1415//399
f 1415//348 1416//348 1417//348
f 1417//348 1418//348 1413//348
f 1413//348 964//348 1412//348
f 1412//348 1415//348 1417//348
f 1413//348 1412//348 1417//348
f 1394//347 1395//347 1389//347
f 1389//347 1253//347 1057//347
f 1057//347 1281//347 1388//347
f 1388//347 1390//347 1391//347
f 1391//347 1392//347 1393//347
f 1393//347 1394//347 1389//347
f 1389//347 1057//347 1388//347
f 1388//347 1391//347 1393//347
f 1389//347 1388//347 1393//347
f 1049//390 1047//390 1044//390
f 1044//390 1042//390 1038//390
f 1038//390 1058//390 1066//390
f 1066//390 1064//390 1062//390
f 1062//390 1060//390 1057//390
f 1057//390 1253//390 1250//390
f 1250//390 1040//390 1049//390
f 1049//390 1044//390 1038//390
f 1038//390 1066//390 1062//390
f 1062//390 1057//390 1250//390
f 1250//390 1049//390 1038//390
f 1038//390 1062//390 1250//390
f 1258//391 1058//391 1038//391
f 1258//391 1038//391 1290//391
f 1402//348 1403//348 1397//348
f 1397//348 1282//348 998//348
f 998//348 1252//348 1396//348
f 1396//348 1398//348 1399//348
f 1399//348 1400//348 1401//348
f 1401//348 1402//348 1397//348
f 1397//348 998//348 1396//348
f 1396//348 1399//348 1401//348
f 1397//348 1396//348 1401//348
f 1378//347 1379//347 1373//347
f 1373//347 1251//347 1093//347
f 1093//347 1302//347 1372//347
f 1372//347 1374//347 1375//347
f 1375//347 1376//347 1377//347
f 1377//347 1378//347 1373//347
f 1373//347 1093//347 1372//347
f 1372//347 1375//347 1377//347
f 1373//347 1372//347 1377//347
f 1084//390 1082//390 1080//390
f 1080//390 1078//390 1074//390
f 1074//390 1095//390 1103//390
f 1103//390 1101//390 1099//390
f 1099//390 1097//390 1093//390
f 1093//390 1251//390 1249//390
f 1249//390 1077//390 1084//390
f 1084//390 1080//390 1074//390
f 1074//390 1103//390 1099//390
f 1099//390 1093//390 1249//390
f 1249//390 1084//390 1074//390
f 1074//390 1099//390 1249//390
f 1289//391 1095//391 1074//391
f 1289//391 1074//391 1288//391
f 1386//348 1387//348 1381//348
f 1381//348 1303//348 1040//348
f 1040//348 1250//348 1380//348
f 1380//348 1382//348 1383//348
f 1383//348 1384//348 1385//348
f 1385//348 1386//348 1381//348
f 1381//348 1040//348 1380//348
f 1380//348 1383//348 1385//348
f 1381//348 1380//348 1385//348
f 1280//400 975//400 964//400
f 1280//400 964//400 1284//400
f 1274//401 973//401 975//401
f 1274//401 975//401 1280//401
f 1270//375 971//375 973//375
f 1270//375 973//375 1274//375
f 1265//402 966//402 971//402
f 1265//402 971//402 1270//402
f 1261//403 961//403 966//403
f 1261//403 966//403 1265//403
f 1286//404 983//404 986//404
f 1286//404 986//404 1285//404
f 1285//405 986//405 988//405
f 1285//405 988//405 1287//405
f 1287//387 988//387 990//387
f 1287//387 990//387 1275//387
f 1275//406 990//406 992//406
f 1275//406 992//406 1276//406
f 1276//407 992//407 985//407
f 1276//407 985//407 1266//407
f 1278//400 1004//400 998//400
f 1278//400 998//400 1282//400
f 1272//401 1002//401 1004//401
f 1272//401 1004//401 1278//401
f 1268//375 1000//375 1002//375
f 1268//375 1002//375 1272//375
f 1263//402 999//402 1000//402
f 1263//402 1000//402 1268//402
f 1259//403 997//403 999//403
f 1259//403 999//403 1263//403
f 1283//404 1011//404 1016//404
f 1283//404 1016//404 1279//404
f 1279//405 1016//405 1017//405
f 1279//405 1017//405 1273//405
f 1273//387 1017//387 1023//387
f 1273//387 1023//387 1269//387
f 1269//406 1023//406 1028//406
f 1269//406 1028//406 1264//406
f 1264//407 1028//407 1014//407
f 1264//407 1014//407 1260//407
f 1300//400 1049//400 1040//400
f 1300//400 1040//400 1303//400
f 1298//401 1047//401 1049//401
f 1298//401 1049//401 1300//401
f 1293//375 1044//375 1047//375
f 1293//375 1047//375 1298//375
f 1291//402 1042//402 1044//402
f 1291//402 1044//402 1293//402
f 1290//403 1038//403 1042//403
f 1290//403 1042//403 1291//403
f 1281//404 1057//404 1060//404
f 1281//404 1060//404 1277//404
f 1277//405 1060//405 1062//405
f 1277//405 1062//405 1271//405
f 1271//387 1062//387 1064//387
f 1271//387 1064//387 1267//387
f 1267//406 1064//406 1066//406
f 1267//406 1066//406 1262//406
f 1262//407 1066//407 1058//407
f 1262//407 1058//407 1258//407
f 1301//400 1084//400 1077//400
f 1301//400 1077//400 1304//400
f 1305//401 1082//401 1084//401
f 1305//401 1084//401 1301//401
f 1295//375 1080//375 1082//375
f 1295//375 1082//375 1305//375
f 1296//402 1078//402 1080//402
f 1296//402 1080//402 1295//402
f 1288//403 1074//403 1078//403
f 1288//403 1078//403 1296//403
f 1302//404 1093//404 1097//404
f 1302//404 1097//404 1299//404
f 1299//405 1097//405 1099//405
f 1299//405 1099//405 1297//405
f 1297//387 1099//387 1101//387
f 1297//387 1101//387 1294//387
f 1294//406 1101//406 1103//406
f 1294//406 1103//406 1292//406
f 1292//407 1103//407 1095//407
f 1292//407 1095//407 1289//407
f 949//390 947//390 945//390
f 945//390 938//390 960//390
f 960//390 968//390 967//390
f 967//390 965//390 963//390
f 963//390 959//390 1307//390
f 1307//390 1306//390 1309//390
f 1309//390 1308//390 939//390
f 939//390 950//390 949//390
f 949//390 945//390 960//390
f 960//390 967//390 963//390
f 963//390 1307//390 1309//390
f 1309//390 939//390 949//390
f 949//390 960//390 963//390
f 963//390 1309//390 949//390
f 1312//391 960//391 938//391
f 1312//391 938//391 1310//391
f 1316//400 950//400 939//400
f 1316//400 939//400 1318//400
f 1321//401 949//401 950//401
f 1321//401 950//401 1316//401
f 1313//375 947//375 949//375
f 1313//375 949//375 1321//375
f 1311//402 945//402 947//402
f 1311//402 947//402 1313//402
f 1310//403 938//403 945//403
f 1310//403 945//403 1311//403
f 1317//404 959//404 963//404
f 1317//404 963//404 1319//404
f 1319//405 963//405 965//405
f 1319//405 965//405 1320//405
f 1320//387 965//387 967//387
f 1320//387 967//387 1314//387
f 1314//406 967//406 968//406
f 1314//406 968//406 1315//406
f 1315//407 968//407 960//407
f 1315//407 960//407 1312//407
f 1037//390 1035//390 1034//390
f 1034//390 1032//390 1019//390
f 1019//390 1329//390 1328//390
f 1328//390 1327//390 1326//390
f 1326//390 1325//390 1324//390
f 1324//390 1323//390 1322//390
f 1322//390 1027//390 1037//390
f 1037//390 1034//390 1019//390
f 1019//390 1328//390 1326//390
f 1326//390 1324//390 1322//390
f 1322//390 1037//390 1019//390
f 1019//390 1326//390 1322//390
f 1330//391 1329//391 1019//391
f 1330//391 1019//391 1331//391
f 1336//400 1037//400 1027//400
f 1336//400 1027//400 1335//400
f 1334//401 1035//401 1037//401
f 1334//401 1037//401 1336//401
f 1333//375 1034//375 1035//375
f 1333//375 1035//375 1334//375
f 1332//402 1032//402 1034//402
f 1332//402 1034//402 1333//402
f 1331//403 1019//403 1032//403
f 1331//403 1032//403 1332//403
f 941//348 942//348 1340//348
f 941//348 1340//348 1351//348
f 1359//348 1341//348 1025//348
f 1025//348 941//348 1351//348
f 1351//348 1352//348 1359//348
f 1359//348 1025//348 1351//348
f 1341//348 1359//348 1352//348
f 942//350 1338//350 1339//350
f 942//350 1339//350 1340//350
f 1353//390 1344//390 1338//390
f 1338//390 942//390 941//390
f 1338//390 941//390 1354//390
f 1355//390 1353//390 1338//390
f 1338//390 1354//390 1355//390
f 1358//390 941//390 1025//390
f 1025//390 1036//390 1033//390
f 1033//390 1031//390 1030//390
f 1030//390 1021//390 1337//390
f 1337//390 1344//390 1353//390
f 1337//408 1353//408 1356//408
f 1033//390 1030//390 1337//390
f 1358//390 1025//390 1033//390
f 1355//390 1354//390 1358//390
f 1337//390 1356//390 1357//390
f 1357//390 1355//390 1358//390
f 1358//390 1033//390 1337//390
f 1337//390 1357//390 1358//390
f 941//390 1358//390 1354//390
f 1353//390 1355//390 1357//390
f 1353//390 1357//390 1356//390
f 1348//348 1020//348 1025//348
f 1348//348 1025//348 1341//348
f 1029//390 1026//390 1024//390
f 1024//390 1022//390 1018//390
f 1018//390 1343//390 1337//390
f 1018//390 1337//390 1021//390
f 1029//390 1024//390 1018//390
f 1025//390 1020//390 1029//390
f 1036//390 1025//390 1029//390
f 1029//390 1018//390 1021//390
f 1029//390 1021//390 1030//390
f 1033//390 1036//390 1029//390
f 1029//390 1030//390 1031//390
f 1031//390 1033//390 1029//390
f 1342//391 1343//391 1018//391
f 1342//391 1018//391 1346//391
f 1347//409 1029//409 1020//409
f 1347//410 1020//410 1348//410
f 1349//411 1026//411 1029//411
f 1349//411 1029//411 1347//411
f 1350//412 1024//412 1026//412
f 1350//412 1026//412 1349//412
f 1345//413 1022//413 1024//413
f 1345//413 1024//413 1350//413
f 1346//414 1018//414 1022//414
f 1346//414 1022//414 1345//414
f 1360//397 930//397 929//397
f 1360//397 929//397 1361//397
f 929//350 934//350 1363//350
f 929//350 1363//350 1361//350
f 1362//391 944//391 930//391
f 1362//391 930//391 1360//391
f 1363//396 934//396 944//396
f 1363//396 944//396 1362//396
f 1404//415 1413//415 1419//415
f 1404//415 1419//415 1406//415
f 1406//416 1419//416 1418//416
f 1406//416 1418//416 1407//416
f 1407//417 1418//417 1417//417
f 1407//418 1417//418 1408//418
f 1408//419 1417//419 1416//419
f 1408//419 1416//419 1409//419
f 1409//420 1416//420 1415//420
f 1409//420 1415//420 1410//420
f 1410//421 1415//421 1414//421
f 1410//421 1414//421 1411//421
f 1411//422 1414//422 1412//422
f 1411//422 1412//422 1405//422
f 1364//422 1421//422 1427//422
f 1364//423 1427//423 1366//423
f 1366//421 1427//421 1426//421
f 1366//421 1426//421 1367//421
f 1367//424 1426//424 1425//424
f 1367//420 1425//420 1368//420
f 1368//419 1425//419 1424//419
f 1368//419 1424//419 1369//419
f 1369//418 1424//418 1423//418
f 1369//417 1423//417 1370//417
f 1370//416 1423//416 1422//416
f 1370//416 1422//416 1371//416
f 1371//415 1422//415 1420//415
f 1371//415 1420//415 1365//415
f 1372//415 1381//415 1387//415
f 1372//415 1387//415 1374//415
f 1374//416 1387//416 1386//416
f 1374//416 1386//416 1375//416
f 1375//418 1386//418 1385//418
f 1375//418 1385//418 1376//418
f 1376//419 1385//419 1384//419
f 1376//419 1384//419 1377//419
f 1377//420 1384//420 1383//420
f 1377//420 1383//420 1378//420
f 1378//421 1383//421 1382//421
f 1378//421 1382//421 1379//421
f 1379//422 1382//422 1380//422
f 1379//422 1380//422 1373//422
f 1388//415 1397//415 1403//415
f 1388//415 1403//415 1390//415
f 1390//416 1403//416 1402//416
f 1390//416 1402//416 1391//416
f 1391//418 1402//418 1401//418
f 1391//418 1401//418 1392//418
f 1392//419 1401//419 1400//419
f 1392//419 1400//419 1393//419
f 1393//420 1400//420 1399//420
f 1393//420 1399//420 1394//420
f 1394//421 1399//421 1398//421
f 1394//421 1398//421 1395//421
f 1395//422 1398//422 1396//422
f 1395//422 1396//422 1389//422
f 1430//395 1431//395 1428//395
f 1428//395 1109//395 1108//395
f 1108//395 994//395 1429//395
f 1429//395 1430//395 1428//395
f 1428//395 1108//395 1429//395
f 994//425 1433//425 1436//425
f 994//426 1436//426 1429//426
f 1429//427 1436//427 1435//427
f 1429//428 1435//428 1430//428
f 1430//429 1435//429 1434//429
f 1430//430 1434//430 1431//430
f 1431//431 1434//431 1432//431
f 1431//432 1432//432 1428//432
f 1257//393 1446//393 1438//393
f 1438//393 1088//393 1086//393
f 1086//393 1256//393 1257//393
f 1438//393 1086//393 1257//393
f 1438//433 1446//433 1452//433
f 1438//433 1452//433 1444//433
f 1444//434 1452//434 1451//434
f 1444//434 1451//434 1443//434
f 1443//435 1451//435 1450//435
f 1443//435 1450//435 1442//435
f 1442//436 1450//436 1449//436
f 1442//436 1449//436 1441//436
f 1441//437 1449//437 1448//437
f 1441//437 1448//437 1440//437
f 1440//438 1448//438 1447//438
f 1440//438 1447//438 1439//438
f 1439//439 1447//439 1445//439
f 1439//439 1445//439 1437//439
f 1437//440 1454//440 1460//440
f 1437//440 1460//440 1439//440
f 1439//441 1460//441 1459//441
f 1439//441 1459//441 1440//441
f 1440//442 1459//442 1458//442
f 1440//443 1458//443 1441//443
f 1441//444 1458//444 1457//444
f 1441//444 1457//444 1442//444
f 1442//445 1457//445 1456//445
f 1442//445 1456//445 1443//445
f 1443//446 1456//446 1455//446
f 1443//447 1455//447 1444//447
f 1444//448 1455//448 1453//448
f 1444//448 1453//448 1438//448
f 1868//390 1867//390 1869//390
f 1868//390 1869//390 1872//390
f 1866//390 1873//390 1865//390
f 957//390 1871//390 1866//390
f 976//390 977//390 957//390
f 972//390 974//390 976//390
f 969//390 970//390 972//390
f 958//390 962//390 969//390
f 1156//390 956//390 958//390
f 1363//390 1362//390 1156//390
f 1863//390 1862//390 1363//390
f 1864//390 1863//390 1363//390
f 1363//390 1156//390 958//390
f 958//390 969//390 972//390
f 972//390 976//390 957//390
f 957//390 1866//390 1865//390
f 1865//390 1864//390 1363//390
f 1363//390 958//390 972//390
f 972//390 957//390 1865//390
f 1865//390 1363//390 972//390
f 1641//390 1639//390 1638//390
f 1638//390 1640//390 1658//390
f 1658//390 1631//390 1632//390
f 1632//390 1634//390 1629//390
f 1629//390 1636//390 1625//390
f 1625//390 1627//390 1623//390
f 1623//390 1608//390 1605//390
f 1623//449 1605//449 1606//449
f 1629//390 1625//390 1623//390
f 1658//390 1632//390 1629//390
f 1641//390 1638//390 1658//390
f 1633//390 1664//390 1641//390
f 1630//390 1635//390 1633//390
f 1626//390 1637//390 1630//390
f 1624//390 1628//390 1626//390
f 1597//390 1609//390 1624//390
f 1595//390 1594//390 1596//390
f 1597//390 1624//390 1626//390
f 1626//390 1630//390 1633//390
f 1633//390 1641//390 1658//390
f 1658//390 1629//390 1623//390
f 1658//390 1623//390 1606//390
f 1626//390 1633//390 1658//390
f 1643//390 1595//390 1596//390
f 1615//390 1599//390 1655//390
f 1587//390 1615//390 1655//390
f 1581//390 1591//390 1587//390
f 1564//390 1584//390 1581//390
f 1556//390 1553//390 1564//390
f 1550//390 1548//390 1556//390
f 1540//390 1561//390 1550//390
f 1546//390 1560//390 1540//390
f 1555//390 1549//390 1546//390
f 1568//390 1552//390 1555//390
f 1583//390 1580//390 1568//390
f 1586//390 1589//390 1583//390
f 1654//390 1590//390 1586//390
f 1479//390 1478//390 1485//390
f 1654//390 1586//390 1583//390
f 1481//390 1479//390 1485//390
f 1654//390 1583//390 1568//390
f 1483//390 1481//390 1485//390
f 1654//390 1568//390 1555//390
f 1482//390 1483//390 1485//390
f 1654//390 1555//390 1546//390
f 1486//390 1482//390 1485//390
f 1654//390 1546//390 1540//390
f 1484//390 1486//390 1485//390
f 1654//390 1540//390 1550//390
f 1860//390 1484//390 1485//390
f 1654//390 1550//390 1556//390
f 1857//390 1860//390 1485//390
f 1654//390 1556//390 1564//390
f 1859//390 1857//390 1485//390
f 1654//390 1564//390 1581//390
f 1858//390 1859//390 1485//390
f 1654//390 1581//390 1587//390
f 1850//390 1858//390 1485//390
f 1654//390 1587//390 1655//390
f 1849//390 1850//390 1485//390
f 1847//390 1849//390 1485//390
f 1845//390 1847//390 1485//390
f 1845//390 1485//390 1654//390
f 1843//390 1845//390 1654//390
f 1843//390 1654//390 1655//390
f 1843//390 1655//390 1643//390
f 1597//390 1626//390 1658//390
f 1597//390 1658//390 1606//390
f 1846//390 1842//390 1848//390
f 1777//390 1779//390 1795//390
f 1846//390 1848//390 1844//390
f 1810//390 1777//390 1795//390
f 1795//390 1846//390 1844//390
f 1795//390 1844//390 1843//390
f 1796//390 1810//390 1795//390
f 1794//390 1796//390 1795//390
f 1805//390 1794//390 1795//390
f 1806//390 1805//390 1795//390
f 1806//390 1795//390 1843//390
f 1799//390 1806//390 1843//390
f 1797//390 1799//390 1843//390
f 1797//390 1843//390 1643//390
f 1596//390 1597//390 1606//390
f 1596//390 1606//390 1611//390
f 1643//390 1596//390 1611//390
f 1643//390 1611//390 1612//390
f 1643//390 1612//390 1613//390
f 1643//390 1613//390 1661//390
f 1643//390 1661//390 1662//390
f 1643//390 1662//390 1663//390
f 1643//390 1663//390 1656//390
f 1643//390 1656//390 1657//390
f 1643//390 1657//390 1642//390
f 1643//390 1642//390 1650//390
f 1797//390 1643//390 1650//390
f 1797//390 1650//390 1649//390
f 1797//390 1649//390 1647//390
f 1797//390 1647//390 1646//390
f 1620//390 1576//390 1524//390
f 1524//390 1525//390 1645//390
f 1652//390 1526//390 1527//390
f 1620//390 1524//390 1645//390
f 1621//390 1620//390 1645//390
f 1603//390 1621//390 1645//390
f 1598//390 1603//390 1645//390
f 1614//390 1598//390 1645//390
f 1607//390 1614//390 1645//390
f 1610//390 1607//390 1645//390
f 1667//390 1610//390 1645//390
f 1666//390 1667//390 1645//390
f 1665//390 1666//390 1645//390
f 1660//390 1665//390 1645//390
f 1659//390 1660//390 1645//390
f 1644//390 1659//390 1645//390
f 1644//390 1645//390 1652//390
f 1651//390 1644//390 1652//390
f 1527//390 1567//390 1577//390
f 1527//390 1577//390 1622//390
f 1648//390 1651//390 1652//390
f 1652//390 1527//390 1622//390
f 1652//390 1622//390 1604//390
f 1646//390 1648//390 1652//390
f 1652//390 1604//390 1653//390
f 1684//390 1593//390 1588//390
f 1646//390 1652//390 1653//390
f 1684//390 1588//390 1592//390
f 1646//390 1653//390 1684//390
f 1684//390 1592//390 1582//390
f 1582//390 1585//390 1579//390
f 1579//390 1554//390 1559//390
f 1559//390 1551//390 1547//390
f 1547//390 1675//390 1672//390
f 1672//390 1676//390 1674//390
f 1674//390 1673//390 1688//390
f 1688//390 1679//390 1678//390
f 1678//390 1682//390 1681//390
f 1681//390 1680//390 1687//390
f 1687//390 1683//390 1686//390
f 1687//390 1686//390 1685//390
f 1678//390 1681//390 1687//390
f 1674//390 1688//390 1678//390
f 1547//390 1672//390 1674//390
f 1579//390 1559//390 1547//390
f 1684//390 1582//390 1579//390
f 1684//390 1579//390 1547//390
f 1547//390 1674//390 1678//390
f 1678//390 1687//390 1685//390
f 1547//390 1678//390 1685//390
f 1684//390 1547//390 1685//390
f 1646//390 1684//390 1685//390
f 1646//390 1685//390 1691//390
f 1689//390 1690//390 1363//390
f 1689//390 1363//390 1862//390
f 1689//390 1862//390 1867//390
f 1691//390 1689//390 1867//390
f 1691//390 1867//390 1868//390
f 1691//390 1868//390 1861//390
f 1877//390 1872//390 1869//390
f 1646//390 1691//390 1861//390
f 1646//390 1861//390 1877//390
f 1869//390 1863//390 1864//390
f 1869//390 1864//390 1878//390
f 1877//390 1869//390 1878//390
f 1876//390 1870//390 1875//390
f 1646//390 1877//390 1878//390
f 1646//390 1878//390 1876//390
f 1646//390 1876//390 1875//390
f 1874//390 1871//390 957//390
f 1646//390 1875//390 1874//390
f 957//390 1342//390 1346//390
f 957//390 1346//390 1345//390
f 957//390 1345//390 1350//390
f 957//390 1350//390 1349//390
f 957//390 1349//390 1347//390
f 957//390 1347//390 1348//390
f 1340//390 1339//390 1015//390
f 1015//390 1330//390 1331//390
f 1015//390 1331//390 1332//390
f 1340//390 1015//390 1332//390
f 1340//390 1332//390 1333//390
f 1340//390 1333//390 1334//390
f 1340//390 1334//390 1336//390
f 1340//390 1336//390 1335//390
f 1335//390 1454//390 1437//390
f 1437//390 1445//390 1286//390
f 1335//390 1437//390 1286//390
f 1340//390 1335//390 1286//390
f 1351//390 1340//390 1286//390
f 1352//390 1351//390 1286//390
f 1341//390 1352//390 1286//390
f 1348//390 1341//390 1286//390
f 957//390 1348//390 1286//390
f 957//390 1286//390 1285//390
f 957//390 1285//390 1287//390
f 1874//390 957//390 1287//390
f 1874//390 1287//390 1275//390
f 1646//390 1874//390 1275//390
f 1646//390 1275//390 1276//390
f 1797//390 1646//390 1276//390
f 1797//390 1276//390 1266//390
f 1798//390 1797//390 1266//390
f 1798//390 1266//390 1261//390
f 1801//390 1798//390 1261//390
f 1801//390 1261//390 1265//390
f 1800//390 1801//390 1265//390
f 1800//390 1265//390 1270//390
f 1803//390 1800//390 1270//390
f 1803//390 1270//390 1274//390
f 1802//390 1803//390 1274//390
f 1802//390 1274//390 1280//390
f 1807//390 1802//390 1280//390
f 1284//390 1413//390 1404//390
f 1807//390 1280//390 1284//390
f 1774//390 1807//390 1284//390
f 1284//390 1404//390 1283//390
f 1284//390 1283//390 1279//390
f 1284//390 1279//390 1273//390
f 1284//390 1273//390 1269//390
f 1774//390 1284//390 1269//390
f 1774//390 1269//390 1264//390
f 1774//390 1264//390 1260//390
f 1774//390 1260//390 1259//390
f 1773//390 1774//390 1259//390
f 1773//390 1259//390 1263//390
f 1773//390 1263//390 1268//390
f 1773//390 1268//390 1272//390
f 1773//390 1272//390 1278//390
f 1282//390 1397//390 1388//390
f 1773//390 1278//390 1282//390
f 1282//390 1388//390 1281//390
f 1282//390 1281//390 1277//390
f 1282//390 1277//390 1271//390
f 1282//390 1271//390 1267//390
f 1773//390 1282//390 1267//390
f 1773//390 1267//390 1262//390
f 1773//390 1262//390 1258//390
f 1773//390 1258//390 1290//390
f 1767//390 1773//390 1290//390
f 1767//390 1290//390 1291//390
f 1767//390 1291//390 1293//390
f 1767//390 1293//390 1298//390
f 1767//390 1298//390 1300//390
f 1303//390 1381//390 1372//390
f 1767//390 1300//390 1303//390
f 1303//390 1372//390 1302//390
f 1303//390 1302//390 1299//390
f 1767//390 1303//390 1299//390
f 1767//450 1299//450 1297//450
f 1778//451 1767//451 1297//451
f 1778//390 1297//390 1294//390
f 1778//390 1294//390 1292//390
f 1778//390 1292//390 1289//390
f 1778//390 1289//390 1288//390
f 1778//390 1288//390 1296//390
f 1761//390 1778//390 1296//390
f 1761//390 1296//390 1295//390
f 1761//390 1295//390 1305//390
f 1761//390 1305//390 1301//390
f 1761//390 1301//390 1304//390
f 1304//390 1365//390 1420//390
f 1304//390 1420//390 1317//390
f 1761//390 1304//390 1317//390
f 1761//390 1317//390 1319//390
f 1761//390 1319//390 1320//390
f 1761//390 1320//390 1314//390
f 1761//390 1314//390 1315//390
f 1761//390 1315//390 1312//390
f 1761//390 1312//390 1310//390
f 1761//390 1310//390 1311//390
f 1762//390 1761//390 1311//390
f 1762//390 1311//390 1313//390
f 1764//390 1762//390 1313//390
f 1764//390 1313//390 1321//390
f 1764//390 1321//390 1316//390
f 1318//390 1433//390 994//390
f 1318//390 994//390 995//390
f 995//390 996//390 1471//390
f 1471//390 1466//390 931//390
f 931//390 932//390 933//390
f 933//390 935//390 936//390
f 936//390 928//390 1152//390
f 1152//452 1360//452 1361//452
f 1361//390 1693//390 1692//390
f 1692//390 1752//390 1755//390
f 1692//390 1755//390 1754//390
f 1152//390 1361//390 1692//390
f 933//390 936//390 1152//390
f 1471//390 931//390 933//390
f 1318//390 995//390 1471//390
f 1318//390 1471//390 933//390
f 933//390 1152//390 1692//390
f 1692//390 1754//390 1757//390
f 1692//390 1757//390 1738//390
f 1316//390 1318//390 933//390
f 1764//390 1316//390 933//390
f 1692//390 1738//390 1745//390
f 1692//390 1745//390 1749//390
f 1753//390 1764//390 933//390
f 1756//390 1753//390 933//390
f 1692//390 1749//390 1720//390
f 1692//390 1720//390 1719//390
f 1751//390 1756//390 933//390
f 1742//390 1751//390 933//390
f 933//390 1692//390 1719//390
f 933//390 1719//390 1701//390
f 1715//390 1742//390 933//390
f 1716//390 1715//390 933//390
f 933//390 1701//390 1698//390
f 933//390 1698//390 1697//390
f 1699//390 1716//390 933//390
f 1700//390 1699//390 933//390
f 933//390 1697//390 1696//390
f 933//390 1696//390 1695//390
f 1694//390 1700//390 933//390
f 933//390 1695//390 1694//390
f 1488//390 1490//390 1491//390
f 1491//390 1524//390 1576//390
f 1491//390 1576//390 1575//390
f 1491//390 1575//390 1574//390
f 1491//390 1574//390 1523//390
f 1488//390 1491//390 1523//390
f 1488//390 1523//390 1522//390
f 1493//390 1492//390 1489//390
f 1488//390 1522//390 1521//390
f 1488//390 1521//390 1503//390
f 1488//390 1503//390 1496//390
f 1488//390 1496//390 1495//390
f 1488//390 1495//390 1494//390
f 1488//390 1494//390 1502//390
f 1567//390 1527//390 1493//390
f 1578//390 1567//390 1493//390
f 1528//390 1578//390 1493//390
f 1529//390 1528//390 1493//390
f 1529//390 1493//390 1489//390
f 1530//390 1529//390 1489//390
f 1531//390 1530//390 1489//390
f 1504//390 1531//390 1489//390
f 1505//390 1504//390 1489//390
f 1506//390 1505//390 1489//390
f 1507//390 1506//390 1489//390
f 1532//390 1507//390 1489//390
f 1669//390 1677//390 1670//390
f 1363//390 1690//390 1669//390
f 1693//390 1361//390 1363//390
f 1702//390 1721//390 1693//390
f 1703//390 1702//390 1693//390
f 1363//390 1669//390 1670//390
f 1363//390 1670//390 1671//390
f 1703//390 1693//390 1363//390
f 1704//390 1703//390 1363//390
f 1363//390 1671//390 1668//390
f 1363//390 1668//390 1532//390
f 1705//390 1704//390 1363//390
f 1812//390 1705//390 1363//390
f 1363//390 1532//390 1489//390
f 1363//390 1489//390 1488//390
f 1813//390 1812//390 1363//390
f 1814//390 1813//390 1363//390
f 1363//390 1488//390 1502//390
f 1363//390 1502//390 1511//390
f 1815//390 1814//390 1363//390
f 1816//390 1815//390 1363//390
f 1363//390 1511//390 1516//390
f 1820//390 1816//390 1363//390
f 1855//390 1820//390 1363//390
f 1478//390 1479//390 1480//390
f 1477//390 1478//390 1480//390
f 1477//390 1480//390 1476//390
f 1474//390 1477//390 1476//390
f 1474//390 1476//390 1856//390
f 1475//390 1474//390 1856//390
f 1600//390 1594//390 1595//390
f 1600//390 1595//390 1510//390
f 1616//390 1600//390 1510//390
f 1509//390 1563//390 1562//390
f 1569//390 1616//390 1510//390
f 1509//390 1562//390 1514//390
f 1570//390 1569//390 1510//390
f 1509//390 1514//390 1508//390
f 1571//390 1570//390 1510//390
f 1510//390 1509//390 1508//390
f 1510//390 1508//390 1501//390
f 1515//390 1571//390 1510//390
f 1516//390 1515//390 1510//390
f 1510//390 1501//390 1500//390
f 1510//390 1500//390 1499//390
f 1363//390 1516//390 1510//390
f 1475//390 1856//390 1855//390
f 1473//390 1475//390 1855//390
f 1363//390 1510//390 1499//390
f 1363//390 1499//390 1498//390
f 1487//390 1473//390 1855//390
f 1517//390 1487//390 1855//390
f 1363//390 1498//390 1497//390
f 1363//390 1497//390 1519//390
f 1518//390 1517//390 1855//390
f 1855//390 1363//390 1519//390
f 1519//390 1518//390 1855//390
f 1755//390 1752//390 1795//390
f 1795//390 1779//390 1780//390
f 1795//390 1780//390 1781//390
f 1760//390 1755//390 1795//390
f 1795//390 1781//390 1763//390
f 1795//390 1763//390 1760//390
f 1572//390 1513//390 1512//390
f 1512//390 1520//390 1535//390
f 1535//390 1533//390 1539//390
f 1539//390 1536//390 1545//390
f 1545//390 1543//390 1566//390
f 1566//390 1558//390 1573//390
f 1573//390 1619//390 1602//390
f 1602//390 1601//390 1617//390
f 1617//390 1618//390 1557//390
f 1557//390 1565//390 1541//390
f 1541//390 1542//390 1544//390
f 1544//390 1537//390 1538//390
f 1538//390 1534//390 1572//390
f 1572//390 1512//390 1535//390
f 1535//390 1539//390 1545//390
f 1545//390 1566//390 1573//390
f 1573//390 1602//390 1617//390
f 1617//390 1557//390 1541//390
f 1541//390 1544//390 1538//390
f 1538//390 1572//390 1535//390
f 1535//390 1545//390 1573//390
f 1573//390 1617//390 1541//390
f 1541//390 1538//390 1535//390
f 1535//390 1573//390 1541//390
f 1707//390 1706//390 1708//390
f 1708//390 1714//390 1710//390
f 1710//390 1712//390 1718//390
f 1718//390 1725//390 1731//390
f 1731//390 1748//390 1744//390
f 1744//450 1740//450 1737//450
f 1737//390 1765//390 1776//390
f 1776//453 1772//453 1811//453
f 1811//390 1782//390 1784//390
f 1784//390 1791//390 1786//390
f 1786//390 1789//390 1809//390
f 1809//390 1793//390 1792//390
f 1792//390 1804//390 1787//390
f 1787//390 1788//390 1785//390
f 1785//390 1790//390 1783//390
f 1783//390 1808//390 1770//390
f 1770//450 1771//450 1775//450
f 1775//390 1766//390 1736//390
f 1736//453 1739//453 1743//453
f 1743//390 1747//390 1730//390
f 1730//390 1722//390 1717//390
f 1717//390 1711//390 1709//390
f 1709//390 1713//390 1707//390
f 1707//390 1708//390 1710//390
f 1710//390 1718//390 1731//390
f 1731//390 1744//390 1737//390
f 1737//390 1776//390 1811//390
f 1811//390 1784//390 1786//390
f 1786//390 1809//390 1792//390
f 1792//390 1787//390 1785//390
f 1785//390 1783//390 1770//390
f 1770//390 1775//390 1736//390
f 1736//390 1743//390 1730//390
f 1730//390 1717//390 1709//390
f 1709//390 1707//390 1710//390
f 1710//390 1731//390 1737//390
f 1737//390 1811//390 1786//390
f 1786//390 1792//390 1785//390
f 1785//390 1770//390 1736//390
f 1736//390 1730//390 1709//390
f 1709//390 1710//390 1737//390
f 1737//390 1786//390 1785//390
f 1785//390 1736//390 1709//390
f 1737//390 1785//390 1709//390
f 1723//390 1724//390 1733//390
f 1733//390 1729//390 1727//390
f 1727//390 1819//390 1818//390
f 1818//390 1817//390 1830//390
f 1830//453 1822//453 1821//453
f 1821//390 1829//390 1823//390
f 1823//390 1828//390 1825//390
f 1825//390 1827//390 1854//390
f 1854//390 1832//390 1834//390
f 1834//390 1840//390 1836//390
f 1836//390 1838//390 1852//390
f 1852//390 1841//390 1851//390
f 1851//390 1837//390 1835//390
f 1835//390 1839//390 1833//390
f 1833//390 1831//390 1853//390
f 1853//390 1826//390 1824//390
f 1824//390 1768//390 1769//390
f 1769//390 1759//390 1758//390
f 1758//390 1741//390 1735//390
f 1735//390 1746//390 1734//390
f 1734//390 1750//390 1726//390
f 1726//390 1728//390 1732//390
f 1732//390 1723//390 1733//390
f 1733//390 1727//390 1818//390
f 1818//390 1830//390 1821//390
f 1821//390 1823//390 1825//390
f 1825//390 1854//390 1834//390
f 1834//390 1836//390 1852//390
f 1852//390 1851//390 1835//390
f 1835//390 1833//390 1853//390
f 1853//390 1824//390 1769//390
f 1769//390 1758//390 1735//390
f 1735//390 1734//390 1726//390
f 1726//390 1732//390 1733//390
f 1733//390 1818//390 1821//390
f 1821//390 1825//390 1834//390
f 1834//390 1852//390 1835//390
f 1835//390 1853//390 1769//390
f 1769//390 1735//390 1726//390
f 1726//390 1733//390 1821//390
f 1821//390 1834//390 1835//390
f 1835//390 1769//390 1726//390
f 1821//390 1835//390 1726//390
f 1471//347 1472//347 1467//347
f 1471//347 1467//347 1466//347
f 1467//390 1472//390 1470//390
f 1470//390 1469//390 1468//390
f 1468//390 1461//390 1462//390
f 1462//390 1463//390 1464//390
f 1464//390 1465//390 1467//390
f 1467//390 1470//390 1468//390
f 1468//390 1462//390 1464//390
f 1468//390 1464//390 1467//390
o shell_Object_13
v -0.176198 0.853736 -0.076671
v -0.176248 0.864912 -0.076671
v 0.176202 0.853736 -0.076671
v 0.176290 0.864912 -0.076671
v 0.176202 0.853736 0.076115
v -0.176198 0.853736 0.076115
v -0.176248 0.864912 0.076115
v 0.176290 0.864912 0.076115
vn -0.0000 -0.0000 1.0000
vn -0.0000 -0.0000 -1.0000
s 0
usemtl suite_shell
f 1883//454 1886//454 1885//454
f 1884//454 1883//454 1885//454
f 1879//455 1880//455 1882//455
f 1879//455 1882//455 1881//455
